booking_attempt,carrier_booking_reference,id,carrier_code,carrier_name,container_types,_etl_created_at,has_dangerous_goods,has_non_reefer_container,has_reefer_container,integration_method,is_deleted,is_spot_booking,_etl_publish_time,shipment_id,source,state,_etl_updated_at
1,CREF-037030,CB-000081,BLUX,Blue Line Shipping,[45G0],2026-07-22 02:15:38.027000 UTC,FALSE,TRUE,FALSE,api,FALSE,FALSE,2026-08-21 12:53:18.425000 UTC,SHP-167719,transport-order,CarrierCancelled,2026-07-22 05:08:35.846000 UTC
1,CREF-072206,CB-000987,BLUX,Blue Line Shipping,[22G0],2026-08-12 13:13:17.691000 UTC,FALSE,TRUE,FALSE,api,FALSE,FALSE,2026-08-26 14:18:49.155000 UTC,SHP-162337,transport-order,CarrierConfirmed,2026-08-26 14:18:45.465000 UTC
1,CREF-151690,CB-000338,NSTR,Northstar Container Lines,[45G0],2026-08-20 06:55:30.880000 UTC,FALSE,TRUE,FALSE,edi,FALSE,FALSE,2026-09-18 13:09:40.146000 UTC,SHP-150152,,CarrierCancelled,2026-09-18 13:09:39.652000 UTC
1,CREF-041780,CB-000994,BLUX,Blue Line Shipping,[],2026-09-07 08:51:35.708000 UTC,FALSE,FALSE,FALSE,,FALSE,FALSE,2026-09-09 12:30:55.654000 UTC,SHP-036116,partner-booking,CarrierConfirmed,2026-09-09 12:30:54.892000 UTC
1,CREF-135868,CB-000806,blux,Blue Line Shipping,[],2026-08-11 05:14:59.995000 UTC,FALSE,FALSE,FALSE,,FALSE,FALSE,2026-08-25 02:58:00.490000 UTC,SHP-177508,partner-booking,CarrierCancelled,2026-08-25 02:57:59.523000 UTC
1,CREF-113333,CB-000747,BLUX,Blue Line Shipping,[],2026-09-09 07:31:29.498000 UTC,FALSE,FALSE,FALSE,,FALSE,FALSE,2026-09-15 03:47:15.720000 UTC,SHP-184295,partner-booking,CarrierConfirmed,2026-09-15 03:47:14.832000 UTC
1,CREF-064371,CB-000205,NSTR,Northstar Container Lines,[],2026-08-04 03:34:52.794000 UTC,FALSE,FALSE,FALSE,,FALSE,FALSE,2026-08-21 12:53:22.708000 UTC,SHP-177014,partner-booking,CarrierConfirmed,2026-08-04 03:34:52.794000 UTC
1,CREF-124881,CB-000535,NSTR,Northstar Container Lines,[45G0],2026-08-14 04:29:30.839000 UTC,FALSE,TRUE,FALSE,edi,FALSE,FALSE,2026-09-17 23:12:16.018000 UTC,SHP-203635,transport-order,CarrierConfirmed,2026-09-17 23:12:15.611000 UTC
2,CREF-090479,CB-000614,blux,Blue Line Shipping,[],2026-08-13 01:56:58.884000 UTC,FALSE,FALSE,FALSE,,FALSE,FALSE,2026-08-26 01:49:17.343000 UTC,SHP-145981,partner-booking,CarrierConfirmed,2026-08-26 01:49:17.018000 UTC
1,CREF-030764,CB-000357,BLUX,Blue Line Shipping,[],2026-08-17 08:42:02.711000 UTC,FALSE,FALSE,FALSE,,FALSE,FALSE,2026-08-28 04:18:38.697000 UTC,SHP-044949,partner-booking,CarrierConfirmed,2026-08-28 04:18:38.316000 UTC
1,CREF-009360,CB-000527,Blux,Blue Line Shipping,[22G0],2026-08-25 08:23:11.503000 UTC,FALSE,TRUE,FALSE,api,FALSE,FALSE,2026-08-31 09:42:57.708000 UTC,SHP-192385,transport-order,CARRIER_CANCELLED,2026-08-31 09:42:57.178000 UTC
1,CREF-145224,CB-000453,BLUX,Blue Line Shipping,[45G0],2026-07-30 07:59:30.198000 UTC,FALSE,TRUE,FALSE,api,FALSE,FALSE,2026-08-21 12:53:21.268000 UTC,SHP-159270,transport-order,CarrierConfirmed,2026-08-11 12:38:48.175000 UTC
1,,CB-000972,BLUX,Blue Line Shipping,[],2026-08-21 13:33:20.566000 UTC,FALSE,FALSE,FALSE,,FALSE,FALSE,2026-09-12 19:58:47.770000 UTC,SHP-108619,partner-booking,Pending,2026-08-28 23:41:20.566000 UTC
1,CREF-087471,CB-000309,BLUX,Blue Line Shipping,[],2026-07-28 02:50:16.490000 UTC,FALSE,FALSE,FALSE,,FALSE,FALSE,2026-08-21 12:53:20.050000 UTC,SHP-027816,partner-booking,CarrierConfirmed,2026-07-28 02:50:16.490000 UTC
1,CREF-029693,CB-000177,BLUX,Blue Line Shipping,[],2026-08-11 02:52:49.661000 UTC,FALSE,FALSE,FALSE,,FALSE,FALSE,2026-08-27 03:09:31.306000 UTC,SHP-178539,partner-booking,CarrierCancelled,2026-08-27 03:09:30.367000 UTC
1,CREF-149809,CB-000826,BLUX,Blue Line Shipping,[45G0],2026-01-14 09:50:39.321000 UTC,FALSE,TRUE,FALSE,api,FALSE,FALSE,2026-08-04 18:03:52.342000 UTC,,,CarrierConfirmed,2026-01-14 11:05:47.387000 UTC
1,CREF-151222,CB-000185,Blux,Blue Line Shipping,[22G0],2026-09-08 02:46:12.309000 UTC,FALSE,TRUE,FALSE,api,FALSE,FALSE,2026-09-08 02:59:57.204000 UTC,SHP-199539,transport-order,CarrierConfirmed,2026-09-08 02:59:56.253000 UTC
1,CREF-080062,CB-000746,BLUX,Blue Line Shipping,[42G0],2026-06-26 08:50:36.105000 UTC,FALSE,TRUE,FALSE,api,FALSE,FALSE,2026-08-21 12:53:16.752000 UTC,SHP-042640,transport-order,CarrierConfirmed,2026-07-02 14:26:30.226000 UTC
2,CREF-119728,CB-000984,BLUX,Blue Line Shipping,[45G0],2026-09-07 02:22:17.469000 UTC,FALSE,TRUE,FALSE,api,FALSE,FALSE,2026-09-07 04:34:13.674000 UTC,SHP-179266,transport-order,carrier_confirmed,2026-09-07 03:06:17.469000 UTC
1,CREF-152911,CB-000155,BLUX,Blue Line Shipping,[],2026-07-30 03:54:14.620000 UTC,FALSE,FALSE,FALSE,,FALSE,FALSE,2026-08-21 12:53:21.056000 UTC,SHP-083171,partner-booking,CarrierConfirmed,2026-08-18 05:49:10.658000 UTC
1,CREF-092484,CB-000967,BLUX,Blue Line Shipping,[],2026-09-04 06:09:13.937000 UTC,FALSE,FALSE,FALSE,,FALSE,FALSE,2026-09-04 06:09:14.423000 UTC,SHP-213172,partner-booking,carrierconfirmed,2026-09-04 06:09:13.937000 UTC
1,CREF-012299,CB-000259,BLUX,Blue Line Shipping,[45G0],2026-07-22 07:19:37.716000 UTC,FALSE,TRUE,FALSE,api,FALSE,FALSE,2026-08-21 12:53:18.697000 UTC,SHP-080900,flash,CarrierConfirmed,2026-07-24 00:08:37.716000 UTC
1,CREF-154751,CB-000196,BLUX,Blue Line Shipping,[22G0],2026-02-25 11:20:12.066000 UTC,FALSE,TRUE,FALSE,api,FALSE,FALSE,2026-08-04 18:03:57.339000 UTC,,,CarrierConfirmed,2026-02-25 12:53:10.850000 UTC
1,CREF-048576,CB-000883,nstr,Northstar Container Lines,[],2026-07-29 07:41:17.511000 UTC,FALSE,FALSE,FALSE,,FALSE,FALSE,2026-08-21 12:53:20.589000 UTC,SHP-025917,partner-booking,CarrierConfirmed,2026-07-29 07:41:17.511000 UTC
1,CREF-069154,CB-000307,BLUX,Blue Line Shipping,[],2026-08-12 09:26:43.995000 UTC,FALSE,FALSE,FALSE,,FALSE,FALSE,2026-08-27 08:58:44.069000 UTC,SHP-069341,partner-booking,CarrierConfirmed,2026-08-27 08:58:43.708000 UTC
1,CREF-154615,CB-000244,BLUX,Blue Line Shipping,[45G0],2026-08-11 05:50:48.098000 UTC,FALSE,TRUE,FALSE,api,FALSE,FALSE,2026-09-01 12:16:44.844000 UTC,SHP-085154,transport-order,carrierconfirmed,2026-09-01 12:16:43.516000 UTC
1,CREF-142061,CB-000616,BLUX,Blue Line Shipping,[42G0],2026-06-25 13:25:34.780000 UTC,FALSE,TRUE,FALSE,api,FALSE,FALSE,2026-08-21 12:53:16.706000 UTC,SHP-112590,flash,CarrierConfirmed,2026-06-25 20:17:34.780000 UTC
1,CREF-005360,CB-000115,BLUX,Blue Line Shipping,[],2026-09-17 15:31:10.619000 UTC,FALSE,FALSE,FALSE,,FALSE,FALSE,2026-09-17 15:31:10.944000 UTC,SHP-181917,partner-booking,CARRIER_CONFIRMED,2026-09-17 15:31:10.619000 UTC
1,,CB-000255,BLUX,Blue Line Shipping,[45G0],2026-06-02 08:48:11.770000 UTC,FALSE,TRUE,FALSE,api,FALSE,FALSE,2026-08-21 12:53:13.275000 UTC,SHP-131503,,Failed,2026-06-02 08:48:14.070000 UTC
1,CREF-157041,CB-000935,BLUX,Blue Line Shipping,[],2026-09-01 07:06:53.422000 UTC,FALSE,FALSE,FALSE,,FALSE,FALSE,2026-09-01 07:06:54.082000 UTC,SHP-218315,partner-booking,CARRIER_CONFIRMED,2026-09-01 07:06:53.422000 UTC
1,CREF-151690,CB-000338,NSTR,Northstar Container Lines,[45G0],2026-08-20 06:55:30.880000 UTC,FALSE,TRUE,FALSE,edi,FALSE,FALSE,2026-09-18 13:09:40.146000 UTC,SHP-150152,,CarrierConfirmed,2026-08-30 01:00:30.880000 UTC
1,,CB-000059,BLUX,Blue Line Shipping,[22G0],2026-08-04 13:22:42.038000 UTC,FALSE,TRUE,FALSE,api,FALSE,FALSE,2026-08-21 12:53:23.280000 UTC,SHP-193264,transport-order,Pending,2026-08-09 19:18:42.038000 UTC
1,CREF-025360,CB-001052,BLUX,Blue Line Shipping,[],2026-07-27 13:23:08.247000 UTC,FALSE,FALSE,FALSE,,FALSE,FALSE,2026-08-21 12:53:19.833000 UTC,SHP-075999,partner-booking,CarrierConfirmed,2026-07-27 13:23:08.247000 UTC
1,CREF-109016,CB-000896,NSTR,Northstar Container Lines,[42R1],2026-08-31 12:07:34.488000 UTC,FALSE,FALSE,TRUE,edi,FALSE,FALSE,2026-09-17 22:22:37.401000 UTC,SHP-022243,,CarrierConfirmed,2026-09-17 22:22:36.706000 UTC
1,CREF-161501,CB-000468,BLUX,Blue Line Shipping,[],2026-08-26 01:50:26.997000 UTC,FALSE,FALSE,FALSE,,FALSE,FALSE,2026-08-26 01:50:27.319000 UTC,SHP-075356,partner-booking,CarrierConfirmed,2026-08-26 01:50:26.997000 UTC
1,CREF-058359,CB-000216,BLUX,Blue Line Shipping,[],2026-08-13 03:36:49.383000 UTC,FALSE,FALSE,FALSE,,FALSE,FALSE,2026-09-07 02:18:04.485000 UTC,SHP-055804,partner-booking,carrier_cancelled,2026-09-07 02:18:04.020000 UTC
1,CREF-044827,CB-000305,BLUX,Blue Line Shipping,[],2026-08-05 07:50:49.412000 UTC,FALSE,FALSE,FALSE,,FALSE,FALSE,2026-08-21 12:53:23.638000 UTC,SHP-015832,partner-booking,CarrierConfirmed,2026-08-05 07:50:49.412000 UTC
1,CREF-074812,CB-000882,BLUX,Blue Line Shipping,[],2026-09-14 10:30:14.136000 UTC,FALSE,FALSE,FALSE,,FALSE,FALSE,2026-09-14 10:30:14.481000 UTC,SHP-096579,partner-booking,carrier_confirmed,2026-09-14 10:30:14.136000 UTC
1,CREF-118432,CB-000829,BLUX,Blue Line Shipping,[],2026-09-09 01:35:25.751000 UTC,FALSE,FALSE,FALSE,,FALSE,FALSE,2026-09-18 11:25:14.194000 UTC,SHP-013424,partner-booking,Carrier Confirmed,2026-09-18 11:25:13.165000 UTC
1,CREF-121121,CB-001041,nstr,Northstar Container Lines,[],2026-08-05 09:45:41.536000 UTC,FALSE,FALSE,FALSE,,FALSE,FALSE,2026-08-21 12:53:23.757000 UTC,SHP-221670,partner-booking,CarrierConfirmed,2026-08-05 09:45:41.536000 UTC
1,CREF-128876,CB-000990,NSTR,Northstar Container Lines,[45G0],2026-09-07 09:45:37.358000 UTC,FALSE,TRUE,FALSE,edi,FALSE,FALSE,2026-09-09 02:40:01.330000 UTC,SHP-087670,transport-order,carrier_cancelled,2026-09-09 02:40:00.402000 UTC
1,CREF-099325,CB-000320,NSTR,Northstar Container Lines,[],2026-08-05 09:04:59.531000 UTC,FALSE,FALSE,FALSE,,FALSE,FALSE,2026-08-21 12:53:23.685000 UTC,SHP-188571,partner-booking,CarrierConfirmed,2026-08-05 09:04:59.531000 UTC
1,CREF-140428,CB-000242,BLUX,Blue Line Shipping,[42G0],2026-06-17 11:32:21.037000 UTC,FALSE,TRUE,FALSE,api,FALSE,FALSE,2026-08-21 12:53:16.514000 UTC,SHP-099833,flash,CarrierConfirmed,2026-06-17 12:07:28.714000 UTC
3,,CB-000915,BLUX,Blue Line Shipping,[45G0],2026-08-31 09:23:15.111000 UTC,FALSE,TRUE,FALSE,api,FALSE,FALSE,2026-08-31 09:23:16.538000 UTC,SHP-181286,transport-order,FAILED,2026-08-31 09:23:16.230000 UTC
1,CREF-154099,CB-000248,blux,Blue Line Shipping,[],2026-09-11 03:23:07.877000 UTC,FALSE,FALSE,FALSE,,FALSE,FALSE,2026-09-11 03:23:08.323000 UTC,SHP-025478,partner-booking,CarrierConfirmed,2026-09-11 03:23:07.877000 UTC
1,CREF-079214,CB-000564,blux,Blue Line Shipping,[],2026-07-29 14:32:09.658000 UTC,FALSE,FALSE,FALSE,,FALSE,FALSE,2026-08-21 12:53:20.841000 UTC,SHP-095667,partner-booking,CarrierConfirmed,2026-08-06 12:43:26.551000 UTC
1,CREF-117232,CB-000893,blux,Blue Line Shipping,[],2026-08-17 08:27:22.294000 UTC,FALSE,FALSE,FALSE,,TRUE,FALSE,2026-08-25 07:05:39.678000 UTC,SHP-223677,partner-booking,CarrierConfirmed,2026-08-25 07:05:39.090000 UTC
1,CREF-077533,CB-000432,Nstr,Northstar Container Lines,[45G0],2026-09-07 03:50:56.823000 UTC,FALSE,TRUE,FALSE,edi,FALSE,FALSE,2026-09-18 08:46:57.129000 UTC,SHP-064674,transport-order,Carrier Confirmed,2026-09-18 08:46:56.670000 UTC
1,CREF-145095,CB-001026,NSTR,Northstar Container Lines,[45G0],2026-09-07 04:00:54.110000 UTC,FALSE,TRUE,FALSE,edi,FALSE,FALSE,2026-09-18 09:19:05.921000 UTC,SHP-203417,transport-order,CarrierConfirmed,2026-09-18 09:19:05.498000 UTC
1,CREF-001890,CB-000499,BLUX,Blue Line Shipping,[],2026-07-27 09:46:11.873000 UTC,FALSE,FALSE,FALSE,,FALSE,FALSE,2026-08-21 12:53:19.786000 UTC,SHP-106615,partner-booking,CarrierConfirmed,2026-07-27 09:46:11.873000 UTC
1,CREF-021294,CB-000306,BLUX,Blue Line Shipping,[],2026-07-30 02:40:07.618000 UTC,FALSE,FALSE,FALSE,,FALSE,FALSE,2026-08-21 12:53:20.980000 UTC,SHP-121736,partner-booking,CarrierConfirmed,2026-07-30 02:40:07.618000 UTC
1,CREF-053019,CB-000015,BLUX,Blue Line Shipping,[],2026-09-10 06:08:17.581000 UTC,FALSE,FALSE,FALSE,,FALSE,FALSE,2026-09-10 06:08:18.492000 UTC,SHP-213814,partner-booking,carrierconfirmed,2026-09-10 06:08:17.581000 UTC
1,CREF-093650,CB-001055,Blux,Blue Line Shipping,[45G0],2026-01-05 14:57:48.677000 UTC,FALSE,TRUE,FALSE,api,FALSE,FALSE,2026-08-04 18:03:50.494000 UTC,,,CarrierConfirmed,2026-01-06 07:55:35.207000 UTC
1,CREF-110324,CB-000852,blux,Blue Line Shipping,[45G0],2026-06-04 08:48:56.009000 UTC,FALSE,TRUE,FALSE,api,FALSE,FALSE,2026-08-21 12:53:14.106000 UTC,SHP-008930,,CarrierConfirmed,2026-06-04 09:24:08.070000 UTC
1,CREF-143843,CB-000388,NSTR,Northstar Container Lines,[],2026-07-31 02:28:16.841000 UTC,FALSE,FALSE,FALSE,,FALSE,FALSE,2026-08-21 12:53:21.727000 UTC,SHP-133315,partner-booking,CarrierConfirmed,2026-07-31 02:28:16.841000 UTC
1,CREF-088132,CB-000404,nstr,Northstar Container Lines,[],2026-07-27 07:34:29.952000 UTC,FALSE,FALSE,FALSE,,FALSE,FALSE,2026-08-21 12:53:19.544000 UTC,SHP-131989,partner-booking,CarrierConfirmed,2026-07-27 07:34:29.952000 UTC
1,CREF-155183,CB-000058,BLUX,Blue Line Shipping,[],2026-08-05 03:38:20.188000 UTC,FALSE,FALSE,FALSE,,FALSE,FALSE,2026-09-15 06:16:26.211000 UTC,SHP-212161,partner-booking,CarrierCanceled,2026-09-15 06:16:25.459000 UTC
1,CREF-140988,CB-000801,BLUX,Blue Line Shipping,[45G0],2026-02-20 13:43:18.902000 UTC,FALSE,TRUE,FALSE,api,FALSE,FALSE,2026-08-04 18:03:57.071000 UTC,,,CarrierConfirmed,2026-02-20 14:18:24.929000 UTC
1,CREF-068491,CB-000133,NSTR,Northstar Container Lines,[],2026-08-03 07:39:27.388000 UTC,FALSE,FALSE,FALSE,,FALSE,FALSE,2026-08-21 12:53:22.486000 UTC,SHP-052952,partner-booking,CarrierConfirmed,2026-08-03 07:39:27.388000 UTC
1,CREF-137355,CB-000619,BLUX,Blue Line Shipping,[22G0],2026-06-05 14:32:14.460000 UTC,FALSE,TRUE,FALSE,api,FALSE,FALSE,2026-08-21 12:53:15.547000 UTC,SHP-011723,,CarrierConfirmed,2026-06-05 14:32:14.460000 UTC
1,,CB-000936,BLUX,Blue Line Shipping,[],2026-08-26 05:16:25.063000 UTC,FALSE,FALSE,FALSE,,FALSE,FALSE,2026-09-09 03:21:12.955000 UTC,SHP-187360,partner-booking,CarrierContacted,2026-08-30 20:37:25.063000 UTC
1,CREF-124150,CB-000751,BLUX,Blue Line Shipping,[45G0],2026-02-05 12:50:42.280000 UTC,FALSE,TRUE,FALSE,api,FALSE,FALSE,2026-08-04 18:03:55.460000 UTC,,,CarrierCancelled,2026-02-10 09:37:30.560000 UTC
1,CREF-061645,CB-000813,BLUX,Blue Line Shipping,[45G0],2026-05-15 10:47:58.223000 UTC,FALSE,TRUE,FALSE,api,FALSE,FALSE,2026-08-21 12:53:12.136000 UTC,SHP-098771,,CarrierConfirmed,2026-05-20 09:05:23.225000 UTC
1,CREF-040710,CB-000086,BLUX,Blue Line Shipping,[],2026-08-28 07:00:30.684000 UTC,FALSE,FALSE,FALSE,,FALSE,FALSE,2026-08-28 07:00:31.323000 UTC,SHP-091020,partner-booking,CarrierConfirmed,2026-08-28 07:00:30.684000 UTC
1,,CB-000469,BLUX,Blue Line Shipping,[45G0],2026-06-03 13:52:47.610000 UTC,FALSE,TRUE,FALSE,api,FALSE,TRUE,2026-08-21 12:53:13.944000 UTC,SHP-108799,,Failed,2026-06-03 13:52:49.936000 UTC
1,CREF-097573,CB-000939,BLUX,Blue Line Shipping,[42G0],2026-04-10 08:33:55.617000 UTC,FALSE,TRUE,FALSE,api,FALSE,TRUE,2026-08-04 18:03:58.302000 UTC,SHP-019472,,CarrierConfirmed,2026-04-10 09:49:07.385000 UTC
2,CREF-078686,CB-000460,blux,Blue Line Shipping,[],2026-08-27 06:58:13.356000 UTC,FALSE,FALSE,FALSE,,FALSE,FALSE,2026-08-27 06:58:14.316000 UTC,SHP-178539,partner-booking,CarrierConfirmed,2026-08-27 06:58:13.356000 UTC
2,CREF-061904,CB-000632,BLUX,Blue Line Shipping,[45G0],2026-08-14 03:49:11.068000 UTC,FALSE,TRUE,FALSE,api,FALSE,FALSE,2026-08-21 12:53:26.517000 UTC,SHP-069166,transport-order,CarrierConfirmed,2026-08-14 04:01:07.068000 UTC
1,CREF-116012,CB-000007,BLUX,Blue Line Shipping,[42G0],2026-06-05 08:57:48.182000 UTC,FALSE,TRUE,FALSE,api,FALSE,FALSE,2026-08-21 12:53:14.760000 UTC,SHP-058155,,CarrierConfirmed,2026-06-05 14:54:53.819000 UTC
1,CREF-036949,CB-000319,BLUX,Blue Line Shipping,[],2026-09-15 09:17:34.307000 UTC,FALSE,FALSE,FALSE,,FALSE,FALSE,2026-09-15 09:17:35.110000 UTC,SHP-052310,partner-booking,Carrier Confirmed,2026-09-15 09:17:34.307000 UTC
1,CREF-064077,CB-001034,NSTR,Northstar Container Lines,[45G0],2026-07-22 09:30:04.815000 UTC,FALSE,TRUE,FALSE,edi,FALSE,FALSE,2026-08-21 12:53:18.979000 UTC,SHP-174500,transport-order,CarrierCancelled,2026-07-30 02:16:39.816000 UTC
1,CREF-129166,CB-000634,blux,Blue Line Shipping,[42G0],2026-01-30 11:50:34.030000 UTC,FALSE,TRUE,FALSE,api,FALSE,FALSE,2026-08-04 18:03:55.005000 UTC,,,CarrierConfirmed,2026-01-30 13:05:40.514000 UTC
1,CREF-110488,CB-000539,BLUX,Blue Line Shipping,[],2026-08-24 08:03:14.582000 UTC,FALSE,FALSE,FALSE,,FALSE,FALSE,2026-08-24 08:03:14.984000 UTC,SHP-040046,partner-booking,CarrierConfirmed,2026-08-24 08:03:14.582000 UTC
1,CREF-077967,CB-000695,BLUX,Blue Line Shipping,[45G0],2026-08-21 14:30:36.224000 UTC,FALSE,TRUE,FALSE,api,FALSE,FALSE,2026-09-07 12:14:46.082000 UTC,SHP-166480,transport-order,CarrierConfirmed,2026-09-07 12:14:45.501000 UTC
1,CREF-057453,CB-000097,BLUX,Blue Line Shipping,[42G0],2026-06-10 10:46:26.911000 UTC,FALSE,TRUE,FALSE,api,FALSE,FALSE,2026-08-21 12:53:16.193000 UTC,SHP-081149,,CarrierConfirmed,2026-06-10 11:21:34.668000 UTC
1,CREF-136716,CB-000863,BLUX,Blue Line Shipping,[],2026-09-14 14:44:35.556000 UTC,FALSE,FALSE,FALSE,,FALSE,FALSE,2026-09-17 14:23:55.389000 UTC,SHP-076808,partner-booking,CarrierConfirmed,2026-09-17 14:23:54.151000 UTC
1,CREF-039876,CB-000280,Blux,Blue Line Shipping,[45G0],2026-09-02 13:35:29.861000 UTC,FALSE,TRUE,FALSE,api,FALSE,FALSE,2026-09-11 12:59:04.698000 UTC,SHP-000404,transport-order,Carrier Confirmed,2026-09-11 12:59:04.380000 UTC
2,CREF-092069,CB-001027,BLUX,Blue Line Shipping,[45G0],2026-07-22 08:29:57.945000 UTC,FALSE,TRUE,FALSE,api,FALSE,FALSE,2026-08-21 12:53:18.929000 UTC,SHP-116444,transport-order,CarrierConfirmed,2026-08-05 05:38:43.511000 UTC
1,CREF-124270,CB-000715,NSTR,Northstar Container Lines,[],2026-08-03 09:18:26.143000 UTC,FALSE,FALSE,FALSE,,FALSE,FALSE,2026-08-21 12:53:22.554000 UTC,SHP-223214,partner-booking,CarrierConfirmed,2026-08-03 09:18:26.143000 UTC
1,CREF-162481,CB-000184,BLUX,Blue Line Shipping,[],2026-08-26 13:17:54.598000 UTC,FALSE,FALSE,FALSE,,FALSE,FALSE,2026-09-02 10:02:46.908000 UTC,SHP-176668,partner-booking,Carrier Confirmed,2026-09-02 10:02:46.418000 UTC
1,CREF-127798,CB-000731,BLUX,Blue Line Shipping,[45G0],2026-06-05 06:34:47.118000 UTC,FALSE,TRUE,FALSE,api,FALSE,FALSE,2026-08-21 12:53:14.456000 UTC,SHP-001243,,carrier_confirmed,2026-06-05 14:54:36.050000 UTC
1,,CB-000170,BLUX,Blue Line Shipping,[42G0],2026-05-12 07:16:01.900000 UTC,FALSE,TRUE,FALSE,api,FALSE,TRUE,2026-08-21 12:53:12.049000 UTC,SHP-028694,,Failed,2026-05-12 07:16:03.831000 UTC
1,CREF-003724,CB-000420,BLUX,Blue Line Shipping,[],2026-08-31 09:07:35.813000 UTC,FALSE,FALSE,FALSE,,FALSE,FALSE,2026-08-31 09:07:36.356000 UTC,SHP-145317,partner-booking,CarrierConfirmed,2026-08-31 09:07:35.813000 UTC
1,CREF-146835,CB-000378,BLUX,Blue Line Shipping,[45G0],2026-06-05 08:57:51.721000 UTC,FALSE,TRUE,FALSE,api,FALSE,FALSE,2026-08-21 12:53:14.800000 UTC,SHP-072228,,CarrierConfirmed,2026-06-05 14:55:04.463000 UTC
1,CREF-069755,CB-000124,BLUX,Blue Line Shipping,[],2026-08-31 12:22:47.220000 UTC,FALSE,FALSE,FALSE,,FALSE,FALSE,2026-09-11 07:28:55.883000 UTC,SHP-124053,partner-booking,CarrierConfirmed,2026-09-11 07:28:55.427000 UTC
1,CREF-016454,CB-000418,BLUX,Blue Line Shipping,[],2026-08-13 06:23:27.979000 UTC,FALSE,FALSE,FALSE,,FALSE,FALSE,2026-08-21 12:53:26.204000 UTC,SHP-170921,partner-booking,carrier_confirmed,2026-08-13 06:23:27.979000 UTC
1,CREF-134002,CB-000665,NSTR,Northstar Container Lines,[42G0],2026-08-04 10:12:08.624000 UTC,FALSE,TRUE,FALSE,edi,FALSE,FALSE,2026-08-21 12:53:23.113000 UTC,SHP-171371,transport-order,CarrierConfirmed,2026-08-09 01:29:08.624000 UTC
1,CREF-155769,CB-000593,NSTR,Northstar Container Lines,[45G0],2026-06-11 03:14:49.609000 UTC,FALSE,TRUE,FALSE,edi,FALSE,FALSE,2026-08-21 12:53:16.273000 UTC,SHP-147737,,CarrierCancelled,2026-07-07 10:32:11.009000 UTC
2,CREF-066667,CB-000530,NSTR,Northstar Container Lines,[22G0],2026-09-09 07:55:36.884000 UTC,FALSE,TRUE,FALSE,edi,FALSE,FALSE,2026-09-18 08:46:58.333000 UTC,SHP-130488,transport-order,CarrierConfirmed,2026-09-18 08:46:58.005000 UTC
2,CREF-001067,CB-000656,blux,Blue Line Shipping,[22G0],2026-09-10 10:10:35.190000 UTC,FALSE,TRUE,FALSE,api,FALSE,FALSE,2026-09-11 08:39:47.090000 UTC,SHP-040049,transport-order,CarrierConfirmed,2026-09-11 08:39:46.722000 UTC
1,CREF-083805,CB-000742,BLUX,Blue Line Shipping,[],2026-07-31 06:54:49.339000 UTC,FALSE,FALSE,FALSE,,FALSE,FALSE,2026-08-21 12:53:21.921000 UTC,SHP-014972,partner-booking,CarrierConfirmed,2026-07-31 06:54:49.339000 UTC
1,CREF-056998,CB-000729,nstr,Northstar Container Lines,[],2026-07-28 01:20:38.221000 UTC,FALSE,FALSE,FALSE,,FALSE,FALSE,2026-08-21 12:53:19.883000 UTC,SHP-219236,partner-booking,CarrierConfirmed,2026-07-28 01:20:38.221000 UTC
1,CREF-014780,CB-000401,blux,Blue Line Shipping,[45G0],2026-07-23 13:13:26.665000 UTC,FALSE,TRUE,FALSE,api,FALSE,FALSE,2026-08-21 12:53:19.130000 UTC,SHP-035801,transport-order,CarrierConfirmed,2026-07-23 14:30:39.794000 UTC
1,CREF-152688,CB-001018,BLUX,Blue Line Shipping,[],2026-08-07 03:27:30.153000 UTC,FALSE,FALSE,FALSE,,FALSE,FALSE,2026-08-31 13:14:29.627000 UTC,SHP-209661,partner-booking,CarrierConfirmed,2026-08-31 13:14:29.266000 UTC
1,CREF-042531,CB-000727,Blux,Blue Line Shipping,[],2026-07-31 00:53:49.736000 UTC,FALSE,FALSE,FALSE,,FALSE,FALSE,2026-08-21 12:53:21.654000 UTC,SHP-042352,partner-booking,CarrierConfirmed,2026-08-18 04:32:06.653000 UTC
1,CREF-157080,CB-000579,blux,Blue Line Shipping,[],2026-08-31 10:06:35.089000 UTC,FALSE,FALSE,FALSE,,FALSE,FALSE,2026-08-31 10:06:35.542000 UTC,SHP-179603,partner-booking,CarrierConfirmed,2026-08-31 10:06:35.089000 UTC
1,CREF-011761,CB-000289,BLUX,Blue Line Shipping,[],2026-09-08 07:36:08.776000 UTC,FALSE,FALSE,FALSE,,FALSE,FALSE,2026-09-08 07:44:24.707000 UTC,SHP-108956,partner-booking,CARRIER_CONFIRMED,2026-09-08 07:44:24.303000 UTC
1,,CB-000303,NSTR,Northstar Container Lines,[22G0],2026-08-21 02:45:54.882000 UTC,FALSE,TRUE,FALSE,edi,FALSE,FALSE,2026-09-18 08:46:57.901000 UTC,SHP-099804,transport-order,Pending,2026-08-30 12:45:54.882000 UTC
2,,CB-000043,BLUX,Blue Line Shipping,[42G0],2026-07-03 08:23:01.242000 UTC,FALSE,TRUE,FALSE,api,FALSE,TRUE,2026-08-21 12:53:17.260000 UTC,SHP-043347,flash,Failed,2026-07-03 08:23:03.936000 UTC
1,CREF-056721,CB-000060,NSTR,Northstar Container Lines,[],2026-08-04 08:05:34.188000 UTC,FALSE,FALSE,FALSE,,FALSE,FALSE,2026-08-21 12:53:23.020000 UTC,SHP-083046,partner-booking,CarrierConfirmed,2026-08-04 08:05:34.188000 UTC
1,CREF-025205,CB-000957,BLUX,Blue Line Shipping,[],2026-08-10 08:37:39.104000 UTC,FALSE,FALSE,FALSE,,FALSE,FALSE,2026-09-09 06:23:20.574000 UTC,SHP-084380,partner-booking,carrierconfirmed,2026-09-09 06:23:20.175000 UTC
1,CREF-037630,CB-000758,Blux,Blue Line Shipping,[45G0],2026-08-25 08:56:29.751000 UTC,FALSE,TRUE,FALSE,api,FALSE,FALSE,2026-08-26 01:09:19.334000 UTC,SHP-216977,transport-order,CARRIER_CANCELLED,2026-08-26 01:09:19.007000 UTC
1,CREF-026569,CB-000039,blux,Blue Line Shipping,[],2026-09-15 12:27:33.737000 UTC,FALSE,FALSE,FALSE,,FALSE,FALSE,2026-09-15 12:27:34.306000 UTC,SHP-223781,partner-booking,CarrierConfirmed,2026-09-15 12:27:33.737000 UTC
1,CREF-147693,CB-000880,BLUX,Blue Line Shipping,[],2026-07-29 01:29:00.168000 UTC,FALSE,FALSE,FALSE,,FALSE,FALSE,2026-08-21 12:53:20.399000 UTC,SHP-046859,partner-booking,CarrierConfirmed,2026-07-29 01:29:00.168000 UTC
1,CREF-045253,CB-000104,BLUX,Blue Line Shipping,"[22G0,45G0]",2026-07-15 10:56:53.775000 UTC,FALSE,TRUE,FALSE,api,FALSE,FALSE,2026-08-21 12:53:17.730000 UTC,SHP-102491,transport-order,CarrierConfirmed,2026-07-15 11:10:52.755000 UTC
1,CREF-096068,CB-000045,BLUX,Blue Line Shipping,[],2026-09-08 06:11:43.362000 UTC,FALSE,FALSE,FALSE,,FALSE,FALSE,2026-09-08 13:10:36.983000 UTC,SHP-187159,partner-booking,CarrierConfirmed,2026-09-08 13:10:36.568000 UTC
1,CREF-132782,CB-000735,blux,Blue Line Shipping,[],2026-08-17 01:04:44.803000 UTC,FALSE,FALSE,FALSE,,FALSE,FALSE,2026-09-07 05:30:57.623000 UTC,SHP-015981,partner-booking,Carrier Confirmed,2026-09-07 05:30:57.278000 UTC
4,,CB-000733,BLUX,Blue Line Shipping,[45G0],2026-07-24 07:58:03.736000 UTC,FALSE,TRUE,FALSE,api,FALSE,TRUE,2026-08-21 12:53:19.202000 UTC,SHP-169219,transport-order,Failed,2026-07-24 07:58:06.664000 UTC
1,CREF-096603,CB-000385,Nstr,Northstar Container Lines,[45G0],2026-07-22 09:32:02.712000 UTC,FALSE,TRUE,FALSE,edi,FALSE,FALSE,2026-08-21 12:53:19.009000 UTC,SHP-185153,transport-order,CarrierCancelled,2026-07-30 02:16:39.394000 UTC
1,CREF-124506,CB-000052,BLUX,Blue Line Shipping,[42G0],2026-04-10 10:13:57.204000 UTC,FALSE,TRUE,FALSE,api,FALSE,TRUE,2026-08-04 18:03:58.325000 UTC,SHP-167535,,CarrierConfirmed,2026-04-10 11:29:11.994000 UTC
1,CREF-028074,CB-000430,BLUX,Blue Line Shipping,[42G0],2026-01-14 11:16:35.378000 UTC,FALSE,TRUE,FALSE,api,FALSE,FALSE,2026-08-04 18:03:52.675000 UTC,,,CarrierConfirmed,2026-01-14 14:31:44.018000 UTC
3,CREF-133169,CB-000426,BLUX,Blue Line Shipping,[45G0],2026-06-03 13:54:30.241000 UTC,FALSE,TRUE,FALSE,api,FALSE,TRUE,2026-08-21 12:53:14.021000 UTC,SHP-108799,,CARRIER_CONFIRMED,2026-06-03 15:09:41.647000 UTC
1,CREF-064285,CB-000676,Blux,Blue Line Shipping,[],2026-09-02 01:28:44.097000 UTC,FALSE,FALSE,FALSE,,FALSE,FALSE,2026-09-04 08:14:00.637000 UTC,SHP-195085,partner-booking,Carrier Confirmed,2026-09-02 19:43:44.097000 UTC
1,CREF-026437,CB-000814,BLUX,Blue Line Shipping,[45G0],2026-06-05 14:34:50.822000 UTC,FALSE,TRUE,FALSE,api,FALSE,FALSE,2026-08-21 12:53:15.668000 UTC,SHP-014185,,CarrierConfirmed,2026-06-05 14:34:50.822000 UTC
1,CREF-037630,CB-000758,BLUX,Blue Line Shipping,[45G0],2026-08-25 08:56:29.751000 UTC,FALSE,TRUE,FALSE,api,FALSE,FALSE,2026-08-26 01:09:19.334000 UTC,SHP-216977,transport-order,CarrierConfirmed,2026-08-25 14:20:29.751000 UTC
1,CREF-062726,CB-000992,BLUX,Blue Line Shipping,[45G0],2026-08-21 14:33:55.967000 UTC,FALSE,TRUE,FALSE,api,FALSE,FALSE,2026-09-17 13:52:03.747000 UTC,SHP-114589,transport-order,carrier_confirmed,2026-09-17 13:52:02.647000 UTC
1,CREF-072183,CB-000025,blux,Blue Line Shipping,[],2026-09-08 05:42:00.230000 UTC,FALSE,FALSE,FALSE,,TRUE,FALSE,2026-09-18 06:41:14.264000 UTC,SHP-027448,partner-booking,CarrierCanceled,2026-09-18 06:41:13.917000 UTC
1,CREF-019952,CB-000781,NSTR,Northstar Container Lines,"[45G0,22G0]",2026-08-25 02:29:01.674000 UTC,FALSE,TRUE,FALSE,edi,FALSE,FALSE,2026-09-16 11:50:23.815000 UTC,SHP-026241,transport-order,CarrierConfirmed,2026-09-16 11:50:23.487000 UTC
1,CREF-073923,CB-000189,BLUX,Blue Line Shipping,[],2026-08-18 02:04:07.791000 UTC,FALSE,FALSE,FALSE,,FALSE,FALSE,2026-08-21 12:53:26.997000 UTC,SHP-061338,partner-booking,CarrierCancelled,2026-08-19 02:56:19.454000 UTC
1,CREF-137344,CB-001047,BLUX,Blue Line Shipping,[45G0],2026-08-13 03:59:58.710000 UTC,FALSE,TRUE,FALSE,api,FALSE,FALSE,2026-08-21 12:53:26.036000 UTC,SHP-069166,transport-order,CarrierConfirmed,2026-08-13 11:39:58.710000 UTC
1,CREF-145702,CB-000282,Blux,Blue Line Shipping,[],2026-08-06 01:31:37.506000 UTC,FALSE,FALSE,FALSE,,TRUE,FALSE,2026-08-21 12:53:23.828000 UTC,SHP-207879,partner-booking,CarrierConfirmed,2026-08-10 06:26:47.827000 UTC
1,CREF-145357,CB-001013,BLUX,Blue Line Shipping,[45G0],2026-01-15 15:39:18.122000 UTC,FALSE,TRUE,FALSE,api,FALSE,FALSE,2026-08-04 18:03:53.029000 UTC,,,CarrierConfirmed,2026-01-15 17:54:26.427000 UTC
1,,CB-000518,NSTR,Northstar Container Lines,[42G0],2026-08-21 02:38:14.413000 UTC,FALSE,TRUE,FALSE,edi,FALSE,FALSE,2026-08-21 12:53:27.961000 UTC,SHP-205650,transport-order,carriercontacted,2026-08-21 02:39:54.897000 UTC
1,CREF-063261,CB-000291,BLUX,Blue Line Shipping,[],2026-08-26 05:19:15.035000 UTC,FALSE,FALSE,FALSE,,FALSE,FALSE,2026-09-09 03:20:55.112000 UTC,SHP-201224,partner-booking,Carrier Confirmed,2026-09-09 03:20:54.695000 UTC
1,CREF-022939,CB-000602,BLUX,Blue Line Shipping,[],2026-08-06 09:59:50.411000 UTC,FALSE,FALSE,FALSE,,FALSE,FALSE,2026-08-21 12:53:24.045000 UTC,SHP-127262,partner-booking,CarrierCancelled,2026-08-18 06:13:02.427000 UTC
1,CREF-018804,CB-000937,BLUX,Blue Line Shipping,[45G0],2026-08-24 01:52:22.435000 UTC,FALSE,TRUE,FALSE,api,FALSE,FALSE,2026-08-24 07:42:03.962000 UTC,SHP-142460,transport-order,carrier_cancelled,2026-08-24 07:42:03.570000 UTC
1,CREF-139658,CB-000763,BLUX,Blue Line Shipping,[],2026-07-27 08:06:48.964000 UTC,FALSE,FALSE,FALSE,,FALSE,FALSE,2026-08-21 12:53:19.694000 UTC,SHP-123202,partner-booking,CarrierConfirmed,2026-08-11 12:39:15.273000 UTC
1,CREF-034772,CB-000475,BLUX,Blue Line Shipping,[],2026-09-17 03:25:31.044000 UTC,FALSE,FALSE,FALSE,,FALSE,FALSE,2026-09-17 03:25:31.463000 UTC,SHP-046322,partner-booking,CarrierConfirmed,2026-09-17 03:25:31.044000 UTC
1,CREF-049814,CB-000585,BLUX,Blue Line Shipping,[],2026-08-18 06:37:23.542000 UTC,FALSE,FALSE,FALSE,,FALSE,FALSE,2026-09-03 09:07:50.023000 UTC,SHP-033156,partner-booking,CarrierCancelled,2026-09-03 09:07:49.547000 UTC
1,CREF-077067,CB-001020,BLUX,Blue Line Shipping,[22G0],2026-02-04 09:35:57.379000 UTC,FALSE,TRUE,FALSE,api,FALSE,FALSE,2026-08-04 18:03:55.246000 UTC,,,CarrierConfirmed,2026-02-04 11:12:19.893000 UTC
1,CREF-027880,CB-000985,BLUX,Blue Line Shipping,[45G0],2026-09-03 07:36:16.751000 UTC,FALSE,TRUE,FALSE,api,FALSE,FALSE,2026-09-03 07:41:58.512000 UTC,SHP-181873,transport-order,CarrierCanceled,2026-09-03 07:41:58.064000 UTC
1,CREF-012293,CB-000552,BLUX,Blue Line Shipping,[],2026-08-10 13:44:17.755000 UTC,FALSE,FALSE,FALSE,,FALSE,FALSE,2026-08-26 13:43:39.074000 UTC,SHP-214169,partner-booking,CarrierConfirmed,2026-08-26 13:43:38.645000 UTC
1,CREF-135929,CB-000444,BLUX,Blue Line Shipping,[45G0],2026-07-29 08:43:25.462000 UTC,FALSE,TRUE,FALSE,api,FALSE,FALSE,2026-08-21 12:53:20.681000 UTC,SHP-095598,transport-order,CarrierConfirmed,2026-08-11 12:36:34.561000 UTC
1,CREF-102492,CB-000899,BLUX,Blue Line Shipping,[42G0],2026-07-24 17:31:37.003000 UTC,FALSE,TRUE,FALSE,api,FALSE,FALSE,2026-08-21 12:53:19.304000 UTC,SHP-224210,transport-order,CARRIER_CANCELLED,2026-07-29 09:54:34.756000 UTC
1,CREF-065541,CB-000724,NSTR,Northstar Container Lines,[],2026-07-31 07:49:46.834000 UTC,FALSE,FALSE,FALSE,,FALSE,FALSE,2026-08-21 12:53:22.034000 UTC,SHP-053102,partner-booking,CarrierConfirmed,2026-07-31 07:49:46.834000 UTC
1,CREF-102800,CB-000761,BLUX,Blue Line Shipping,[],2026-09-01 06:02:41.925000 UTC,FALSE,FALSE,FALSE,,FALSE,FALSE,2026-09-01 06:02:42.607000 UTC,SHP-099686,partner-booking,carrierconfirmed,2026-09-01 06:02:41.925000 UTC
2,CREF-070158,CB-000933,BLUX,Blue Line Shipping,[45G0],2026-07-06 07:22:41.097000 UTC,FALSE,TRUE,FALSE,api,FALSE,FALSE,2026-08-21 12:53:17.339000 UTC,SHP-177550,transport-order,carrier_confirmed,2026-07-06 07:57:49.189000 UTC
1,CREF-009893,CB-000959,BLUX,Blue Line Shipping,[],2026-09-15 07:46:47.003000 UTC,FALSE,FALSE,FALSE,,FALSE,FALSE,2026-09-15 07:46:47.381000 UTC,SHP-190132,partner-booking,CarrierConfirmed,2026-09-15 07:46:47.003000 UTC
1,CREF-085396,CB-000028,Blux,Blue Line Shipping,[45G0],2026-04-14 09:42:17.069000 UTC,FALSE,TRUE,FALSE,api,FALSE,FALSE,2026-08-04 18:03:58.451000 UTC,SHP-165645,,CarrierConfirmed,2026-04-14 09:57:22.007000 UTC
1,,CB-000371,Blux,Blue Line Shipping,[45G0],2026-01-21 20:16:28.504000 UTC,FALSE,TRUE,FALSE,api,FALSE,FALSE,2026-08-04 18:03:53.781000 UTC,,,Pending,2026-01-21 23:21:28.504000 UTC
1,CREF-111514,CB-000658,BLUX,Blue Line Shipping,[],2026-09-14 12:18:54.352000 UTC,FALSE,FALSE,FALSE,,FALSE,FALSE,2026-09-15 11:57:02.265000 UTC,SHP-162123,partner-booking,CARRIER_CONFIRMED,2026-09-15 11:57:01.740000 UTC
1,CREF-070055,CB-000102,BLUX,Blue Line Shipping,[],2026-09-14 14:31:47.874000 UTC,FALSE,FALSE,FALSE,,FALSE,FALSE,2026-09-14 14:31:48.503000 UTC,SHP-176209,partner-booking,Carrier Confirmed,2026-09-14 14:31:47.874000 UTC
1,CREF-028621,CB-000799,Blux,Blue Line Shipping,[],2026-09-07 14:09:00.856000 UTC,FALSE,FALSE,FALSE,,FALSE,FALSE,2026-09-14 12:38:52.645000 UTC,SHP-120566,partner-booking,CarrierConfirmed,2026-09-14 12:38:51.937000 UTC
2,CREF-076458,CB-000381,BLUX,Blue Line Shipping,[45G0],2026-07-17 07:28:41.593000 UTC,FALSE,TRUE,FALSE,api,FALSE,FALSE,2026-08-21 12:53:17.964000 UTC,SHP-135145,transport-order,CarrierCancelled,2026-07-21 09:04:09.680000 UTC
1,CREF-156706,CB-000489,BLUX,Blue Line Shipping,[45G0],2026-09-09 11:06:27.866000 UTC,FALSE,TRUE,FALSE,api,FALSE,FALSE,2026-09-09 11:41:33.973000 UTC,SHP-112952,transport-order,carrier_cancelled,2026-09-09 11:41:33.547000 UTC
1,CREF-152688,CB-000788,BLUX,Blue Line Shipping,[],2026-08-21 07:10:57.876000 UTC,FALSE,FALSE,FALSE,,FALSE,FALSE,2026-08-21 12:53:28.105000 UTC,SHP-091754,partner-booking,CarrierCancelled,2026-08-21 08:45:40.573000 UTC
1,CREF-009378,CB-001012,NSTR,Northstar Container Lines,[],2026-07-31 07:23:15.175000 UTC,FALSE,FALSE,FALSE,,FALSE,FALSE,2026-08-21 12:53:21.990000 UTC,SHP-196823,partner-booking,CarrierConfirmed,2026-07-31 07:23:15.175000 UTC
2,CREF-042414,CB-000113,BLUX,Blue Line Shipping,[45G0],2026-08-24 08:09:39.648000 UTC,FALSE,TRUE,FALSE,api,FALSE,FALSE,2026-09-04 13:23:44.021000 UTC,SHP-016661,transport-order,Carrier Confirmed,2026-09-04 13:23:43.208000 UTC
1,CREF-030730,CB-000111,BLUX,Blue Line Shipping,[45G0],2026-01-09 08:59:22.560000 UTC,FALSE,TRUE,FALSE,api,FALSE,FALSE,2026-08-04 18:03:50.943000 UTC,,,CarrierConfirmed,2026-01-09 10:09:28.003000 UTC
1,CREF-050313,CB-000798,blux,Blue Line Shipping,[],2026-08-10 08:39:13.348000 UTC,FALSE,FALSE,FALSE,,TRUE,FALSE,2026-09-09 06:24:50.019000 UTC,SHP-014698,partner-booking,Carrier Confirmed,2026-09-09 06:24:49.689000 UTC
1,CREF-150032,CB-000408,nstr,Northstar Container Lines,[],2026-07-25 00:47:34.038000 UTC,FALSE,FALSE,FALSE,,FALSE,FALSE,2026-08-21 12:53:19.332000 UTC,SHP-213438,partner-booking,CarrierConfirmed,2026-07-25 00:47:34.038000 UTC
1,CREF-080164,CB-000092,BLUX,Blue Line Shipping,[],2026-09-17 08:46:45.842000 UTC,FALSE,FALSE,FALSE,,FALSE,FALSE,2026-09-17 08:46:46.453000 UTC,SHP-027342,partner-booking,carrier_confirmed,2026-09-17 08:46:45.842000 UTC
1,CREF-112483,CB-000379,BLUX,Blue Line Shipping,[45G0],2026-08-11 09:55:56.573000 UTC,FALSE,TRUE,FALSE,api,FALSE,FALSE,2026-08-21 12:53:25.322000 UTC,SHP-078128,transport-order,CarrierCancelled,2026-08-12 03:15:31.189000 UTC
1,CREF-072457,CB-000374,nstr,Northstar Container Lines,[42G0],2026-09-02 10:19:23.051000 UTC,FALSE,TRUE,FALSE,edi,FALSE,FALSE,2026-09-17 23:20:36.827000 UTC,SHP-220230,transport-order,CarrierConfirmed,2026-09-17 23:20:36.330000 UTC
3,,CB-000732,BLUX,Blue Line Shipping,[42G0],2026-07-03 08:28:38.484000 UTC,FALSE,TRUE,FALSE,api,FALSE,TRUE,2026-08-21 12:53:17.288000 UTC,SHP-043347,flash,Failed,2026-07-03 08:28:43.677000 UTC
1,CREF-057128,CB-000869,BLUX,Blue Line Shipping,[],2026-08-25 09:32:06.917000 UTC,FALSE,FALSE,FALSE,,FALSE,FALSE,2026-08-31 15:36:58.183000 UTC,SHP-066838,partner-booking,CarrierConfirmed,2026-08-31 15:36:57.720000 UTC
1,CREF-120098,CB-000765,BLUX,Blue Line Shipping,[],2026-09-09 08:04:09.182000 UTC,FALSE,FALSE,FALSE,,FALSE,FALSE,2026-09-15 10:02:12.022000 UTC,SHP-079209,partner-booking,CARRIER_CONFIRMED,2026-09-15 10:02:11.578000 UTC
2,CREF-013047,CB-000096,BLUX,Blue Line Shipping,[45G0],2026-09-03 07:01:47.715000 UTC,FALSE,TRUE,FALSE,api,FALSE,FALSE,2026-09-03 10:20:23.409000 UTC,SHP-113602,transport-order,carrier_confirmed,2026-09-03 10:20:22.937000 UTC
1,CREF-007928,CB-000195,NSTR,Northstar Container Lines,[42G0],2026-08-04 10:19:43.701000 UTC,FALSE,TRUE,FALSE,edi,FALSE,FALSE,2026-09-17 22:14:18.405000 UTC,SHP-098803,transport-order,CarrierConfirmed,2026-09-17 22:14:17.783000 UTC
1,CREF-064713,CB-000807,Blux,Blue Line Shipping,"[45G0,22G0]",2026-07-31 09:53:47.032000 UTC,FALSE,TRUE,FALSE,api,FALSE,TRUE,2026-08-24 15:34:19.464000 UTC,SHP-033443,transport-order,CarrierConfirmed,2026-08-24 15:34:18.523000 UTC
1,CREF-135482,CB-000802,Blux,Blue Line Shipping,[22G0],2026-09-15 01:42:45.552000 UTC,FALSE,TRUE,FALSE,api,FALSE,FALSE,2026-09-18 11:25:55.359000 UTC,SHP-120284,transport-order,carrier_confirmed,2026-09-18 11:25:55.025000 UTC
1,CREF-118125,CB-000428,BLUX,Blue Line Shipping,[],2026-08-07 10:09:30.672000 UTC,FALSE,FALSE,FALSE,,FALSE,FALSE,2026-08-21 12:53:24.396000 UTC,SHP-063341,partner-booking,CarrierConfirmed,2026-08-07 10:09:30.672000 UTC
1,CREF-009496,CB-000972,blux,Blue Line Shipping,[],2026-08-21 13:33:20.566000 UTC,FALSE,FALSE,FALSE,,FALSE,FALSE,2026-09-12 19:58:47.770000 UTC,SHP-108619,partner-booking,CarrierConfirmed,2026-09-12 19:58:47.458000 UTC
1,CREF-159265,CB-000672,BLUX,Blue Line Shipping,[45G0],2026-02-06 12:09:06.042000 UTC,FALSE,TRUE,FALSE,api,FALSE,FALSE,2026-08-04 18:03:55.620000 UTC,,,CarrierConfirmed,2026-02-09 11:06:33.501000 UTC
1,CREF-024035,CB-000488,blux,Blue Line Shipping,[45G0],2026-08-25 07:51:30.690000 UTC,FALSE,TRUE,FALSE,api,FALSE,FALSE,2026-08-25 08:41:15.550000 UTC,SHP-074738,transport-order,CarrierConfirmed,2026-08-25 08:41:15.178000 UTC
2,CREF-015476,CB-000072,blux,Blue Line Shipping,[22G0],2026-09-07 03:22:20.756000 UTC,FALSE,TRUE,FALSE,api,FALSE,FALSE,2026-09-18 11:25:31.363000 UTC,SHP-188686,transport-order,Carrier Confirmed,2026-09-18 11:25:31.062000 UTC
2,CREF-113717,CB-000554,Blux,Blue Line Shipping,[45G0],2026-08-05 02:49:52.819000 UTC,FALSE,TRUE,FALSE,api,FALSE,FALSE,2026-08-21 12:53:23.375000 UTC,SHP-055398,transport-order,carrier_cancelled,2026-08-05 08:19:42.837000 UTC
1,,CB-001008,BLUX,Blue Line Shipping,[45G0],2026-08-27 14:04:25.678000 UTC,FALSE,TRUE,FALSE,api,FALSE,FALSE,2026-08-27 14:04:28.699000 UTC,SHP-166201,transport-order,Failed,2026-08-27 14:04:28.479000 UTC
1,CREF-134714,CB-000246,BLUX,Blue Line Shipping,[22G0],2026-05-06 19:06:54.035000 UTC,FALSE,TRUE,FALSE,api,FALSE,FALSE,2026-08-21 12:53:11.828000 UTC,SHP-177939,,CarrierConfirmed,2026-05-12 06:49:43.405000 UTC
1,CREF-150656,CB-000645,BLUX,Blue Line Shipping,[],2026-08-17 14:22:19.890000 UTC,FALSE,FALSE,FALSE,,FALSE,FALSE,2026-08-31 14:15:27.896000 UTC,SHP-065300,partner-booking,CarrierConfirmed,2026-08-31 14:15:27.159000 UTC
1,CREF-091546,CB-001039,blux,Blue Line Shipping,[],2026-09-09 12:39:27.107000 UTC,FALSE,FALSE,FALSE,,FALSE,FALSE,2026-09-14 11:19:27.593000 UTC,SHP-068103,partner-booking,carrierconfirmed,2026-09-14 11:19:27.206000 UTC
1,CREF-033591,CB-000562,blux,Blue Line Shipping,[],2026-08-14 10:29:57.241000 UTC,FALSE,FALSE,FALSE,,FALSE,FALSE,2026-08-26 00:39:20.406000 UTC,SHP-043437,partner-booking,CarrierCancelled,2026-08-26 00:39:19.766000 UTC
1,CREF-100320,CB-000018,blux,Blue Line Shipping,[],2026-09-08 09:33:06.075000 UTC,FALSE,FALSE,FALSE,,FALSE,FALSE,2026-09-14 05:40:20.040000 UTC,SHP-110684,partner-booking,CARRIER_CANCELLED,2026-09-14 05:40:19.254000 UTC
1,,CB-000203,NSTR,Northstar Container Lines,[42G0],2026-06-24 08:25:00.112000 UTC,FALSE,TRUE,FALSE,edi,FALSE,FALSE,2026-08-21 12:53:16.610000 UTC,SHP-031268,transport-order,Pending,2026-06-24 08:25:00.112000 UTC
1,CREF-135969,CB-000571,blux,Blue Line Shipping,[45G0],2026-06-05 06:24:32.229000 UTC,FALSE,TRUE,FALSE,api,FALSE,FALSE,2026-08-21 12:53:14.297000 UTC,SHP-047783,,CarrierConfirmed,2026-06-05 14:54:27.616000 UTC
1,CREF-047152,CB-000836,BLUX,Blue Line Shipping,[45G0],2026-01-12 13:04:49.455000 UTC,FALSE,TRUE,FALSE,api,FALSE,FALSE,2026-08-04 18:03:51.594000 UTC,,,CarrierConfirmed,2026-01-12 14:19:55.674000 UTC
1,CREF-063631,CB-000490,BLUX,Blue Line Shipping,[],2026-09-10 07:45:48.736000 UTC,FALSE,FALSE,FALSE,,FALSE,FALSE,2026-09-10 07:45:49.720000 UTC,SHP-074788,partner-booking,CarrierConfirmed,2026-09-10 07:45:48.736000 UTC
1,CREF-008138,CB-000745,Blux,Blue Line Shipping,[],2026-09-09 08:25:37.255000 UTC,FALSE,FALSE,FALSE,,FALSE,FALSE,2026-09-18 07:14:44.984000 UTC,SHP-128928,partner-booking,carrier_cancelled,2026-09-18 07:14:44.339000 UTC
1,CREF-037076,CB-000668,NSTR,Northstar Container Lines,[45G0],2026-07-21 09:26:58.018000 UTC,FALSE,TRUE,FALSE,edi,FALSE,FALSE,2026-08-21 12:53:18.262000 UTC,SHP-073129,transport-order,CarrierCancelled,2026-08-07 06:19:42.582000 UTC
1,CREF-011868,CB-001032,BLUX,Blue Line Shipping,[22G0],2026-09-14 09:26:17.659000 UTC,FALSE,TRUE,FALSE,api,FALSE,FALSE,2026-09-14 09:48:31.516000 UTC,SHP-155654,transport-order,CarrierConfirmed,2026-09-14 09:48:31.144000 UTC
1,CREF-053463,CB-000014,blux,Blue Line Shipping,[],2026-08-07 13:42:57.173000 UTC,FALSE,FALSE,FALSE,,FALSE,FALSE,2026-08-21 12:53:24.537000 UTC,SHP-044656,partner-booking,CarrierConfirmed,2026-08-12 15:20:55.427000 UTC
1,CREF-057895,CB-000600,BLUX,Blue Line Shipping,[22G0],2026-03-05 12:10:52.441000 UTC,FALSE,TRUE,FALSE,api,FALSE,FALSE,2026-08-04 18:03:57.616000 UTC,,,CarrierConfirmed,2026-03-06 06:56:16.714000 UTC
1,CREF-155489,CB-000652,BLUX,Blue Line Shipping,[],2026-07-29 02:32:45.577000 UTC,FALSE,FALSE,FALSE,,FALSE,FALSE,2026-08-28 08:16:26.775000 UTC,SHP-035368,partner-booking,CarrierConfirmed,2026-08-28 08:16:26.019000 UTC
2,,CB-000359,BLUX,Blue Line Shipping,[42G0],2026-06-26 12:31:34.109000 UTC,FALSE,TRUE,FALSE,api,FALSE,FALSE,2026-08-21 12:53:16.779000 UTC,SHP-026808,flash,Failed,2026-06-26 12:31:36.705000 UTC
1,,CB-000978,BLUX,Blue Line Shipping,[45G0],2026-03-11 14:52:40.315000 UTC,FALSE,TRUE,FALSE,api,FALSE,FALSE,2026-08-04 18:03:57.972000 UTC,SHP-196912,,Pending,2026-03-11 15:04:40.315000 UTC
1,CREF-128488,CB-000235,BLUX,Blue Line Shipping,[42G0],2026-06-05 14:41:55.854000 UTC,FALSE,TRUE,FALSE,api,FALSE,FALSE,2026-08-21 12:53:15.858000 UTC,SHP-055269,,CarrierConfirmed,2026-06-05 14:41:55.854000 UTC
1,CREF-017461,CB-000367,BLUX,Blue Line Shipping,[],2026-08-04 01:51:06.358000 UTC,FALSE,FALSE,FALSE,,FALSE,FALSE,2026-08-21 12:53:22.628000 UTC,SHP-160590,partner-booking,carrier_cancelled,2026-08-19 03:41:08.965000 UTC
1,CREF-155317,CB-000871,BLUX,Blue Line Shipping,[45G0],2026-07-06 13:59:08.420000 UTC,FALSE,TRUE,FALSE,api,FALSE,FALSE,2026-08-21 12:53:17.362000 UTC,SHP-175393,transport-order,CarrierCancelled,2026-07-07 08:10:03.519000 UTC
1,CREF-148925,CB-000823,blux,Blue Line Shipping,[45G0],2026-02-18 20:46:44.008000 UTC,FALSE,TRUE,FALSE,api,FALSE,FALSE,2026-08-04 18:03:56.920000 UTC,,,CarrierConfirmed,2026-02-19 06:52:05.393000 UTC
1,CREF-030177,CB-000114,BLUX,Blue Line Shipping,[],2026-09-15 09:33:33.495000 UTC,FALSE,FALSE,FALSE,,FALSE,FALSE,2026-09-18 13:03:50.426000 UTC,SHP-157524,partner-booking,Carrier Confirmed,2026-09-18 13:03:49.310000 UTC
1,CREF-034404,CB-000628,blux,Blue Line Shipping,[45G0],2026-08-26 03:14:18.292000 UTC,FALSE,TRUE,FALSE,api,FALSE,FALSE,2026-08-26 03:37:02.028000 UTC,SHP-029638,transport-order,CarrierConfirmed,2026-08-26 03:37:01.556000 UTC
1,CREF-115523,CB-000078,Blux,Blue Line Shipping,[22G0],2026-08-25 09:02:09.341000 UTC,FALSE,TRUE,FALSE,api,FALSE,FALSE,2026-08-31 09:48:27.043000 UTC,SHP-214611,transport-order,CarrierCanceled,2026-08-31 09:48:26.603000 UTC
1,CREF-155006,CB-000920,BLUX,Blue Line Shipping,[45G0],2026-02-13 06:47:05.156000 UTC,FALSE,TRUE,FALSE,api,FALSE,FALSE,2026-08-04 18:03:56.433000 UTC,,,CarrierConfirmed,2026-02-13 07:22:10.879000 UTC
2,,CB-000304,BLUX,Blue Line Shipping,[45G0],2026-07-24 07:56:11.084000 UTC,FALSE,TRUE,FALSE,api,FALSE,TRUE,2026-08-21 12:53:19.154000 UTC,SHP-169219,transport-order,Failed,2026-07-24 07:56:14.044000 UTC
1,CREF-117395,CB-000004,Blux,Blue Line Shipping,[],2026-08-05 07:16:35.397000 UTC,FALSE,FALSE,FALSE,,FALSE,FALSE,2026-08-21 12:53:23.522000 UTC,SHP-208328,partner-booking,CarrierConfirmed,2026-08-13 01:06:10.630000 UTC
1,CREF-004082,CB-000996,BLUX,Blue Line Shipping,[],2026-09-09 07:02:37.047000 UTC,FALSE,FALSE,FALSE,,FALSE,FALSE,2026-09-09 07:02:37.701000 UTC,SHP-051848,partner-booking,carrier_confirmed,2026-09-09 07:02:37.047000 UTC
1,CREF-035327,CB-000491,Blux,Blue Line Shipping,[22G0],2026-05-29 11:13:23.938000 UTC,FALSE,TRUE,FALSE,api,FALSE,FALSE,2026-08-21 12:53:13.190000 UTC,SHP-131443,,CarrierConfirmed,2026-06-01 06:50:37.940000 UTC
2,CREF-073402,CB-000556,Blux,Blue Line Shipping,[],2026-08-18 07:47:09.391000 UTC,FALSE,FALSE,FALSE,,FALSE,FALSE,2026-08-21 12:53:27.235000 UTC,SHP-127262,partner-booking,carrierconfirmed,2026-08-18 07:47:09.391000 UTC
1,,CB-000401,BLUX,Blue Line Shipping,[45G0],2026-07-23 13:13:26.665000 UTC,FALSE,TRUE,FALSE,api,FALSE,FALSE,2026-08-21 12:53:19.130000 UTC,SHP-035801,transport-order,Pending,2026-07-23 13:39:26.665000 UTC
1,CREF-023004,CB-000599,NSTR,Northstar Container Lines,[45G0],2026-08-21 09:52:45.974000 UTC,FALSE,TRUE,FALSE,edi,FALSE,FALSE,2026-08-26 22:26:45.050000 UTC,SHP-122302,transport-order,CarrierConfirmed,2026-08-26 22:26:44.355000 UTC
1,CREF-124124,CB-000064,NSTR,Northstar Container Lines,[],2026-07-29 10:38:49.317000 UTC,FALSE,FALSE,FALSE,,FALSE,FALSE,2026-08-21 12:53:20.770000 UTC,SHP-177123,partner-booking,CarrierConfirmed,2026-07-29 10:38:49.317000 UTC
1,CREF-164592,CB-000059,BLUX,Blue Line Shipping,[22G0],2026-08-04 13:22:42.038000 UTC,FALSE,TRUE,FALSE,api,FALSE,FALSE,2026-08-21 12:53:23.280000 UTC,SHP-193264,transport-order,CarrierConfirmed,2026-08-20 07:11:35.199000 UTC
1,CREF-041288,CB-000270,BLUX,Blue Line Shipping,[42G0],2026-06-04 10:55:13.300000 UTC,FALSE,TRUE,FALSE,api,FALSE,FALSE,2026-08-21 12:53:14.142000 UTC,SHP-003941,,CarrierConfirmed,2026-06-04 11:30:19.770000 UTC
1,CREF-070320,CB-000963,blux,Blue Line Shipping,[45G0],2026-07-15 10:10:18.763000 UTC,FALSE,TRUE,FALSE,api,FALSE,FALSE,2026-08-21 12:53:17.707000 UTC,SHP-036714,transport-order,CarrierConfirmed,2026-07-15 10:22:50.825000 UTC
1,CREF-085744,CB-000675,NSTR,Northstar Container Lines,[45G0],2026-09-07 07:59:11.833000 UTC,FALSE,TRUE,FALSE,edi,FALSE,FALSE,2026-09-18 08:46:58.046000 UTC,SHP-079606,transport-order,CarrierConfirmed,2026-09-18 08:46:57.216000 UTC
1,CREF-131916,CB-000955,NSTR,Northstar Container Lines,[42G0],2026-08-04 10:07:06.796000 UTC,FALSE,TRUE,FALSE,edi,FALSE,FALSE,2026-08-21 12:53:23.067000 UTC,SHP-136390,transport-order,CarrierCancelled,2026-08-18 08:03:41.897000 UTC
2,CREF-074826,CB-001003,NSTR,Northstar Container Lines,[22G0],2026-08-12 09:17:43.954000 UTC,FALSE,TRUE,FALSE,edi,FALSE,FALSE,2026-09-18 00:40:28.464000 UTC,SHP-170649,transport-order,CarrierConfirmed,2026-09-18 00:40:27.827000 UTC
1,CREF-158734,CB-000233,NSTR,Northstar Container Lines,[],2026-08-03 07:38:03.113000 UTC,FALSE,FALSE,FALSE,,FALSE,FALSE,2026-08-21 12:53:22.462000 UTC,SHP-176836,partner-booking,CarrierConfirmed,2026-08-03 07:38:03.113000 UTC
1,CREF-111391,CB-000474,BLUX,Blue Line Shipping,[42G0],2026-01-23 08:44:40.205000 UTC,FALSE,TRUE,FALSE,api,FALSE,FALSE,2026-08-04 18:03:54.202000 UTC,,,CarrierConfirmed,2026-01-23 12:59:50.230000 UTC
1,CREF-096484,CB-000407,BLUX,Blue Line Shipping,[22G0],2026-06-03 12:47:29.374000 UTC,FALSE,TRUE,FALSE,api,FALSE,FALSE,2026-08-21 12:53:13.867000 UTC,SHP-189663,,CarrierConfirmed,2026-06-03 13:22:41.419000 UTC
1,,CB-000842,BLUX,Blue Line Shipping,[42G0],2026-06-02 12:38:32.458000 UTC,FALSE,TRUE,FALSE,api,FALSE,TRUE,2026-08-21 12:53:13.362000 UTC,SHP-159470,,Failed,2026-06-02 12:38:36.634000 UTC
1,CREF-041719,CB-000790,BLUX,Blue Line Shipping,[45G0],2026-06-05 08:57:46.481000 UTC,FALSE,TRUE,FALSE,api,FALSE,FALSE,2026-08-21 12:53:14.686000 UTC,SHP-103120,,carrierconfirmed,2026-06-05 14:54:58.527000 UTC
1,CREF-058380,CB-001015,BLUX,Blue Line Shipping,[42G0],2026-08-12 13:18:30.909000 UTC,FALSE,TRUE,FALSE,api,FALSE,FALSE,2026-08-21 12:53:25.796000 UTC,SHP-178063,transport-order,CarrierCancelled,2026-08-14 07:38:50.381000 UTC
1,CREF-068916,CB-000477,blux,Blue Line Shipping,[45G0],2026-06-25 14:32:50.892000 UTC,FALSE,TRUE,FALSE,api,FALSE,TRUE,2026-08-21 12:53:16.729000 UTC,SHP-065859,transport-order,CarrierConfirmed,2026-06-25 14:48:01.096000 UTC
1,CREF-104254,CB-000006,BLUX,Blue Line Shipping,[42G0],2026-06-05 06:39:49.558000 UTC,FALSE,TRUE,FALSE,api,FALSE,FALSE,2026-08-21 12:53:14.538000 UTC,SHP-187758,,CarrierConfirmed,2026-06-05 14:54:47.173000 UTC
1,CREF-081118,CB-001001,NSTR,Northstar Container Lines,[],2026-08-10 10:50:58.751000 UTC,FALSE,FALSE,FALSE,,FALSE,FALSE,2026-08-21 12:53:24.869000 UTC,SHP-217440,partner-booking,carrierconfirmed,2026-08-10 10:50:58.751000 UTC
1,CREF-036920,CB-000669,BLUX,Blue Line Shipping,[45G0],2026-07-23 07:30:40.890000 UTC,FALSE,TRUE,FALSE,api,FALSE,FALSE,2026-08-21 12:53:19.056000 UTC,SHP-120582,transport-order,CarrierConfirmed,2026-07-23 08:01:40.890000 UTC
1,,CB-000383,BLUX,Blue Line Shipping,[42G0],2026-01-29 14:53:06.627000 UTC,FALSE,TRUE,FALSE,api,FALSE,FALSE,2026-08-04 18:03:54.922000 UTC,,,CarrierContacted,2026-01-29 22:18:06.627000 UTC
1,CREF-052264,CB-000252,blux,Blue Line Shipping,[42G0],2026-08-11 11:59:44.177000 UTC,FALSE,TRUE,FALSE,api,FALSE,FALSE,2026-08-21 12:53:25.367000 UTC,SHP-137060,transport-order,CarrierConfirmed,2026-08-11 13:03:44.619000 UTC
2,,CB-000445,BLUX,Blue Line Shipping,[22G0],2026-07-01 11:38:04.734000 UTC,FALSE,TRUE,FALSE,api,FALSE,FALSE,2026-08-21 12:53:17.092000 UTC,SHP-070038,flash,Failed,2026-07-01 11:38:05.565000 UTC
1,CREF-104523,CB-000536,NSTR,Northstar Container Lines,[],2026-07-27 07:38:39.786000 UTC,FALSE,FALSE,FALSE,,FALSE,FALSE,2026-08-21 12:53:19.597000 UTC,SHP-085304,partner-booking,CarrierConfirmed,2026-07-27 07:38:39.786000 UTC
1,CREF-012710,CB-000074,BLUX,Blue Line Shipping,[45G0],2026-02-05 12:54:22.361000 UTC,FALSE,TRUE,FALSE,api,FALSE,FALSE,2026-08-04 18:03:55.502000 UTC,,,CarrierConfirmed,2026-02-05 14:09:29.694000 UTC
1,CREF-148275,CB-000522,NSTR,Northstar Container Lines,[],2026-08-04 02:27:58.425000 UTC,FALSE,FALSE,FALSE,,FALSE,FALSE,2026-08-21 12:53:22.682000 UTC,SHP-056857,partner-booking,CarrierConfirmed,2026-08-04 02:27:58.425000 UTC
1,CREF-085399,CB-000220,nstr,Northstar Container Lines,[],2026-08-10 07:41:33.784000 UTC,FALSE,FALSE,FALSE,,FALSE,FALSE,2026-08-21 12:53:24.704000 UTC,SHP-056495,partner-booking,CarrierConfirmed,2026-08-10 07:41:33.784000 UTC
1,,CB-000660,BLUX,Blue Line Shipping,[42G0],2026-07-15 15:14:26.102000 UTC,FALSE,TRUE,FALSE,api,FALSE,FALSE,2026-08-21 12:53:17.776000 UTC,SHP-091459,transport-order,Pending,2026-07-17 12:56:26.102000 UTC
2,CREF-152688,CB-000927,blux,Blue Line Shipping,[],2026-08-24 05:50:56.706000 UTC,FALSE,FALSE,FALSE,,FALSE,FALSE,2026-08-24 05:50:57.680000 UTC,SHP-091754,partner-booking,CarrierConfirmed,2026-08-24 05:50:56.706000 UTC
1,CREF-043348,CB-000947,blux,Blue Line Shipping,[45G0],2026-02-02 14:21:16.049000 UTC,FALSE,TRUE,FALSE,api,FALSE,FALSE,2026-08-04 18:03:55.206000 UTC,,,CarrierConfirmed,2026-02-03 12:57:04.850000 UTC
1,CREF-002417,CB-000055,BLUX,Blue Line Shipping,[42G0],2026-02-12 19:24:03.340000 UTC,FALSE,TRUE,FALSE,api,FALSE,FALSE,2026-08-04 18:03:56.392000 UTC,,,CARRIER_CONFIRMED,2026-02-13 06:44:35.502000 UTC
1,CREF-147707,CB-000753,BLUX,Blue Line Shipping,[42G0],2026-01-22 10:19:06.467000 UTC,FALSE,TRUE,FALSE,api,FALSE,TRUE,2026-08-04 18:03:53.898000 UTC,,,CarrierConfirmed,2026-01-23 12:15:37.779000 UTC
1,CREF-087423,CB-001049,BLUX,Blue Line Shipping,[22G0],2026-02-18 09:27:45.781000 UTC,FALSE,TRUE,FALSE,api,FALSE,FALSE,2026-08-04 18:03:56.790000 UTC,,,CarrierConfirmed,2026-02-19 13:24:23.983000 UTC
5,CREF-065217,CB-000269,Blux,Blue Line Shipping,[42G0],2026-06-29 07:08:12.155000 UTC,FALSE,TRUE,FALSE,api,FALSE,FALSE,2026-08-21 12:53:16.864000 UTC,SHP-026808,flash,CarrierConfirmed,2026-06-29 10:23:26.261000 UTC
1,CREF-003821,CB-001022,BLUX,Blue Line Shipping,[42G0],2026-03-31 14:53:46.616000 UTC,FALSE,TRUE,FALSE,api,FALSE,FALSE,2026-08-04 18:03:58.268000 UTC,SHP-157072,,CARRIER_CONFIRMED,2026-03-31 15:28:54.487000 UTC
1,CREF-138542,CB-000433,NSTR,Northstar Container Lines,[],2026-08-04 02:06:11.006000 UTC,FALSE,FALSE,FALSE,,FALSE,FALSE,2026-08-21 12:53:22.655000 UTC,SHP-007946,partner-booking,CarrierConfirmed,2026-08-04 02:06:11.006000 UTC
1,CREF-016312,CB-000591,BLUX,Blue Line Shipping,[],2026-08-24 07:23:44.990000 UTC,FALSE,FALSE,FALSE,,FALSE,FALSE,2026-08-24 07:23:45.621000 UTC,SHP-081674,partner-booking,CarrierConfirmed,2026-08-24 07:23:44.990000 UTC
1,,CB-000497,BLUX,Blue Line Shipping,[22G0],2026-01-13 13:20:04.326000 UTC,FALSE,TRUE,FALSE,api,FALSE,FALSE,2026-08-04 18:03:51.776000 UTC,,,Failed,2026-01-13 13:20:44.104000 UTC
1,,CB-000421,Blux,Blue Line Shipping,[],2026-08-13 09:53:36.057000 UTC,FALSE,FALSE,FALSE,,FALSE,FALSE,2026-08-21 12:53:26.375000 UTC,SHP-218845,partner-booking,CarrierContacted,2026-08-16 01:01:36.057000 UTC
1,CREF-098325,CB-000568,BLUX,Blue Line Shipping,[],2026-08-21 05:25:19.116000 UTC,FALSE,FALSE,FALSE,,FALSE,FALSE,2026-08-21 12:53:28.009000 UTC,SHP-091384,partner-booking,CarrierConfirmed,2026-08-21 05:25:19.116000 UTC
1,,CB-000308,BLUX,Blue Line Shipping,[22G0],2026-01-09 14:28:57.620000 UTC,FALSE,TRUE,FALSE,api,FALSE,TRUE,2026-08-04 18:03:51.287000 UTC,,,Pending,2026-01-09 14:53:57.620000 UTC
1,CREF-022600,CB-000137,NSTR,Northstar Container Lines,[],2026-08-07 03:19:08.825000 UTC,FALSE,FALSE,FALSE,,FALSE,FALSE,2026-08-21 12:53:24.138000 UTC,SHP-084026,partner-booking,CarrierConfirmed,2026-08-07 03:19:08.825000 UTC
1,CREF-097904,CB-000696,NSTR,Northstar Container Lines,[],2026-08-05 01:20:43.811000 UTC,FALSE,FALSE,FALSE,,FALSE,FALSE,2026-08-21 12:53:23.304000 UTC,SHP-128644,partner-booking,CarrierConfirmed,2026-08-05 01:20:43.811000 UTC
1,CREF-097539,CB-000723,blux,Blue Line Shipping,[45G0],2026-01-13 15:00:35.698000 UTC,FALSE,TRUE,FALSE,api,FALSE,FALSE,2026-08-04 18:03:51.820000 UTC,,,CarrierConfirmed,2026-01-14 09:10:52.467000 UTC
1,CREF-015514,CB-000626,Blux,Blue Line Shipping,[],2026-09-09 10:04:55.564000 UTC,FALSE,FALSE,FALSE,,FALSE,FALSE,2026-09-15 03:45:45.769000 UTC,SHP-143753,partner-booking,carrierconfirmed,2026-09-15 03:45:45.287000 UTC
1,CREF-082723,CB-000118,Blux,Blue Line Shipping,[22G0],2026-09-09 01:38:07.198000 UTC,FALSE,TRUE,FALSE,api,FALSE,FALSE,2026-09-09 01:49:20.694000 UTC,SHP-138721,transport-order,carrier_confirmed,2026-09-09 01:49:20.272000 UTC
1,CREF-041907,CB-000576,BLUX,Blue Line Shipping,[42G0],2026-06-05 11:14:25.676000 UTC,FALSE,TRUE,FALSE,api,FALSE,FALSE,2026-08-21 12:53:14.995000 UTC,SHP-176272,,CarrierConfirmed,2026-06-05 11:49:32.905000 UTC
1,CREF-158810,CB-000187,BLUX,Blue Line Shipping,[22G0],2026-06-05 14:21:46.652000 UTC,FALSE,TRUE,FALSE,api,FALSE,FALSE,2026-08-21 12:53:15.149000 UTC,SHP-154171,,CarrierConfirmed,2026-06-05 14:21:46.652000 UTC
1,,CB-000784,BLUX,Blue Line Shipping,[22G0],2026-09-10 10:09:55.116000 UTC,FALSE,TRUE,FALSE,api,FALSE,FALSE,2026-09-10 10:09:57.269000 UTC,SHP-040049,transport-order,FAILED,2026-09-10 10:09:56.972000 UTC
1,CREF-113420,CB-000832,blux,Blue Line Shipping,[42G0],2026-08-12 13:43:50.424000 UTC,FALSE,TRUE,FALSE,api,FALSE,FALSE,2026-08-21 12:53:25.821000 UTC,SHP-093506,transport-order,CarrierConfirmed,2026-08-12 14:41:51.583000 UTC
1,CREF-155317,CB-000871,BLUX,Blue Line Shipping,[45G0],2026-07-06 13:59:08.420000 UTC,FALSE,TRUE,FALSE,api,TRUE,FALSE,2026-08-21 12:53:17.362000 UTC,SHP-175393,transport-order,CarrierConfirmed,2026-07-06 20:02:08.420000 UTC
1,CREF-152951,CB-000204,Blux,Blue Line Shipping,[45G0],2026-07-22 14:27:05.088000 UTC,FALSE,TRUE,FALSE,api,FALSE,FALSE,2026-08-21 12:53:19.034000 UTC,SHP-087033,transport-order,CarrierConfirmed,2026-07-27 12:15:15.882000 UTC
1,CREF-138884,CB-000395,BLUX,Blue Line Shipping,[45G0],2026-09-02 13:50:33.390000 UTC,FALSE,TRUE,FALSE,api,FALSE,FALSE,2026-09-02 14:35:39.910000 UTC,SHP-113602,transport-order,CarrierConfirmed,2026-09-02 14:05:33.390000 UTC
2,CREF-135853,CB-000247,BLUX,Blue Line Shipping,[22G0],2026-05-06 11:28:04.181000 UTC,FALSE,TRUE,FALSE,api,FALSE,FALSE,2026-08-21 12:53:11.785000 UTC,SHP-030109,,carrier_cancelled,2026-05-07 14:43:43.853000 UTC
1,CREF-117806,CB-000968,BLUX,Blue Line Shipping,[],2026-08-12 06:50:18.037000 UTC,FALSE,FALSE,FALSE,,FALSE,FALSE,2026-08-21 12:53:25.558000 UTC,SHP-215639,partner-booking,CarrierCancelled,2026-08-13 02:23:18.338000 UTC
1,CREF-064281,CB-000239,NSTR,Northstar Container Lines,[],2026-07-28 06:56:31.843000 UTC,FALSE,FALSE,FALSE,,FALSE,FALSE,2026-08-21 12:53:20.237000 UTC,SHP-145096,partner-booking,CarrierConfirmed,2026-07-28 06:56:31.843000 UTC
1,CREF-126438,CB-000380,BLUX,Blue Line Shipping,[],2026-08-18 03:24:05.435000 UTC,FALSE,FALSE,FALSE,,FALSE,FALSE,2026-08-21 12:53:27.021000 UTC,SHP-087007,partner-booking,CarrierConfirmed,2026-08-18 03:24:05.435000 UTC
2,CREF-133884,CB-000719,BLUX,Blue Line Shipping,[45G0],2026-07-27 01:41:43.901000 UTC,FALSE,TRUE,FALSE,api,FALSE,FALSE,2026-08-28 04:18:36.204000 UTC,SHP-120582,transport-order,CarrierConfirmed,2026-08-28 04:18:35.716000 UTC
1,CREF-158657,CB-000134,BLUX,Blue Line Shipping,[45G0],2026-06-05 14:37:23.986000 UTC,FALSE,TRUE,FALSE,api,FALSE,FALSE,2026-08-21 12:53:15.741000 UTC,SHP-102910,,CarrierConfirmed,2026-06-05 14:37:23.986000 UTC
1,CREF-140221,CB-000855,BLUX,Blue Line Shipping,[45G0],2026-01-21 13:56:17.617000 UTC,FALSE,TRUE,FALSE,api,FALSE,FALSE,2026-08-04 18:03:53.740000 UTC,,,CarrierConfirmed,2026-01-21 15:36:56.869000 UTC
1,CREF-077229,CB-000442,BLUX,Blue Line Shipping,[42G0],2026-06-25 09:19:54.503000 UTC,FALSE,TRUE,FALSE,api,FALSE,FALSE,2026-08-21 12:53:16.683000 UTC,SHP-063665,flash,CarrierConfirmed,2026-06-25 10:35:03.816000 UTC
1,CREF-025025,CB-000966,NSTR,Northstar Container Lines,[],2026-08-07 08:20:34.009000 UTC,FALSE,FALSE,FALSE,,FALSE,FALSE,2026-08-21 12:53:24.295000 UTC,SHP-103424,partner-booking,CarrierConfirmed,2026-08-07 08:20:34.009000 UTC
2,CREF-140100,CB-000429,nstr,Northstar Container Lines,[22G0],2026-09-07 06:59:04.086000 UTC,FALSE,TRUE,FALSE,edi,FALSE,FALSE,2026-09-16 09:56:20.365000 UTC,SHP-009341,transport-order,CarrierConfirmed,2026-09-16 09:56:19.763000 UTC
1,CREF-037030,CB-000081,BLUX,Blue Line Shipping,[45G0],2026-07-22 02:15:38.027000 UTC,FALSE,TRUE,FALSE,api,FALSE,FALSE,2026-08-21 12:53:18.425000 UTC,SHP-167719,transport-order,CarrierConfirmed,2026-07-22 03:12:38.027000 UTC
1,CREF-021684,CB-000393,BLUX,Blue Line Shipping,[45R9],2026-05-21 09:45:00.802000 UTC,FALSE,FALSE,TRUE,api,FALSE,FALSE,2026-08-21 12:53:12.314000 UTC,SHP-119774,,CarrierConfirmed,2026-05-22 14:00:51.772000 UTC
1,,CB-000865,BLUX,Blue Line Shipping,[],2026-08-28 01:58:04.160000 UTC,FALSE,FALSE,FALSE,,FALSE,FALSE,2026-09-07 12:27:06.389000 UTC,SHP-001512,partner-booking,Pending,2026-08-31 13:28:04.160000 UTC
1,CREF-159576,CB-000653,Nstr,Northstar Container Lines,[45G0],2026-09-18 08:14:01.478000 UTC,FALSE,TRUE,FALSE,edi,FALSE,FALSE,2026-09-18 11:37:58.530000 UTC,SHP-164355,transport-order,CarrierConfirmed,2026-09-18 11:37:58.104000 UTC
1,CREF-127667,CB-000524,blux,Blue Line Shipping,[45G0],2026-07-22 07:30:55.253000 UTC,FALSE,TRUE,FALSE,api,FALSE,FALSE,2026-08-21 12:53:18.736000 UTC,SHP-171347,flash,CarrierConfirmed,2026-07-22 13:56:58.247000 UTC
1,CREF-162000,CB-000686,NSTR,Northstar Container Lines,[22G0],2026-09-04 02:31:03.302000 UTC,FALSE,TRUE,FALSE,edi,FALSE,FALSE,2026-09-04 08:57:27.906000 UTC,SHP-009341,transport-order,CarrierCancelled,2026-09-04 08:57:27.445000 UTC
1,CREF-143730,CB-000736,BLUX,Blue Line Shipping,[],2026-08-27 09:39:26.846000 UTC,FALSE,FALSE,FALSE,,FALSE,FALSE,2026-08-27 09:39:27.227000 UTC,SHP-146689,partner-booking,CarrierConfirmed,2026-08-27 09:39:26.846000 UTC
1,,CB-000130,NSTR,Northstar Container Lines,[42G0],2026-09-09 09:02:05.570000 UTC,FALSE,TRUE,FALSE,edi,FALSE,FALSE,2026-09-09 09:03:20.978000 UTC,SHP-012877,transport-order,CarrierContacted,2026-09-09 09:03:20.548000 UTC
1,CREF-130720,CB-000857,BLUX,Blue Line Shipping,[],2026-09-10 07:32:46.257000 UTC,FALSE,FALSE,FALSE,,FALSE,FALSE,2026-09-10 07:32:46.890000 UTC,SHP-120954,partner-booking,carrier_confirmed,2026-09-10 07:32:46.257000 UTC
1,CREF-148222,CB-000772,BLUX,Blue Line Shipping,[],2026-08-12 07:48:57.962000 UTC,FALSE,FALSE,FALSE,,FALSE,FALSE,2026-08-21 12:53:25.605000 UTC,SHP-193050,partner-booking,CarrierConfirmed,2026-08-12 07:48:57.962000 UTC
1,CREF-010667,CB-000938,BLUX,Blue Line Shipping,[],2026-09-08 03:32:44.229000 UTC,FALSE,FALSE,FALSE,,FALSE,FALSE,2026-09-08 03:32:44.894000 UTC,SHP-130776,partner-booking,CarrierConfirmed,2026-09-08 03:32:44.229000 UTC
1,CREF-103988,CB-000651,BLUX,Blue Line Shipping,[22G0],2026-05-29 09:27:18.909000 UTC,FALSE,TRUE,FALSE,api,FALSE,FALSE,2026-08-21 12:53:13.110000 UTC,SHP-206902,,CarrierConfirmed,2026-06-01 06:45:12.115000 UTC
1,CREF-081894,CB-000173,blux,Blue Line Shipping,[45G0],2026-02-20 14:00:52.995000 UTC,FALSE,TRUE,FALSE,api,FALSE,FALSE,2026-08-04 18:03:57.151000 UTC,,,CarrierConfirmed,2026-02-20 16:16:00.860000 UTC
1,CREF-011218,CB-000555,BLUX,Blue Line Shipping,[],2026-09-07 08:32:45.209000 UTC,FALSE,FALSE,FALSE,,FALSE,FALSE,2026-09-07 08:32:45.641000 UTC,SHP-113726,partner-booking,carrier_confirmed,2026-09-07 08:32:45.209000 UTC
2,CREF-127097,CB-000683,BLUX,Blue Line Shipping,[],2026-08-26 03:39:23.064000 UTC,FALSE,FALSE,FALSE,,FALSE,FALSE,2026-09-01 03:27:44.377000 UTC,SHP-177508,partner-booking,CarrierConfirmed,2026-09-01 03:27:44.035000 UTC
1,CREF-080044,CB-000448,BLUX,Blue Line Shipping,[],2026-09-17 06:09:31.941000 UTC,FALSE,FALSE,FALSE,,FALSE,FALSE,2026-09-17 06:09:32.290000 UTC,SHP-067142,partner-booking,carrier_confirmed,2026-09-17 06:09:31.941000 UTC
1,CREF-103487,CB-000452,Nstr,Northstar Container Lines,[],2026-07-31 08:35:38.255000 UTC,FALSE,FALSE,FALSE,,FALSE,FALSE,2026-08-21 12:53:22.080000 UTC,SHP-184245,partner-booking,CarrierConfirmed,2026-07-31 08:35:38.255000 UTC
1,CREF-115286,CB-000582,blux,Blue Line Shipping,[45G0],2026-07-10 11:35:03.235000 UTC,FALSE,TRUE,FALSE,api,FALSE,FALSE,2026-08-21 12:53:17.546000 UTC,SHP-089090,transport-order,CarrierCancelled,2026-07-15 13:06:02.375000 UTC
1,,CB-000755,BLUX,Blue Line Shipping,[22G0],2026-08-03 10:05:05.394000 UTC,FALSE,TRUE,FALSE,api,FALSE,FALSE,2026-08-21 12:53:22.602000 UTC,SHP-178075,transport-order,Pending,2026-08-03 10:50:05.394000 UTC
1,CREF-155357,CB-000492,nstr,Northstar Container Lines,[22G0],2026-09-02 06:31:42.471000 UTC,FALSE,TRUE,FALSE,edi,FALSE,FALSE,2026-09-17 19:28:25.473000 UTC,SHP-013493,transport-order,CarrierConfirmed,2026-09-17 19:28:24.576000 UTC
1,CREF-034531,CB-000785,BLUX,Blue Line Shipping,[22G0],2026-07-07 07:56:51.234000 UTC,FALSE,TRUE,FALSE,api,FALSE,FALSE,2026-08-21 12:53:17.407000 UTC,SHP-175176,transport-order,CarrierConfirmed,2026-07-14 05:36:24.726000 UTC
1,CREF-116786,CB-000507,NSTR,Northstar Container Lines,[45G0],2026-09-07 03:47:53.252000 UTC,FALSE,TRUE,FALSE,edi,FALSE,FALSE,2026-09-18 09:19:05.930000 UTC,SHP-075680,transport-order,CarrierConfirmed,2026-09-18 09:19:05.445000 UTC
1,,CB-000183,Blux,Blue Line Shipping,[42G0],2026-02-05 09:07:10.746000 UTC,FALSE,TRUE,FALSE,api,FALSE,TRUE,2026-08-04 18:03:55.378000 UTC,,,Failed,2026-02-05 09:07:11.529000 UTC
1,CREF-123391,CB-000648,blux,Blue Line Shipping,[42G0],2026-01-22 16:41:52.751000 UTC,FALSE,TRUE,FALSE,api,FALSE,FALSE,2026-08-04 18:03:54.166000 UTC,,,CarrierConfirmed,2026-01-23 08:12:18.062000 UTC
1,CREF-078250,CB-000831,NSTR,Northstar Container Lines,[],2026-07-27 07:52:12.066000 UTC,FALSE,FALSE,FALSE,,FALSE,FALSE,2026-08-21 12:53:19.670000 UTC,SHP-094847,partner-booking,carrier_confirmed,2026-07-27 07:52:12.066000 UTC
1,CREF-071981,CB-000340,NSTR,Northstar Container Lines,[22G0],2026-07-27 08:09:21.464000 UTC,FALSE,TRUE,FALSE,edi,FALSE,FALSE,2026-08-21 12:53:19.718000 UTC,SHP-106641,transport-order,CarrierCancelled,2026-08-07 03:14:21.679000 UTC
1,CREF-147808,CB-000057,BLUX,Blue Line Shipping,[],2026-08-06 05:49:05.526000 UTC,FALSE,FALSE,FALSE,,FALSE,FALSE,2026-08-21 12:53:23.899000 UTC,SHP-117901,partner-booking,CarrierCancelled,2026-08-11 06:54:15.613000 UTC
1,CREF-165445,CB-000786,BLUX,Blue Line Shipping,[],2026-09-17 15:48:30.932000 UTC,FALSE,FALSE,FALSE,,FALSE,FALSE,2026-09-17 15:48:31.250000 UTC,SHP-037638,partner-booking,Carrier Confirmed,2026-09-17 15:48:30.932000 UTC
1,,CB-000646,BLUX,Blue Line Shipping,[42G0],2026-09-10 11:40:40.010000 UTC,FALSE,TRUE,FALSE,api,FALSE,FALSE,2026-09-10 11:40:42.629000 UTC,SHP-178598,transport-order,failed,2026-09-10 11:40:42.287000 UTC
2,CREF-046397,CB-000779,BLUX,Blue Line Shipping,[],2026-08-27 02:36:08.859000 UTC,FALSE,FALSE,FALSE,,FALSE,FALSE,2026-08-31 08:02:27.680000 UTC,SHP-043437,partner-booking,CarrierCancelled,2026-08-31 08:02:27.213000 UTC
1,CREF-163157,CB-000940,BLUX,Blue Line Shipping,[],2026-08-26 05:08:01.287000 UTC,FALSE,FALSE,FALSE,,FALSE,FALSE,2026-08-26 05:08:01.953000 UTC,SHP-135507,partner-booking,CarrierConfirmed,2026-08-26 05:08:01.287000 UTC
1,CREF-109147,CB-000580,BLUX,Blue Line Shipping,[],2026-08-26 03:47:23.593000 UTC,FALSE,FALSE,FALSE,,FALSE,FALSE,2026-08-26 03:47:24.003000 UTC,SHP-020719,partner-booking,CarrierConfirmed,2026-08-26 03:47:23.593000 UTC
2,CREF-015180,CB-000561,Blux,Blue Line Shipping,[45G0],2026-08-21 14:42:16.070000 UTC,FALSE,TRUE,FALSE,api,FALSE,FALSE,2026-09-02 12:56:46.221000 UTC,SHP-221417,transport-order,carrier_cancelled,2026-09-02 12:56:45.961000 UTC
1,CREF-147528,CB-000156,BLUX,Blue Line Shipping,[45G0],2026-03-17 13:58:34.189000 UTC,FALSE,TRUE,FALSE,api,FALSE,FALSE,2026-08-04 18:03:58.034000 UTC,SHP-220842,,CarrierConfirmed,2026-03-18 12:24:02.098000 UTC
2,CREF-145657,CB-000918,BLUX,Blue Line Shipping,[22G0],2026-08-07 09:29:44.185000 UTC,FALSE,TRUE,FALSE,api,FALSE,FALSE,2026-08-21 12:53:24.373000 UTC,SHP-106641,transport-order,CarrierConfirmed,2026-08-07 09:46:44.650000 UTC
1,CREF-056776,CB-000865,BLUX,Blue Line Shipping,[],2026-08-28 01:58:04.160000 UTC,FALSE,FALSE,FALSE,,FALSE,FALSE,2026-09-07 12:27:06.389000 UTC,SHP-001512,partner-booking,carrier_confirmed,2026-09-07 12:27:05.376000 UTC
1,,CB-000970,BLUX,Blue Line Shipping,[22G0],2026-06-03 14:52:31.876000 UTC,FALSE,TRUE,FALSE,api,FALSE,FALSE,2026-08-21 12:53:14.066000 UTC,SHP-197268,,Pending,2026-06-03 21:57:31.876000 UTC
3,CREF-031786,CB-000162,BLUX,Blue Line Shipping,[45G0],2026-05-05 08:09:26.703000 UTC,FALSE,TRUE,FALSE,api,TRUE,FALSE,2026-08-21 12:53:11.695000 UTC,SHP-062743,,CarrierConfirmed,2026-05-06 07:35:19.401000 UTC
1,CREF-100322,CB-000008,BLUX,Blue Line Shipping,[22G0],2026-01-27 14:38:54.377000 UTC,FALSE,TRUE,FALSE,api,FALSE,FALSE,2026-08-04 18:03:54.411000 UTC,,,CarrierConfirmed,2026-01-28 10:54:19.870000 UTC
1,,CB-000860,BLUX,Blue Line Shipping,[45G0],2026-03-18 13:29:32.756000 UTC,FALSE,TRUE,FALSE,api,FALSE,FALSE,2026-08-04 18:03:58.075000 UTC,SHP-191996,,PENDING,2026-03-18 13:54:32.756000 UTC
1,CREF-162436,CB-000688,NSTR,Northstar Container Lines,[42G0],2026-09-02 09:57:15.271000 UTC,FALSE,TRUE,FALSE,edi,FALSE,FALSE,2026-09-17 23:04:43.895000 UTC,SHP-106451,transport-order,CarrierConfirmed,2026-09-17 23:04:43.483000 UTC
2,,CB-000240,BLUX,Blue Line Shipping,[45G0],2026-05-05 08:09:11.428000 UTC,FALSE,TRUE,FALSE,api,FALSE,FALSE,2026-08-21 12:53:11.517000 UTC,SHP-062743,,Failed,2026-05-05 08:09:11.933000 UTC
2,CREF-017461,CB-000455,BLUX,Blue Line Shipping,[],2026-08-19 07:26:17.631000 UTC,FALSE,FALSE,FALSE,,FALSE,FALSE,2026-08-21 12:53:27.425000 UTC,SHP-160590,partner-booking,CarrierConfirmed,2026-08-19 07:26:17.631000 UTC
1,CREF-144484,CB-000423,NSTR,Northstar Container Lines,[],2026-07-28 01:19:37.176000 UTC,FALSE,FALSE,FALSE,,FALSE,FALSE,2026-08-21 12:53:19.858000 UTC,SHP-060039,partner-booking,CarrierConfirmed,2026-07-28 01:19:37.176000 UTC
1,CREF-065854,CB-000302,Blux,Blue Line Shipping,[],2026-08-13 14:08:17.114000 UTC,FALSE,FALSE,FALSE,,FALSE,FALSE,2026-08-24 11:02:01.823000 UTC,SHP-153741,partner-booking,CARRIER_CONFIRMED,2026-08-24 11:02:00.584000 UTC
1,,CB-000243,BLUX,Blue Line Shipping,[45G0],2026-09-03 05:56:45.822000 UTC,FALSE,TRUE,FALSE,api,FALSE,TRUE,2026-09-16 14:19:29.239000 UTC,SHP-020571,transport-order,CarrierContacted,2026-09-07 16:43:45.822000 UTC
1,CREF-031816,CB-000413,BLUX,Blue Line Shipping,[],2026-08-06 08:16:28.503000 UTC,FALSE,FALSE,FALSE,,FALSE,FALSE,2026-09-07 16:49:39.519000 UTC,SHP-052886,partner-booking,CarrierConfirmed,2026-08-17 03:07:28.503000 UTC
1,CREF-019484,CB-000973,BLUX,Blue Line Shipping,[],2026-08-25 09:33:17.213000 UTC,FALSE,FALSE,FALSE,,FALSE,FALSE,2026-08-27 07:51:08.057000 UTC,SHP-167568,partner-booking,CarrierCancelled,2026-08-27 07:51:06.746000 UTC
1,CREF-129171,CB-000249,blux,Blue Line Shipping,[],2026-08-14 05:53:06.459000 UTC,FALSE,FALSE,FALSE,,FALSE,FALSE,2026-09-17 05:01:58.008000 UTC,SHP-218248,partner-booking,carrier_confirmed,2026-09-17 05:01:57.704000 UTC
1,CREF-038117,CB-000295,BLUX,Blue Line Shipping,[],2026-09-03 08:33:39.245000 UTC,FALSE,FALSE,FALSE,,FALSE,FALSE,2026-09-07 03:36:17.280000 UTC,SHP-149862,partner-booking,CarrierConfirmed,2026-09-07 03:36:16.937000 UTC
1,CREF-038922,CB-000774,Nstr,Northstar Container Lines,[42G0],2026-07-21 11:58:58.922000 UTC,FALSE,TRUE,FALSE,edi,FALSE,FALSE,2026-08-21 12:53:18.316000 UTC,SHP-120902,transport-order,CarrierConfirmed,2026-08-11 23:03:15.924000 UTC
1,CREF-154541,CB-000907,BLUX,Blue Line Shipping,[],2026-07-27 07:35:12.781000 UTC,FALSE,FALSE,FALSE,,FALSE,FALSE,2026-08-21 12:53:19.568000 UTC,SHP-148783,partner-booking,CarrierConfirmed,2026-07-27 07:35:12.781000 UTC
2,CREF-113717,CB-000554,BLUX,Blue Line Shipping,[45G0],2026-08-05 02:49:52.819000 UTC,FALSE,TRUE,FALSE,api,FALSE,FALSE,2026-08-21 12:53:23.375000 UTC,SHP-055398,transport-order,CarrierConfirmed,2026-08-05 04:39:52.819000 UTC
1,CREF-064285,CB-000570,BLUX,Blue Line Shipping,[],2026-09-08 02:29:59.560000 UTC,FALSE,FALSE,FALSE,,FALSE,FALSE,2026-09-08 02:29:59.968000 UTC,SHP-126596,partner-booking,carrierconfirmed,2026-09-08 02:29:59.560000 UTC
1,CREF-084148,CB-000470,BLUX,Blue Line Shipping,[],2026-09-03 01:02:49.321000 UTC,FALSE,FALSE,FALSE,,FALSE,FALSE,2026-09-03 01:02:50.163000 UTC,SHP-212622,partner-booking,CarrierConfirmed,2026-09-03 01:02:49.321000 UTC
1,CREF-112498,CB-001016,BLUX,Blue Line Shipping,[45G0],2026-02-06 10:43:07.898000 UTC,FALSE,TRUE,FALSE,api,FALSE,FALSE,2026-08-04 18:03:55.577000 UTC,,,CARRIER_CANCELLED,2026-02-06 11:58:35.011000 UTC
1,CREF-112401,CB-000613,NSTR,Northstar Container Lines,[],2026-07-30 18:59:38.675000 UTC,FALSE,FALSE,FALSE,,FALSE,FALSE,2026-08-21 12:53:21.632000 UTC,SHP-039842,partner-booking,CarrierConfirmed,2026-07-30 18:59:38.675000 UTC
2,CREF-053651,CB-000962,BLUX,Blue Line Shipping,[],2026-09-07 08:43:38.787000 UTC,FALSE,FALSE,FALSE,,TRUE,FALSE,2026-09-07 08:43:39.291000 UTC,SHP-184600,partner-booking,Carrier Confirmed,2026-09-07 08:43:38.787000 UTC
1,CREF-066014,CB-000396,BLUX,Blue Line Shipping,[45G0],2026-08-13 04:02:07.549000 UTC,FALSE,TRUE,FALSE,api,FALSE,FALSE,2026-08-31 04:28:01.239000 UTC,SHP-019748,transport-order,CarrierConfirmed,2026-08-19 04:10:07.549000 UTC
1,CREF-064285,CB-000676,BLUX,Blue Line Shipping,[],2026-09-02 01:28:44.097000 UTC,FALSE,FALSE,FALSE,,FALSE,FALSE,2026-09-04 08:14:00.637000 UTC,SHP-195085,partner-booking,CarrierCancelled,2026-09-04 08:14:00.118000 UTC
1,CREF-063982,CB-000167,BLUX,Blue Line Shipping,[],2026-08-11 02:39:58.464000 UTC,FALSE,FALSE,FALSE,,FALSE,FALSE,2026-08-27 03:02:59.094000 UTC,SHP-032913,partner-booking,CarrierCancelled,2026-08-27 03:02:58.703000 UTC
1,CREF-030280,CB-000667,BLUX,Blue Line Shipping,[22G0],2026-08-05 07:20:38.891000 UTC,FALSE,TRUE,FALSE,api,FALSE,FALSE,2026-08-21 12:53:23.569000 UTC,SHP-086940,transport-order,CARRIER_CONFIRMED,2026-08-18 15:08:25.709000 UTC
1,CREF-059528,CB-000796,BLUX,Blue Line Shipping,[45G0],2026-07-08 12:02:24.488000 UTC,FALSE,TRUE,FALSE,api,FALSE,FALSE,2026-08-21 12:53:17.498000 UTC,SHP-213965,transport-order,CarrierConfirmed,2026-07-09 07:48:05.427000 UTC
1,CREF-054990,CB-000471,BLUX,Blue Line Shipping,[],2026-09-04 05:20:07.137000 UTC,FALSE,FALSE,FALSE,,FALSE,FALSE,2026-09-04 05:20:07.483000 UTC,SHP-002359,partner-booking,carrierconfirmed,2026-09-04 05:20:07.137000 UTC
1,CREF-123231,CB-000958,BLUX,Blue Line Shipping,[42G0],2026-06-05 14:44:34.328000 UTC,FALSE,TRUE,FALSE,api,FALSE,FALSE,2026-08-21 12:53:15.906000 UTC,SHP-136572,,CarrierConfirmed,2026-06-05 14:44:34.328000 UTC
1,CREF-037207,CB-000225,blux,Blue Line Shipping,[42G0],2026-09-08 07:27:18.679000 UTC,FALSE,TRUE,FALSE,api,FALSE,FALSE,2026-09-10 06:58:24.962000 UTC,SHP-132990,transport-order,CARRIER_CANCELLED,2026-09-10 06:58:24.418000 UTC
1,CREF-028682,CB-000346,BLUX,Blue Line Shipping,[45G0],2026-06-05 06:22:44.611000 UTC,FALSE,TRUE,FALSE,api,FALSE,FALSE,2026-08-21 12:53:14.260000 UTC,SHP-217294,,CarrierConfirmed,2026-06-05 14:53:37.754000 UTC
1,CREF-074107,CB-000257,BLUX,Blue Line Shipping,"[22G0,42G0]",2026-01-21 07:55:47.869000 UTC,FALSE,TRUE,FALSE,api,FALSE,FALSE,2026-08-04 18:03:53.661000 UTC,,,CarrierConfirmed,2026-01-21 10:35:57.177000 UTC
1,,CB-000274,BLUX,Blue Line Shipping,[],2026-08-14 01:37:24.800000 UTC,FALSE,FALSE,FALSE,,FALSE,FALSE,2026-08-26 04:28:20.187000 UTC,SHP-217337,partner-booking,Pending,2026-08-18 02:34:24.800000 UTC
1,CREF-091282,CB-000128,NSTR,Northstar Container Lines,[42G0],2026-09-02 09:49:06.844000 UTC,FALSE,TRUE,FALSE,edi,FALSE,FALSE,2026-09-10 08:38:30.235000 UTC,SHP-202980,transport-order,CarrierCancelled,2026-09-10 08:38:29.821000 UTC
1,CREF-036109,CB-000292,NSTR,Northstar Container Lines,[45G0],2026-08-14 04:40:17.374000 UTC,FALSE,TRUE,FALSE,edi,FALSE,FALSE,2026-09-17 22:56:23.062000 UTC,SHP-130915,transport-order,CarrierConfirmed,2026-09-17 22:56:22.587000 UTC
1,,CB-000236,BLUX,Blue Line Shipping,[22G0],2026-02-13 13:55:23.816000 UTC,FALSE,TRUE,FALSE,api,FALSE,FALSE,2026-08-04 18:03:56.541000 UTC,,,pending,2026-02-14 13:49:23.816000 UTC
1,CREF-039874,CB-000702,BLUX,Blue Line Shipping,[45G0],2026-07-21 08:59:14.171000 UTC,FALSE,TRUE,FALSE,api,TRUE,FALSE,2026-08-21 12:53:18.187000 UTC,SHP-066801,transport-order,CarrierConfirmed,2026-08-04 14:41:10.501000 UTC
1,CREF-019949,CB-000120,BLUX,Blue Line Shipping,[22G0],2026-05-29 09:21:51.080000 UTC,FALSE,TRUE,FALSE,api,FALSE,FALSE,2026-08-21 12:53:13.067000 UTC,SHP-138242,,CarrierConfirmed,2026-06-01 06:49:49.932000 UTC
1,CREF-017841,CB-000041,BLUX,Blue Line Shipping,[],2026-09-08 08:07:15.721000 UTC,FALSE,FALSE,FALSE,,FALSE,FALSE,2026-09-08 09:23:06.030000 UTC,SHP-171889,partner-booking,Carrier Confirmed,2026-09-08 09:23:05.375000 UTC
1,CREF-120579,CB-000099,BLUX,Blue Line Shipping,[],2026-07-30 02:47:41.488000 UTC,FALSE,FALSE,FALSE,,FALSE,FALSE,2026-08-21 12:53:21.008000 UTC,SHP-027320,partner-booking,CarrierConfirmed,2026-07-30 02:47:41.488000 UTC
1,CREF-136943,CB-000154,BLUX,Blue Line Shipping,[22G0],2026-07-21 05:51:18.731000 UTC,FALSE,TRUE,FALSE,api,FALSE,FALSE,2026-08-21 12:53:18.140000 UTC,SHP-016273,transport-order,CARRIER_CANCELLED,2026-07-22 01:15:33.764000 UTC
1,CREF-030488,CB-000848,BLUX,Blue Line Shipping,[],2026-07-30 14:58:29.200000 UTC,FALSE,FALSE,FALSE,,FALSE,FALSE,2026-09-15 13:13:20.681000 UTC,SHP-178677,partner-booking,CARRIER_CONFIRMED,2026-09-15 13:13:20.041000 UTC
1,CREF-113800,CB-000325,BLUX,Blue Line Shipping,[],2026-09-09 07:07:13.890000 UTC,FALSE,FALSE,FALSE,,FALSE,FALSE,2026-09-10 10:12:52.644000 UTC,SHP-170621,partner-booking,Carrier Confirmed,2026-09-10 10:12:52.332000 UTC
1,,CB-000513,BLUX,Blue Line Shipping,[],2026-08-04 09:21:41.944000 UTC,FALSE,FALSE,FALSE,,FALSE,FALSE,2026-08-21 12:53:23.044000 UTC,SHP-122989,partner-booking,CarrierContacted,2026-08-09 22:36:41.944000 UTC
1,CREF-015893,CB-000456,BLUX,Blue Line Shipping,[],2026-09-04 06:19:14.387000 UTC,FALSE,FALSE,FALSE,,FALSE,FALSE,2026-09-04 06:19:15.064000 UTC,SHP-204830,partner-booking,Carrier Confirmed,2026-09-04 06:19:14.387000 UTC
1,CREF-081375,CB-000498,BLUX,Blue Line Shipping,[],2026-09-01 03:18:57.076000 UTC,FALSE,FALSE,FALSE,,FALSE,FALSE,2026-09-01 03:18:57.447000 UTC,SHP-089878,partner-booking,CarrierConfirmed,2026-09-01 03:18:57.076000 UTC
1,CREF-075401,CB-000970,BLUX,Blue Line Shipping,[22G0],2026-06-03 14:52:31.876000 UTC,FALSE,TRUE,FALSE,api,FALSE,FALSE,2026-08-21 12:53:14.066000 UTC,SHP-197268,,CarrierConfirmed,2026-06-04 12:08:03.824000 UTC
1,CREF-045350,CB-000605,BLUX,Blue Line Shipping,[45R1],2026-02-13 15:42:16.091000 UTC,FALSE,FALSE,TRUE,api,FALSE,FALSE,2026-08-04 18:03:56.614000 UTC,,,CarrierConfirmed,2026-02-13 16:23:55.804000 UTC
1,CREF-135704,CB-000146,blux,Blue Line Shipping,[45G0],2026-07-22 07:33:45.728000 UTC,FALSE,TRUE,FALSE,api,FALSE,FALSE,2026-08-21 12:53:18.760000 UTC,SHP-132165,flash,CarrierConfirmed,2026-07-22 14:00:28.890000 UTC
1,CREF-165349,CB-000231,BLUX,Blue Line Shipping,[],2026-07-30 04:08:02.040000 UTC,FALSE,FALSE,FALSE,,FALSE,FALSE,2026-08-21 12:53:21.103000 UTC,SHP-082821,partner-booking,CarrierCancelled,2026-08-10 03:27:55.181000 UTC
1,CREF-049558,CB-000578,BLUX,Blue Line Shipping,[22G0],2026-02-20 13:33:34.735000 UTC,FALSE,TRUE,FALSE,api,FALSE,FALSE,2026-08-04 18:03:56.989000 UTC,,,CarrierConfirmed,2026-02-24 09:55:40.849000 UTC
1,CREF-145786,CB-000635,BLUX,Blue Line Shipping,[],2026-08-25 05:31:14.709000 UTC,FALSE,FALSE,FALSE,,FALSE,FALSE,2026-09-08 03:02:37.294000 UTC,SHP-187035,partner-booking,CarrierCancelled,2026-09-08 03:02:36.926000 UTC
1,CREF-149143,CB-001017,BLUX,Blue Line Shipping,[],2026-08-12 03:47:57.591000 UTC,FALSE,FALSE,FALSE,,FALSE,FALSE,2026-09-04 07:07:43.301000 UTC,SHP-101589,partner-booking,CARRIER_CONFIRMED,2026-09-04 07:07:42.833000 UTC
1,CREF-078142,CB-000003,BLUX,Blue Line Shipping,[42G0],2026-04-13 06:54:47.907000 UTC,FALSE,TRUE,FALSE,api,FALSE,FALSE,2026-08-04 18:03:58.363000 UTC,SHP-097077,,CarrierConfirmed,2026-04-13 13:10:03.233000 UTC
1,CREF-110921,CB-000206,BLUX,Blue Line Shipping,[45G0],2026-08-13 01:19:55.550000 UTC,FALSE,TRUE,FALSE,api,FALSE,FALSE,2026-08-21 12:53:25.895000 UTC,SHP-116845,transport-order,CarrierConfirmed,2026-08-13 01:28:54.543000 UTC
1,CREF-101729,CB-000336,NSTR,Northstar Container Lines,[42G0],2026-08-04 10:22:19.931000 UTC,FALSE,TRUE,FALSE,edi,FALSE,FALSE,2026-08-21 12:53:23.209000 UTC,SHP-073117,transport-order,CarrierCancelled,2026-08-18 08:04:13.719000 UTC
1,CREF-012730,CB-000462,BLUX,Blue Line Shipping,[],2026-09-15 15:28:39.298000 UTC,FALSE,FALSE,FALSE,,FALSE,FALSE,2026-09-15 15:28:39.945000 UTC,SHP-036426,partner-booking,Carrier Confirmed,2026-09-15 15:28:39.298000 UTC
1,,CB-001033,BLUX,Blue Line Shipping,[22G0],2026-09-07 03:08:05.304000 UTC,FALSE,TRUE,FALSE,api,FALSE,FALSE,2026-09-07 03:08:07.267000 UTC,SHP-188686,transport-order,FAILED,2026-09-07 03:08:06.964000 UTC
1,,CB-000529,BLUX,Blue Line Shipping,[42G0],2026-02-11 12:26:02.092000 UTC,FALSE,TRUE,FALSE,api,FALSE,FALSE,2026-08-04 18:03:55.977000 UTC,,,CarrierContacted,2026-02-11 12:51:02.092000 UTC
1,CREF-063745,CB-000361,BLUX,Blue Line Shipping,[45G0],2026-06-05 14:33:05.199000 UTC,FALSE,TRUE,FALSE,api,TRUE,FALSE,2026-08-21 12:53:15.589000 UTC,SHP-181710,,CarrierConfirmed,2026-06-05 14:33:05.199000 UTC
1,CREF-080825,CB-000421,BLUX,Blue Line Shipping,[],2026-08-13 09:53:36.057000 UTC,FALSE,FALSE,FALSE,,FALSE,FALSE,2026-08-21 12:53:26.375000 UTC,SHP-218845,partner-booking,CarrierConfirmed,2026-08-21 07:18:11.023000 UTC
1,CREF-047689,CB-000794,blux,Blue Line Shipping,[42G0],2026-06-24 15:13:18.831000 UTC,FALSE,TRUE,FALSE,api,FALSE,FALSE,2026-08-21 12:53:16.659000 UTC,SHP-124217,transport-order,CarrierConfirmed,2026-06-24 16:28:27.441000 UTC
1,CREF-002103,CB-000824,BLUX,Blue Line Shipping,[],2026-08-19 01:14:24.188000 UTC,FALSE,FALSE,FALSE,,FALSE,FALSE,2026-09-04 07:40:01.955000 UTC,SHP-101623,partner-booking,carrier_confirmed,2026-09-04 07:40:01.287000 UTC
1,CREF-026986,CB-000525,BLUX,Blue Line Shipping,[45G0],2026-08-25 07:49:55.497000 UTC,FALSE,TRUE,FALSE,api,FALSE,FALSE,2026-08-25 08:38:58.002000 UTC,SHP-105292,transport-order,CarrierConfirmed,2026-08-25 08:38:57.482000 UTC
1,CREF-106812,CB-000936,BLUX,Blue Line Shipping,[],2026-08-26 05:16:25.063000 UTC,FALSE,FALSE,FALSE,,FALSE,FALSE,2026-09-09 03:21:12.955000 UTC,SHP-187360,partner-booking,carrier_confirmed,2026-09-09 03:21:12.215000 UTC
1,CREF-026919,CB-000021,BLUX,Blue Line Shipping,[45G0],2026-07-22 06:34:43.592000 UTC,FALSE,TRUE,FALSE,api,FALSE,FALSE,2026-08-21 12:53:18.538000 UTC,SHP-125120,transport-order,CarrierCancelled,2026-07-22 06:49:27.966000 UTC
1,CREF-096956,CB-000866,Blux,Blue Line Shipping,[],2026-08-20 11:29:15.478000 UTC,FALSE,FALSE,FALSE,,FALSE,FALSE,2026-08-21 12:53:27.886000 UTC,SHP-156784,partner-booking,CarrierConfirmed,2026-08-20 11:29:15.478000 UTC
1,CREF-072407,CB-000069,BLUX,Blue Line Shipping,[],2026-07-27 06:51:18.892000 UTC,FALSE,FALSE,FALSE,,FALSE,FALSE,2026-08-21 12:53:19.452000 UTC,SHP-099511,partner-booking,CarrierConfirmed,2026-08-06 10:41:50.015000 UTC
1,CREF-160840,CB-000226,BLUX,Blue Line Shipping,[],2026-09-09 06:32:50.671000 UTC,FALSE,FALSE,FALSE,,FALSE,FALSE,2026-09-14 13:28:09.760000 UTC,SHP-131576,partner-booking,Carrier Confirmed,2026-09-14 13:28:09.078000 UTC
1,CREF-002365,CB-000487,BLUX,Blue Line Shipping,[],2026-08-05 07:20:11.052000 UTC,FALSE,FALSE,FALSE,,FALSE,FALSE,2026-08-21 12:53:23.546000 UTC,SHP-034194,partner-booking,CarrierConfirmed,2026-08-13 01:05:26.265000 UTC
1,CREF-081131,CB-000230,BLUX,Blue Line Shipping,[45G0],2026-08-10 13:59:26.572000 UTC,FALSE,TRUE,FALSE,api,FALSE,FALSE,2026-09-15 13:38:28.994000 UTC,SHP-219760,flash,carrier_confirmed,2026-09-15 13:38:28.570000 UTC
1,CREF-050774,CB-000819,BLUX,Blue Line Shipping,[],2026-08-12 03:30:58.428000 UTC,FALSE,FALSE,FALSE,,FALSE,FALSE,2026-08-21 12:53:25.438000 UTC,SHP-145834,partner-booking,Carrier Confirmed,2026-08-12 03:30:58.428000 UTC
1,CREF-097712,CB-000207,BLUX,Blue Line Shipping,[],2026-08-31 09:30:49.889000 UTC,FALSE,FALSE,FALSE,,FALSE,FALSE,2026-08-31 09:30:50.232000 UTC,SHP-090411,partner-booking,CarrierConfirmed,2026-08-31 09:30:49.889000 UTC
1,CREF-118038,CB-000241,Blux,Blue Line Shipping,[45G0],2026-06-22 13:34:19.442000 UTC,FALSE,TRUE,FALSE,api,FALSE,FALSE,2026-08-21 12:53:16.587000 UTC,SHP-024964,flash,CarrierConfirmed,2026-06-22 14:49:28.518000 UTC
1,CREF-057849,CB-000547,BLUX,Blue Line Shipping,[],2026-09-18 06:38:36.645000 UTC,FALSE,FALSE,FALSE,,FALSE,FALSE,2026-09-18 06:38:37.043000 UTC,SHP-136220,partner-booking,CARRIER_CONFIRMED,2026-09-18 06:38:36.645000 UTC
2,CREF-125192,CB-000010,NSTR,Northstar Container Lines,[],2026-07-29 14:38:41.280000 UTC,FALSE,FALSE,FALSE,,FALSE,FALSE,2026-08-21 12:53:20.863000 UTC,SHP-067351,partner-booking,CarrierConfirmed,2026-07-29 14:38:41.280000 UTC
1,CREF-051917,CB-000877,NSTR,Northstar Container Lines,[],2026-07-30 05:30:16.870000 UTC,FALSE,FALSE,FALSE,,FALSE,FALSE,2026-08-21 12:53:21.150000 UTC,SHP-116809,partner-booking,CarrierConfirmed,2026-07-30 05:30:16.870000 UTC
1,CREF-054099,CB-000386,BLUX,Blue Line Shipping,[45G0],2026-09-08 12:47:29.919000 UTC,FALSE,TRUE,FALSE,api,FALSE,FALSE,2026-09-08 13:40:53.734000 UTC,SHP-128084,transport-order,CARRIER_CONFIRMED,2026-09-08 13:40:53.237000 UTC
1,CREF-085685,CB-000644,BLUX,Blue Line Shipping,[],2026-09-11 07:29:52.705000 UTC,FALSE,FALSE,FALSE,,FALSE,FALSE,2026-09-11 07:29:52.942000 UTC,SHP-046717,partner-booking,CarrierConfirmed,2026-09-11 07:29:52.705000 UTC
1,CREF-071746,CB-000182,BLUX,Blue Line Shipping,[45G0],2026-08-11 05:40:30.705000 UTC,FALSE,TRUE,FALSE,api,FALSE,FALSE,2026-08-28 05:40:53.663000 UTC,SHP-079726,transport-order,CarrierConfirmed,2026-08-28 05:40:53.188000 UTC
1,CREF-007495,CB-000297,Blux,Blue Line Shipping,[22G0],2026-05-19 13:04:41.106000 UTC,FALSE,TRUE,FALSE,api,FALSE,FALSE,2026-08-21 12:53:12.178000 UTC,SHP-128251,,CarrierConfirmed,2026-05-19 13:19:46.631000 UTC
1,CREF-044541,CB-000623,blux,Blue Line Shipping,[42G0],2026-01-23 09:07:22.725000 UTC,FALSE,TRUE,FALSE,api,FALSE,FALSE,2026-08-04 18:03:54.284000 UTC,,,CarrierConfirmed,2026-01-23 09:42:29.116000 UTC
1,CREF-091942,CB-000711,NSTR,Northstar Container Lines,[],2026-07-30 15:21:53.882000 UTC,FALSE,FALSE,FALSE,,FALSE,FALSE,2026-08-21 12:53:21.608000 UTC,SHP-097669,partner-booking,CarrierConfirmed,2026-07-30 15:21:53.882000 UTC
1,CREF-054423,CB-000861,blux,Blue Line Shipping,[],2026-08-11 05:50:24.417000 UTC,FALSE,FALSE,FALSE,,FALSE,FALSE,2026-08-21 12:53:25.204000 UTC,SHP-134585,partner-booking,CarrierCancelled,2026-08-13 06:47:55.126000 UTC
1,,CB-000916,NSTR,Northstar Container Lines,[45G0],2026-09-11 03:06:49.704000 UTC,FALSE,TRUE,FALSE,edi,FALSE,FALSE,2026-09-11 07:08:25.537000 UTC,SHP-088276,transport-order,Failed,2026-09-11 07:08:24.692000 UTC
1,,CB-000765,BLUX,Blue Line Shipping,[],2026-09-09 08:04:09.182000 UTC,FALSE,FALSE,FALSE,,FALSE,FALSE,2026-09-15 10:02:12.022000 UTC,SHP-079209,partner-booking,pending,2026-09-11 08:43:09.182000 UTC
1,CREF-004878,CB-000001,NSTR,Northstar Container Lines,[22G0],2026-07-30 06:59:56.699000 UTC,FALSE,TRUE,FALSE,edi,FALSE,FALSE,2026-08-28 19:14:13.054000 UTC,SHP-038187,transport-order,CarrierConfirmed,2026-08-28 19:14:12.448000 UTC
1,,CB-000223,BLUX,Blue Line Shipping,[45G0],2026-02-20 13:36:05.095000 UTC,FALSE,TRUE,FALSE,api,FALSE,FALSE,2026-08-04 18:03:57.034000 UTC,,,CarrierContacted,2026-02-21 13:11:05.095000 UTC
1,CREF-033039,CB-000898,blux,Blue Line Shipping,[45G0],2026-08-19 11:38:44.306000 UTC,FALSE,TRUE,FALSE,api,FALSE,FALSE,2026-08-21 12:53:27.667000 UTC,SHP-146485,flash,CarrierConfirmed,2026-08-19 11:50:00.761000 UTC
3,,CB-000830,BLUX,Blue Line Shipping,[45G0],2026-06-03 11:24:08.714000 UTC,FALSE,TRUE,FALSE,api,FALSE,TRUE,2026-08-21 12:53:13.783000 UTC,SHP-124785,,Failed,2026-06-03 11:24:11.651000 UTC
1,CREF-162079,CB-000659,BLUX,Blue Line Shipping,[],2026-07-28 02:50:34.837000 UTC,FALSE,FALSE,FALSE,,FALSE,FALSE,2026-08-21 12:53:20.073000 UTC,SHP-007069,partner-booking,CarrierConfirmed,2026-08-13 01:06:06.452000 UTC
1,CREF-049688,CB-000583,nstr,Northstar Container Lines,[],2026-08-07 08:17:33.461000 UTC,FALSE,FALSE,FALSE,,FALSE,FALSE,2026-08-21 12:53:24.269000 UTC,SHP-188143,partner-booking,carrier_confirmed,2026-08-07 08:17:33.461000 UTC
1,CREF-158120,CB-000508,NSTR,Northstar Container Lines,[45G0],2026-07-16 03:03:08.175000 UTC,FALSE,TRUE,FALSE,edi,FALSE,FALSE,2026-08-21 12:53:17.802000 UTC,SHP-186285,transport-order,CarrierConfirmed,2026-08-12 15:07:25.640000 UTC
1,CREF-147118,CB-000087,BLUX,Blue Line Shipping,[22G0],2026-08-20 11:10:15.321000 UTC,FALSE,TRUE,FALSE,api,FALSE,FALSE,2026-08-21 12:53:27.862000 UTC,SHP-085113,transport-order,CarrierConfirmed,2026-08-20 14:25:45.090000 UTC
1,CREF-165213,CB-000217,Nstr,Northstar Container Lines,[42G0],2026-06-17 14:37:53.644000 UTC,FALSE,TRUE,FALSE,edi,FALSE,FALSE,2026-08-21 12:53:16.541000 UTC,SHP-147526,transport-order,CarrierConfirmed,2026-07-15 06:07:29.991000 UTC
1,CREF-026541,CB-000514,BLUX,Blue Line Shipping,[42G0],2026-01-14 11:29:50.421000 UTC,FALSE,TRUE,FALSE,api,FALSE,FALSE,2026-08-04 18:03:52.716000 UTC,,,CarrierConfirmed,2026-01-14 12:44:57.292000 UTC
1,CREF-051592,CB-000139,NSTR,Northstar Container Lines,[],2026-07-28 04:55:55.402000 UTC,FALSE,FALSE,FALSE,,FALSE,FALSE,2026-08-21 12:53:20.144000 UTC,SHP-112779,partner-booking,CarrierConfirmed,2026-07-28 04:55:55.402000 UTC
1,CREF-026365,CB-000229,NSTR,Northstar Container Lines,[],2026-07-31 07:19:29.175000 UTC,FALSE,FALSE,FALSE,,FALSE,FALSE,2026-08-21 12:53:21.967000 UTC,SHP-027807,partner-booking,CarrierConfirmed,2026-07-31 07:19:29.175000 UTC
1,CREF-030294,CB-000212,BLUX,Blue Line Shipping,[],2026-08-05 03:56:20.987000 UTC,FALSE,FALSE,FALSE,,FALSE,FALSE,2026-09-02 13:21:43.368000 UTC,SHP-210576,partner-booking,carrierconfirmed,2026-09-02 13:21:42.928000 UTC
1,CREF-121111,CB-000521,BLUX,Blue Line Shipping,[45G0],2026-07-22 07:14:56.208000 UTC,FALSE,TRUE,FALSE,api,FALSE,FALSE,2026-08-21 12:53:18.624000 UTC,SHP-052544,flash,CarrierConfirmed,2026-07-22 13:43:45.227000 UTC
1,CREF-159155,CB-000533,NSTR,Northstar Container Lines,[],2026-08-05 02:11:34.274000 UTC,FALSE,FALSE,FALSE,,FALSE,FALSE,2026-08-21 12:53:23.351000 UTC,SHP-080192,partner-booking,CarrierConfirmed,2026-08-05 02:11:34.274000 UTC
1,CREF-065577,CB-000510,blux,Blue Line Shipping,[22G0],2026-04-30 13:05:35.934000 UTC,FALSE,TRUE,FALSE,api,FALSE,FALSE,2026-08-04 18:03:58.523000 UTC,SHP-049098,,CarrierConfirmed,2026-04-30 14:20:45.652000 UTC
1,CREF-134464,CB-000817,blux,Blue Line Shipping,[42G0],2026-07-20 10:07:25.433000 UTC,FALSE,TRUE,FALSE,api,FALSE,FALSE,2026-08-21 12:53:18.117000 UTC,SHP-150612,transport-order,CarrierConfirmed,2026-08-11 10:45:18.789000 UTC
2,CREF-163658,CB-000288,BLUX,Blue Line Shipping,[22G0],2026-08-26 03:03:41.593000 UTC,FALSE,TRUE,FALSE,api,FALSE,FALSE,2026-08-26 04:15:02.607000 UTC,SHP-109490,transport-order,CarrierCancelled,2026-08-26 04:15:02.189000 UTC
1,CREF-031259,CB-000417,BLUX,Blue Line Shipping,[],2026-09-10 06:31:33.736000 UTC,FALSE,FALSE,FALSE,,FALSE,FALSE,2026-09-10 06:31:34.146000 UTC,SHP-218458,partner-booking,CarrierConfirmed,2026-09-10 06:31:33.736000 UTC
1,CREF-056578,CB-000685,BLUX,Blue Line Shipping,[],2026-08-05 07:23:28.459000 UTC,FALSE,FALSE,FALSE,,FALSE,FALSE,2026-08-21 12:53:23.593000 UTC,SHP-176016,partner-booking,Carrier Confirmed,2026-08-13 01:06:06.269000 UTC
1,CREF-057493,CB-000803,BLUX,Blue Line Shipping,[],2026-08-26 00:54:09.409000 UTC,FALSE,FALSE,FALSE,,FALSE,FALSE,2026-08-26 10:23:03.636000 UTC,SHP-184600,partner-booking,CarrierCancelled,2026-08-26 10:23:03.215000 UTC
1,CREF-010253,CB-000741,Blux,Blue Line Shipping,[42G0],2026-05-28 13:24:49.034000 UTC,FALSE,TRUE,FALSE,api,FALSE,FALSE,2026-08-21 12:53:12.473000 UTC,SHP-213275,,CarrierConfirmed,2026-05-28 14:40:04.290000 UTC
1,CREF-040312,CB-000022,BLUX,Blue Line Shipping,[45G0],2026-01-15 10:52:39.926000 UTC,FALSE,TRUE,FALSE,api,FALSE,FALSE,2026-08-04 18:03:52.903000 UTC,,,CarrierConfirmed,2026-01-16 10:08:05.394000 UTC
1,CREF-011269,CB-000872,BLUX,Blue Line Shipping,[45G0],2026-02-11 09:31:15.147000 UTC,FALSE,TRUE,FALSE,api,FALSE,FALSE,2026-08-04 18:03:55.899000 UTC,,,CarrierConfirmed,2026-02-11 10:06:21.123000 UTC
2,CREF-005368,CB-000988,BLUX,Blue Line Shipping,[],2026-09-15 11:49:10.422000 UTC,FALSE,FALSE,FALSE,,FALSE,FALSE,2026-09-15 12:38:46.321000 UTC,SHP-130503,partner-booking,CarrierConfirmed,2026-09-15 12:38:45.946000 UTC
3,,CB-000191,blux,Blue Line Shipping,[42G0],2026-08-13 05:35:20.058000 UTC,FALSE,TRUE,FALSE,api,FALSE,FALSE,2026-08-21 12:53:26.132000 UTC,SHP-203680,transport-order,failed,2026-08-13 05:35:22.036000 UTC
1,,CB-000823,BLUX,Blue Line Shipping,[45G0],2026-02-18 20:46:44.008000 UTC,FALSE,TRUE,FALSE,api,FALSE,FALSE,2026-08-04 18:03:56.920000 UTC,,,Pending,2026-02-19 00:08:44.008000 UTC
1,CREF-155233,CB-001043,BLUX,Blue Line Shipping,[22G0],2026-09-09 11:11:29.610000 UTC,FALSE,TRUE,FALSE,api,FALSE,FALSE,2026-09-10 09:08:03.236000 UTC,SHP-092141,flash,Carrier Confirmed,2026-09-10 09:08:02.448000 UTC
4,CREF-164812,CB-000519,BLUX,Blue Line Shipping,[],2026-08-19 08:41:38.446000 UTC,FALSE,FALSE,FALSE,,FALSE,FALSE,2026-08-24 07:05:09.219000 UTC,SHP-112326,partner-booking,CarrierCancelled,2026-08-24 07:05:08.693000 UTC
1,CREF-029693,CB-000177,BLUX,Blue Line Shipping,[],2026-08-11 02:52:49.661000 UTC,FALSE,FALSE,FALSE,,FALSE,FALSE,2026-08-27 03:09:31.306000 UTC,SHP-178539,partner-booking,CarrierConfirmed,2026-08-16 10:57:49.661000 UTC
1,,CB-000598,BLUX,Blue Line Shipping,[42G0],2026-07-03 08:21:59.300000 UTC,FALSE,TRUE,FALSE,api,FALSE,TRUE,2026-08-21 12:53:17.236000 UTC,SHP-043347,flash,Failed,2026-07-03 08:22:02.508000 UTC
1,CREF-155134,CB-000941,blux,Blue Line Shipping,[],2026-08-27 09:04:09.413000 UTC,FALSE,FALSE,FALSE,,FALSE,FALSE,2026-08-31 14:54:13.761000 UTC,SHP-109478,partner-booking,CarrierConfirmed,2026-08-31 14:54:13.208000 UTC
1,CREF-119245,CB-000853,nstr,Northstar Container Lines,[],2026-08-10 07:56:46.414000 UTC,FALSE,FALSE,FALSE,,FALSE,FALSE,2026-08-21 12:53:24.750000 UTC,SHP-166240,partner-booking,carrierconfirmed,2026-08-10 07:56:46.414000 UTC
2,CREF-102807,CB-000484,Nstr,Northstar Container Lines,[22G0],2026-09-04 03:08:00.445000 UTC,FALSE,TRUE,FALSE,edi,FALSE,FALSE,2026-09-17 03:28:38.126000 UTC,SHP-007500,transport-order,CarrierConfirmed,2026-09-17 03:28:37.333000 UTC
1,CREF-007907,CB-000694,BLUX,Blue Line Shipping,[],2026-09-17 06:25:53.817000 UTC,FALSE,FALSE,FALSE,,FALSE,FALSE,2026-09-17 06:25:54.734000 UTC,SHP-062985,partner-booking,CarrierConfirmed,2026-09-17 06:25:53.817000 UTC
1,,CB-000690,BLUX,Blue Line Shipping,[45G0],2026-08-13 05:33:52.819000 UTC,FALSE,TRUE,FALSE,api,FALSE,FALSE,2026-08-21 12:53:26.085000 UTC,SHP-203680,transport-order,Failed,2026-08-13 05:33:55.061000 UTC
1,CREF-021242,CB-000493,NSTR,Northstar Container Lines,[42G0],2026-09-01 14:45:58.257000 UTC,FALSE,TRUE,FALSE,edi,FALSE,FALSE,2026-09-09 12:05:13.063000 UTC,SHP-050491,,CarrierCancelled,2026-09-09 12:05:12.446000 UTC
1,,CB-000802,BLUX,Blue Line Shipping,[22G0],2026-09-15 01:42:45.552000 UTC,FALSE,TRUE,FALSE,api,FALSE,FALSE,2026-09-18 11:25:55.359000 UTC,SHP-120284,transport-order,CARRIER_CONTACTED,2026-09-16 04:56:45.552000 UTC
1,CREF-009653,CB-000161,BLUX,Blue Line Shipping,[45G0],2026-08-04 12:35:44.035000 UTC,FALSE,TRUE,FALSE,api,FALSE,FALSE,2026-08-21 12:53:23.257000 UTC,SHP-044534,transport-order,CarrierConfirmed,2026-08-06 11:33:29.588000 UTC
1,CREF-120345,CB-000828,BLUX,Blue Line Shipping,[42G0],2026-02-12 12:25:02.853000 UTC,FALSE,TRUE,FALSE,api,FALSE,FALSE,2026-08-04 18:03:56.310000 UTC,,,CarrierConfirmed,2026-02-12 14:40:11.512000 UTC
1,CREF-029544,CB-000481,BLUX,Blue Line Shipping,[22G0],2026-06-05 14:42:46.124000 UTC,FALSE,TRUE,FALSE,api,FALSE,FALSE,2026-08-21 12:53:15.882000 UTC,SHP-006925,,CarrierConfirmed,2026-06-05 14:42:46.124000 UTC
1,CREF-131779,CB-000169,BLUX,Blue Line Shipping,[],2026-09-09 07:50:38.022000 UTC,FALSE,FALSE,FALSE,,FALSE,FALSE,2026-09-09 07:50:38.391000 UTC,SHP-008805,partner-booking,Carrier Confirmed,2026-09-09 07:50:38.022000 UTC
1,CREF-114484,CB-000812,BLUX,Blue Line Shipping,[],2026-08-14 01:45:27.969000 UTC,FALSE,FALSE,FALSE,,FALSE,FALSE,2026-09-04 05:05:28.526000 UTC,SHP-004149,partner-booking,Carrier Confirmed,2026-09-04 05:05:27.875000 UTC
1,CREF-131916,CB-000955,NSTR,Northstar Container Lines,[42G0],2026-08-04 10:07:06.796000 UTC,FALSE,TRUE,FALSE,edi,FALSE,FALSE,2026-08-21 12:53:23.067000 UTC,SHP-136390,transport-order,CarrierConfirmed,2026-08-09 01:26:06.796000 UTC
1,CREF-014630,CB-000258,BLUX,Blue Line Shipping,[],2026-09-07 09:36:31.149000 UTC,FALSE,FALSE,FALSE,,FALSE,FALSE,2026-09-14 07:27:39.114000 UTC,SHP-220561,partner-booking,CARRIER_CONFIRMED,2026-09-14 07:27:38.557000 UTC
2,CREF-119728,CB-000984,BLUX,Blue Line Shipping,[45G0],2026-09-07 02:22:17.469000 UTC,FALSE,TRUE,FALSE,api,FALSE,FALSE,2026-09-07 04:34:13.674000 UTC,SHP-179266,transport-order,CarrierCanceled,2026-09-07 04:34:12.698000 UTC
1,CREF-018447,CB-000354,BLUX,Blue Line Shipping,[45G0],2026-03-10 10:58:29.453000 UTC,FALSE,TRUE,FALSE,api,FALSE,FALSE,2026-08-04 18:03:57.886000 UTC,SHP-010295,,CarrierConfirmed,2026-03-10 12:15:28.152000 UTC
1,CREF-127116,CB-000886,BLUX,Blue Line Shipping,[45G0],2026-06-05 13:34:00.532000 UTC,FALSE,TRUE,FALSE,api,FALSE,FALSE,2026-08-21 12:53:15.075000 UTC,SHP-055695,,CarrierConfirmed,2026-06-05 14:20:37.417000 UTC
1,CREF-138658,CB-000744,BLUX,Blue Line Shipping,[22G0],2026-07-27 06:47:25.711000 UTC,FALSE,TRUE,FALSE,api,FALSE,FALSE,2026-08-21 12:53:19.429000 UTC,SHP-159396,transport-order,CarrierConfirmed,2026-08-13 08:28:06.397000 UTC
1,CREF-030795,CB-000392,Blux,Blue Line Shipping,[45G0],2026-02-19 09:24:03.776000 UTC,FALSE,TRUE,FALSE,api,FALSE,FALSE,2026-08-04 18:03:56.953000 UTC,,,CarrierConfirmed,2026-02-20 13:14:44.439000 UTC
1,,CB-000923,BLUX,Blue Line Shipping,[22G0],2026-01-29 11:36:07.988000 UTC,FALSE,TRUE,FALSE,api,FALSE,TRUE,2026-08-04 18:03:54.666000 UTC,,,Failed,2026-01-29 11:37:07.999000 UTC
1,CREF-136575,CB-000228,BLUX,Blue Line Shipping,[45G0],2026-08-04 06:23:58.034000 UTC,FALSE,TRUE,FALSE,api,FALSE,FALSE,2026-08-21 12:53:22.828000 UTC,SHP-020606,transport-order,CarrierCancelled,2026-08-04 10:50:14.357000 UTC
1,CREF-165640,CB-000431,BLUX,Blue Line Shipping,[],2026-09-08 01:18:13.186000 UTC,FALSE,FALSE,FALSE,,FALSE,FALSE,2026-09-08 01:18:13.678000 UTC,SHP-006554,partner-booking,CarrierConfirmed,2026-09-08 01:18:13.186000 UTC
1,CREF-053619,CB-000355,blux,Blue Line Shipping,[],2026-07-28 01:55:18.457000 UTC,FALSE,FALSE,FALSE,,FALSE,FALSE,2026-08-21 12:53:19.980000 UTC,SHP-017233,partner-booking,CarrierConfirmed,2026-08-19 08:07:31.399000 UTC
1,CREF-067103,CB-000627,BLUX,Blue Line Shipping,[45G0],2026-07-15 15:08:04.734000 UTC,FALSE,TRUE,FALSE,api,FALSE,FALSE,2026-08-21 12:53:17.752000 UTC,SHP-131088,transport-order,CarrierCancelled,2026-07-28 12:09:12.440000 UTC
1,CREF-021921,CB-000029,BLUX,Blue Line Shipping,[22G0],2026-06-03 12:58:30.559000 UTC,FALSE,TRUE,FALSE,api,FALSE,FALSE,2026-08-21 12:53:13.905000 UTC,SHP-096990,,CarrierConfirmed,2026-06-03 13:13:46.019000 UTC
1,CREF-036950,CB-000800,BLUX,Blue Line Shipping,[22G0],2026-07-01 11:41:00.970000 UTC,FALSE,TRUE,FALSE,api,FALSE,FALSE,2026-08-21 12:53:17.140000 UTC,SHP-153182,transport-order,CarrierConfirmed,2026-07-01 12:56:08.633000 UTC
1,CREF-054812,CB-000701,BLUX,Blue Line Shipping,[42G0],2026-07-29 02:55:28.721000 UTC,FALSE,TRUE,FALSE,api,FALSE,FALSE,2026-08-21 12:53:20.518000 UTC,SHP-069985,transport-order,CarrierConfirmed,2026-07-30 08:45:31.272000 UTC
1,,CB-000611,BLUX,Blue Line Shipping,[],2026-08-20 09:04:58.423000 UTC,FALSE,FALSE,FALSE,,FALSE,FALSE,2026-09-04 09:58:40.769000 UTC,SHP-076530,partner-booking,PENDING,2026-08-25 09:22:58.423000 UTC
1,,CB-000145,NSTR,Northstar Container Lines,[22R1],2026-08-25 09:15:34.903000 UTC,FALSE,FALSE,TRUE,edi,FALSE,FALSE,2026-09-15 10:03:05.502000 UTC,SHP-073573,transport-order,CarrierContacted,2026-09-01 09:31:34.903000 UTC
1,CREF-060751,CB-000023,BLUX,Blue Line Shipping,[45G0],2026-07-21 09:10:26.278000 UTC,FALSE,TRUE,FALSE,api,FALSE,FALSE,2026-08-21 12:53:18.236000 UTC,SHP-056465,transport-order,CarrierConfirmed,2026-08-05 05:21:38.483000 UTC
1,CREF-038028,CB-000318,NSTR,Northstar Container Lines,[45G0],2026-08-24 02:12:37.929000 UTC,FALSE,TRUE,FALSE,edi,FALSE,FALSE,2026-09-04 22:01:39.482000 UTC,SHP-050884,transport-order,carrier_confirmed,2026-09-04 22:01:39.015000 UTC
1,CREF-145708,CB-000949,NSTR,Northstar Container Lines,[],2026-07-31 10:04:24.584000 UTC,FALSE,FALSE,FALSE,,FALSE,FALSE,2026-08-21 12:53:22.201000 UTC,SHP-172652,partner-booking,CarrierConfirmed,2026-07-31 10:04:24.584000 UTC
1,CREF-021785,CB-000559,blux,Blue Line Shipping,[45G0],2026-06-05 14:29:41.648000 UTC,FALSE,TRUE,FALSE,api,FALSE,FALSE,2026-08-21 12:53:15.431000 UTC,SHP-088991,,CarrierConfirmed,2026-06-05 14:29:41.648000 UTC
1,CREF-017144,CB-000425,NSTR,Northstar Container Lines,"[22G0,45G0]",2026-07-27 07:43:31.427000 UTC,FALSE,TRUE,FALSE,edi,FALSE,FALSE,2026-08-21 12:53:19.620000 UTC,SHP-028261,transport-order,CarrierCancelled,2026-08-06 09:30:29.648000 UTC
1,CREF-082740,CB-000403,BLUX,Blue Line Shipping,[22G0],2026-07-24 13:33:35.254000 UTC,FALSE,TRUE,FALSE,api,FALSE,FALSE,2026-08-21 12:53:19.253000 UTC,SHP-089797,,CarrierConfirmed,2026-07-28 09:44:03.950000 UTC
2,,CB-000756,BLUX,Blue Line Shipping,[45G0],2026-06-12 11:43:22.742000 UTC,FALSE,TRUE,FALSE,api,FALSE,FALSE,2026-08-21 12:53:16.348000 UTC,SHP-207195,flash,Failed,2026-06-12 11:43:24.729000 UTC
1,CREF-150830,CB-000366,BLUX,Blue Line Shipping,[],2026-07-31 06:18:10.266000 UTC,FALSE,FALSE,FALSE,,FALSE,FALSE,2026-08-21 12:53:21.823000 UTC,SHP-042960,partner-booking,CarrierConfirmed,2026-08-11 14:20:43.242000 UTC
1,CREF-133123,CB-000643,BLUX,Blue Line Shipping,[42G0],2026-02-05 10:40:34.725000 UTC,FALSE,TRUE,FALSE,api,FALSE,FALSE,2026-08-04 18:03:55.421000 UTC,,,CarrierConfirmed,2026-02-05 11:55:42.304000 UTC
1,CREF-148836,CB-000343,blux,Blue Line Shipping,[42G0],2026-06-05 10:09:58.712000 UTC,FALSE,TRUE,FALSE,api,FALSE,FALSE,2026-08-21 12:53:14.919000 UTC,SHP-134998,,CarrierConfirmed,2026-06-05 10:45:05.281000 UTC
1,CREF-029109,CB-001044,NSTR,Northstar Container Lines,[],2026-07-27 07:21:21.117000 UTC,FALSE,FALSE,FALSE,,FALSE,FALSE,2026-08-21 12:53:19.476000 UTC,SHP-221806,partner-booking,CarrierConfirmed,2026-07-27 07:21:21.117000 UTC
1,CREF-031171,CB-000592,BLUX,Blue Line Shipping,[45G0],2026-07-22 03:29:53.994000 UTC,FALSE,TRUE,FALSE,api,FALSE,FALSE,2026-08-21 12:53:18.499000 UTC,SHP-116444,transport-order,CarrierCancelled,2026-07-22 08:45:09.525000 UTC
1,CREF-101174,CB-000214,BLUX,Blue Line Shipping,[42G0],2026-01-23 08:49:15.783000 UTC,FALSE,TRUE,FALSE,api,FALSE,FALSE,2026-08-04 18:03:54.241000 UTC,,,CarrierConfirmed,2026-01-23 13:09:26.086000 UTC
1,CREF-154256,CB-000713,BLUX,Blue Line Shipping,[],2026-09-08 05:40:46.308000 UTC,FALSE,FALSE,FALSE,,FALSE,FALSE,2026-09-09 06:59:27.977000 UTC,SHP-130488,partner-booking,carrier_cancelled,2026-09-09 06:59:27.568000 UTC
1,CREF-057892,CB-000238,BLUX,Blue Line Shipping,[22G0],2026-08-14 03:40:06.238000 UTC,FALSE,TRUE,FALSE,api,FALSE,FALSE,2026-08-21 12:53:26.493000 UTC,SHP-043929,transport-order,CarrierConfirmed,2026-08-14 03:52:46.707000 UTC
1,CREF-027172,CB-000131,NSTR,Northstar Container Lines,[],2026-07-30 09:46:15.560000 UTC,FALSE,FALSE,FALSE,,FALSE,FALSE,2026-08-21 12:53:21.394000 UTC,SHP-009421,partner-booking,CarrierConfirmed,2026-07-30 09:46:15.560000 UTC
1,CREF-081493,CB-000326,BLUX,Blue Line Shipping,[],2026-08-25 09:21:54.361000 UTC,FALSE,FALSE,FALSE,,FALSE,FALSE,2026-08-28 09:48:10.377000 UTC,SHP-137499,partner-booking,CarrierConfirmed,2026-08-28 09:48:09.980000 UTC
1,CREF-124860,CB-000867,BLUX,Blue Line Shipping,[45G0],2026-02-16 14:57:38.899000 UTC,FALSE,TRUE,FALSE,api,FALSE,FALSE,2026-08-04 18:03:56.699000 UTC,,,CARRIER_CONFIRMED,2026-02-17 10:12:59.739000 UTC
1,CREF-127432,CB-000509,BLUX,Blue Line Shipping,[],2026-09-17 09:05:50.315000 UTC,FALSE,FALSE,FALSE,,FALSE,FALSE,2026-09-17 09:05:50.719000 UTC,SHP-166216,partner-booking,CarrierConfirmed,2026-09-17 09:05:50.315000 UTC
14,CREF-067870,CB-000608,Blux,Blue Line Shipping,[45G0],2026-05-28 14:06:55.217000 UTC,FALSE,TRUE,FALSE,api,FALSE,TRUE,2026-08-21 12:53:12.986000 UTC,SHP-053217,,CarrierConfirmed,2026-05-28 14:42:05.233000 UTC
1,CREF-164756,CB-000809,blux,Blue Line Shipping,[45G0],2026-01-21 20:18:25.978000 UTC,FALSE,TRUE,FALSE,api,FALSE,FALSE,2026-08-04 18:03:53.821000 UTC,,,CarrierConfirmed,2026-01-22 05:43:39.225000 UTC
1,CREF-002812,CB-000208,blux,Blue Line Shipping,[],2026-09-10 04:55:57.677000 UTC,FALSE,FALSE,FALSE,,FALSE,FALSE,2026-09-10 04:55:58.174000 UTC,SHP-053458,partner-booking,carrier_confirmed,2026-09-10 04:55:57.677000 UTC
1,CREF-130862,CB-000712,nstr,Northstar Container Lines,[45G0],2026-09-11 02:59:50.913000 UTC,FALSE,TRUE,FALSE,edi,FALSE,FALSE,2026-09-16 11:10:37.347000 UTC,SHP-165194,transport-order,CarrierConfirmed,2026-09-16 11:10:36.847000 UTC
1,CREF-039819,CB-000620,BLUX,Blue Line Shipping,[],2026-07-28 01:26:01.681000 UTC,FALSE,FALSE,FALSE,,FALSE,FALSE,2026-08-21 12:53:19.908000 UTC,SHP-097575,partner-booking,CarrierConfirmed,2026-07-28 01:26:01.681000 UTC
1,CREF-151336,CB-000834,blux,Blue Line Shipping,[45G0],2026-02-23 07:27:59.171000 UTC,FALSE,TRUE,FALSE,api,FALSE,FALSE,2026-08-04 18:03:57.185000 UTC,,,CarrierConfirmed,2026-02-23 07:43:08.564000 UTC
1,CREF-080736,CB-000135,blux,Blue Line Shipping,[],2026-08-18 03:28:06.180000 UTC,FALSE,FALSE,FALSE,,FALSE,FALSE,2026-08-21 12:53:27.045000 UTC,SHP-118769,partner-booking,CarrierConfirmed,2026-08-18 03:28:06.180000 UTC
1,,CB-000151,NSTR,Northstar Container Lines,[45G0],2026-07-27 07:47:14.287000 UTC,FALSE,TRUE,FALSE,edi,FALSE,FALSE,2026-08-21 12:53:19.646000 UTC,SHP-053639,transport-order,CarrierContacted,2026-07-27 07:48:54.437000 UTC
1,CREF-112598,CB-000387,NSTR,Northstar Container Lines,[],2026-08-03 08:03:27.874000 UTC,FALSE,FALSE,FALSE,,FALSE,FALSE,2026-08-21 12:53:22.508000 UTC,SHP-188391,partner-booking,CarrierConfirmed,2026-08-03 08:03:27.874000 UTC
1,,CB-000416,blux,Blue Line Shipping,[45G0],2026-02-17 09:55:48.752000 UTC,FALSE,TRUE,FALSE,api,FALSE,FALSE,2026-08-04 18:03:56.748000 UTC,,,Failed,2026-02-17 09:55:49.207000 UTC
1,CREF-062314,CB-000977,Blux,Blue Line Shipping,[],2026-08-18 14:13:17.510000 UTC,FALSE,FALSE,FALSE,,FALSE,FALSE,2026-08-21 12:53:27.329000 UTC,SHP-114259,partner-booking,CarrierConfirmed,2026-08-18 14:13:17.510000 UTC
1,CREF-148939,CB-000913,BLUX,Blue Line Shipping,[],2026-09-08 03:43:52.704000 UTC,FALSE,FALSE,FALSE,,FALSE,FALSE,2026-09-08 03:43:53.166000 UTC,SHP-208420,partner-booking,carrier_confirmed,2026-09-08 03:43:52.704000 UTC
1,CREF-082806,CB-001005,BLUX,Blue Line Shipping,[],2026-07-28 07:17:48.245000 UTC,FALSE,FALSE,FALSE,,FALSE,FALSE,2026-08-21 12:53:20.306000 UTC,SHP-192362,partner-booking,CarrierConfirmed,2026-07-28 07:17:48.245000 UTC
1,CREF-062285,CB-000157,NSTR,Northstar Container Lines,[],2026-08-05 09:01:50.703000 UTC,FALSE,FALSE,FALSE,,FALSE,FALSE,2026-08-21 12:53:23.661000 UTC,SHP-163691,partner-booking,CarrierConfirmed,2026-08-05 09:01:50.703000 UTC
1,CREF-109638,CB-000077,Blux,Blue Line Shipping,[42G0],2026-03-19 07:33:06.873000 UTC,FALSE,TRUE,FALSE,api,FALSE,FALSE,2026-08-04 18:03:58.099000 UTC,SHP-048117,,carrier_confirmed,2026-03-19 08:08:13.696000 UTC
1,CREF-074945,CB-000119,BLUX,Blue Line Shipping,[],2026-08-21 06:11:18.592000 UTC,FALSE,FALSE,FALSE,,FALSE,FALSE,2026-08-21 12:53:28.055000 UTC,SHP-018804,partner-booking,CarrierConfirmed,2026-08-21 06:11:18.592000 UTC
1,CREF-133375,CB-000982,BLUX,Blue Line Shipping,[],2026-08-10 07:38:03.436000 UTC,FALSE,FALSE,FALSE,,FALSE,FALSE,2026-08-21 12:53:24.680000 UTC,SHP-221635,partner-booking,CarrierConfirmed,2026-08-10 07:38:03.436000 UTC
1,CREF-163915,CB-000760,BLUX,Blue Line Shipping,[45G0],2026-07-30 02:17:24.328000 UTC,FALSE,TRUE,FALSE,api,FALSE,FALSE,2026-08-21 12:53:20.958000 UTC,SHP-071124,transport-order,CarrierConfirmed,2026-08-11 12:35:31.402000 UTC
1,CREF-152878,CB-000454,NSTR,Northstar Container Lines,[42G0],2026-06-10 13:14:24.558000 UTC,FALSE,TRUE,FALSE,edi,FALSE,FALSE,2026-08-21 12:53:16.244000 UTC,SHP-062732,,CarrierConfirmed,2026-07-15 05:51:00.335000 UTC
1,CREF-029185,CB-000532,BLUX,Blue Line Shipping,[42G0],2026-06-05 06:39:21.685000 UTC,FALSE,TRUE,FALSE,api,FALSE,FALSE,2026-08-21 12:53:14.499000 UTC,SHP-223388,,CarrierConfirmed,2026-06-05 14:54:41.435000 UTC
1,CREF-063982,CB-000276,BLUX,Blue Line Shipping,[],2026-08-27 07:42:02.489000 UTC,FALSE,FALSE,FALSE,,FALSE,FALSE,2026-08-27 07:42:02.919000 UTC,SHP-007504,partner-booking,CARRIER_CONFIRMED,2026-08-27 07:42:02.489000 UTC
12,,CB-000089,BLUX,Blue Line Shipping,[45G0],2026-05-28 14:04:01.073000 UTC,FALSE,TRUE,FALSE,api,FALSE,TRUE,2026-08-21 12:53:12.905000 UTC,SHP-053217,,Failed,2026-05-28 14:04:02.620000 UTC
1,CREF-095755,CB-000750,BLUX,Blue Line Shipping,[22G0],2026-09-10 02:09:51.037000 UTC,FALSE,TRUE,FALSE,api,FALSE,FALSE,2026-09-10 02:18:06.228000 UTC,SHP-186660,transport-order,carrier_confirmed,2026-09-10 02:18:05.759000 UTC
1,CREF-147481,CB-000545,BLUX,Blue Line Shipping,[45G0],2026-06-05 08:57:47.028000 UTC,FALSE,TRUE,FALSE,api,FALSE,FALSE,2026-08-21 12:53:14.727000 UTC,SHP-217436,,CarrierConfirmed,2026-06-05 14:54:59.855000 UTC
1,CREF-117198,CB-000945,BLUX,Blue Line Shipping,[45G0],2026-05-13 09:59:44.369000 UTC,FALSE,TRUE,FALSE,api,FALSE,FALSE,2026-08-21 12:53:12.096000 UTC,SHP-153095,,CarrierConfirmed,2026-05-13 19:15:05.647000 UTC
1,CREF-164497,CB-000084,BLUX,Blue Line Shipping,[42G0],2026-06-29 07:35:35.932000 UTC,FALSE,TRUE,FALSE,api,FALSE,FALSE,2026-08-21 12:53:16.887000 UTC,SHP-111801,transport-order,CarrierCancelled,2026-07-03 13:02:36.055000 UTC
2,CREF-086247,CB-000642,BLUX,Blue Line Shipping,[45G0],2026-09-10 11:43:01.134000 UTC,FALSE,TRUE,FALSE,api,FALSE,FALSE,2026-09-11 09:15:11.170000 UTC,SHP-178598,transport-order,carrier_confirmed,2026-09-11 09:15:10.723000 UTC
1,CREF-097089,CB-000541,NSTR,Northstar Container Lines,[45G0],2026-09-07 03:45:20.633000 UTC,FALSE,TRUE,FALSE,edi,FALSE,FALSE,2026-09-18 09:19:06.064000 UTC,SHP-200217,transport-order,CarrierConfirmed,2026-09-18 09:19:05.735000 UTC
1,CREF-111542,CB-000738,BLUX,Blue Line Shipping,[],2026-09-10 07:27:04.870000 UTC,FALSE,FALSE,FALSE,,FALSE,FALSE,2026-09-10 07:27:05.243000 UTC,SHP-191702,partner-booking,CarrierConfirmed,2026-09-10 07:27:04.870000 UTC
1,CREF-103165,CB-000140,NSTR,Northstar Container Lines,[42G0],2026-08-31 07:13:16.105000 UTC,FALSE,TRUE,FALSE,edi,FALSE,FALSE,2026-09-16 14:32:46.536000 UTC,SHP-208471,transport-order,CarrierConfirmed,2026-09-16 14:32:45.192000 UTC
1,CREF-013674,CB-000110,BLUX,Blue Line Shipping,[22G0],2026-08-11 09:57:32.141000 UTC,FALSE,TRUE,FALSE,api,FALSE,FALSE,2026-08-21 12:53:25.344000 UTC,SHP-162827,transport-order,CarrierConfirmed,2026-08-11 15:43:32.141000 UTC
3,CREF-046397,CB-000038,blux,Blue Line Shipping,[],2026-09-01 02:48:55.485000 UTC,FALSE,FALSE,FALSE,,FALSE,FALSE,2026-09-01 02:48:56.087000 UTC,SHP-043437,partner-booking,carrier_confirmed,2026-09-01 02:48:55.485000 UTC
3,CREF-003736,CB-000636,BLUX,Blue Line Shipping,[22G0],2026-07-01 11:38:27.176000 UTC,FALSE,TRUE,FALSE,api,FALSE,FALSE,2026-08-21 12:53:17.116000 UTC,SHP-070038,flash,CarrierConfirmed,2026-07-29 13:11:46.515000 UTC
1,CREF-154541,CB-000621,BLUX,Blue Line Shipping,[],2026-07-29 08:35:08.109000 UTC,FALSE,FALSE,FALSE,,FALSE,FALSE,2026-08-21 12:53:20.611000 UTC,SHP-188708,partner-booking,CarrierConfirmed,2026-07-29 08:35:08.109000 UTC
2,,CB-000850,BLUX,Blue Line Shipping,[45G0],2026-06-03 11:13:58.340000 UTC,FALSE,TRUE,FALSE,api,FALSE,TRUE,2026-08-21 12:53:13.742000 UTC,SHP-124785,,Failed,2026-06-03 11:13:59.138000 UTC
1,CREF-142061,CB-000616,BLUX,Blue Line Shipping,[42G0],2026-06-25 13:25:34.780000 UTC,FALSE,TRUE,FALSE,api,FALSE,FALSE,2026-08-21 12:53:16.706000 UTC,SHP-112590,flash,CarrierCancelled,2026-06-26 10:00:54.690000 UTC
1,,CB-000753,BLUX,Blue Line Shipping,[42G0],2026-01-22 10:19:06.467000 UTC,FALSE,TRUE,FALSE,api,FALSE,TRUE,2026-08-04 18:03:53.898000 UTC,,,Pending,2026-01-22 18:58:06.467000 UTC
1,CREF-073920,CB-000567,BLUX,Blue Line Shipping,[],2026-07-24 14:58:34.019000 UTC,FALSE,FALSE,FALSE,,FALSE,FALSE,2026-08-21 12:53:19.280000 UTC,SHP-220568,partner-booking,CarrierConfirmed,2026-07-30 09:38:58.577000 UTC
1,CREF-012005,CB-000397,BLUX,Blue Line Shipping,[45G0],2026-01-14 10:52:32.309000 UTC,FALSE,TRUE,FALSE,api,FALSE,FALSE,2026-08-04 18:03:52.537000 UTC,,,CarrierConfirmed,2026-01-14 12:02:47.782000 UTC
1,CREF-140588,CB-000254,BLUX,Blue Line Shipping,[45G0],2026-09-03 08:21:12.555000 UTC,FALSE,TRUE,FALSE,api,FALSE,FALSE,2026-09-11 08:08:45.502000 UTC,SHP-188875,transport-order,CarrierConfirmed,2026-09-11 08:08:44.940000 UTC
1,CREF-139621,CB-000253,NSTR,Northstar Container Lines,[],2026-08-07 10:35:29.706000 UTC,FALSE,FALSE,FALSE,,FALSE,FALSE,2026-08-21 12:53:24.419000 UTC,SHP-121758,partner-booking,carrier_confirmed,2026-08-07 10:35:29.706000 UTC
1,CREF-156553,CB-000034,NSTR,Northstar Container Lines,[],2026-07-28 07:09:35.762000 UTC,FALSE,FALSE,FALSE,,FALSE,FALSE,2026-08-21 12:53:20.282000 UTC,SHP-177103,partner-booking,Carrier Confirmed,2026-07-28 07:09:35.762000 UTC
2,CREF-064802,CB-000356,BLUX,Blue Line Shipping,[],2026-09-08 02:33:30.930000 UTC,FALSE,FALSE,FALSE,,FALSE,FALSE,2026-09-08 02:33:31.353000 UTC,SHP-187035,partner-booking,CarrierConfirmed,2026-09-08 02:33:30.930000 UTC
1,CREF-031468,CB-000902,NSTR,Northstar Container Lines,[22G0],2026-07-17 08:47:30.341000 UTC,FALSE,TRUE,FALSE,edi,FALSE,FALSE,2026-08-21 12:53:17.988000 UTC,SHP-217217,transport-order,CarrierCancelled,2026-07-21 06:23:16.149000 UTC
1,CREF-124111,CB-000063,BLUX,Blue Line Shipping,[42G0],2026-07-08 08:07:39.426000 UTC,FALSE,TRUE,FALSE,api,FALSE,FALSE,2026-08-21 12:53:17.475000 UTC,SHP-145448,transport-order,CarrierCancelled,2026-07-08 08:39:43.543000 UTC
1,CREF-159427,CB-000344,BLUX,Blue Line Shipping,[],2026-09-14 09:32:52.441000 UTC,FALSE,FALSE,FALSE,,FALSE,FALSE,2026-09-14 14:25:30.603000 UTC,SHP-080681,partner-booking,CarrierConfirmed,2026-09-14 14:25:30.143000 UTC
1,CREF-077487,CB-000200,BLUX,Blue Line Shipping,[42G0],2026-03-06 08:36:01.205000 UTC,FALSE,TRUE,FALSE,api,FALSE,FALSE,2026-08-04 18:03:57.702000 UTC,,,CarrierConfirmed,2026-03-06 18:56:24.195000 UTC
1,CREF-013934,CB-000002,BLUX,Blue Line Shipping,[],2026-07-31 04:02:31.002000 UTC,FALSE,FALSE,FALSE,,FALSE,FALSE,2026-08-21 12:53:21.777000 UTC,SHP-101815,partner-booking,CarrierConfirmed,2026-07-31 04:02:31.002000 UTC
1,CREF-164335,CB-000641,BLUX,Blue Line Shipping,[22G0],2026-08-26 01:41:21.175000 UTC,FALSE,TRUE,FALSE,api,FALSE,FALSE,2026-08-31 13:54:39.383000 UTC,SHP-032082,transport-order,CarrierConfirmed,2026-08-31 13:54:38.932000 UTC
1,CREF-119376,CB-000071,NSTR,Northstar Container Lines,[45G0],2026-08-14 04:45:45.849000 UTC,FALSE,TRUE,FALSE,edi,FALSE,FALSE,2026-09-18 01:44:54.624000 UTC,SHP-040904,transport-order,CarrierConfirmed,2026-09-18 01:44:53.964000 UTC
4,,CB-000604,BLUX,Blue Line Shipping,[45G0],2026-08-13 05:37:54.713000 UTC,FALSE,TRUE,FALSE,api,FALSE,FALSE,2026-08-21 12:53:26.157000 UTC,SHP-203680,transport-order,Failed,2026-08-13 05:37:56.650000 UTC
1,CREF-013741,CB-000629,Blux,Blue Line Shipping,[],2026-09-08 03:04:03.086000 UTC,FALSE,FALSE,FALSE,,FALSE,FALSE,2026-09-08 03:04:03.405000 UTC,SHP-037779,partner-booking,Carrier Confirmed,2026-09-08 03:04:03.086000 UTC
1,CREF-028492,CB-000887,BLUX,Blue Line Shipping,[],2026-09-04 07:41:03.446000 UTC,FALSE,FALSE,FALSE,,FALSE,FALSE,2026-09-04 07:41:34.537000 UTC,SHP-094730,partner-booking,carrierconfirmed,2026-09-04 07:41:34.125000 UTC
2,,CB-001002,BLUX,Blue Line Shipping,[45G0],2026-09-09 11:39:38.793000 UTC,FALSE,TRUE,FALSE,api,FALSE,FALSE,2026-09-09 11:39:39.343000 UTC,SHP-112952,transport-order,pending,2026-09-09 11:39:38.793000 UTC
1,CREF-095846,CB-000190,BLUX,Blue Line Shipping,[],2026-09-10 06:03:09.190000 UTC,FALSE,FALSE,FALSE,,FALSE,FALSE,2026-09-17 02:38:01.154000 UTC,SHP-126537,partner-booking,carrierconfirmed,2026-09-12 12:54:09.190000 UTC
1,CREF-139613,CB-000654,BLUX,Blue Line Shipping,[],2026-07-30 09:17:01.505000 UTC,FALSE,FALSE,FALSE,,FALSE,FALSE,2026-08-21 12:53:21.369000 UTC,SHP-076983,partner-booking,CarrierConfirmed,2026-07-30 09:17:01.505000 UTC
1,,CB-001000,BLUX,Blue Line Shipping,[22G0],2026-01-28 10:12:39.673000 UTC,FALSE,TRUE,FALSE,api,FALSE,FALSE,2026-08-04 18:03:54.455000 UTC,,,Pending,2026-01-28 10:24:39.673000 UTC
1,CREF-036327,CB-000892,NSTR,Northstar Container Lines,[42G0],2026-07-21 08:57:57.349000 UTC,FALSE,TRUE,FALSE,edi,FALSE,FALSE,2026-08-21 12:53:18.165000 UTC,SHP-002999,transport-order,CarrierConfirmed,2026-08-13 11:05:45.583000 UTC
1,CREF-073316,CB-000805,blux,Blue Line Shipping,[45G0],2026-06-05 14:39:10.075000 UTC,FALSE,TRUE,FALSE,api,FALSE,FALSE,2026-08-21 12:53:15.787000 UTC,SHP-084992,,CarrierConfirmed,2026-06-05 14:39:10.075000 UTC
1,CREF-122581,CB-000891,BLUX,Blue Line Shipping,[],2026-08-25 09:25:22.143000 UTC,FALSE,FALSE,FALSE,,FALSE,FALSE,2026-08-25 09:25:22.513000 UTC,SHP-051788,partner-booking,CarrierConfirmed,2026-08-25 09:25:22.143000 UTC
1,CREF-072220,CB-000165,BLUX,Blue Line Shipping,[22G0],2026-06-05 06:30:46.518000 UTC,FALSE,TRUE,FALSE,api,FALSE,FALSE,2026-08-21 12:53:14.414000 UTC,SHP-172958,,CarrierConfirmed,2026-06-05 14:54:36.361000 UTC
2,,CB-000649,BLUX,Blue Line Shipping,[45G0],2026-09-04 06:05:03.750000 UTC,FALSE,TRUE,FALSE,api,FALSE,FALSE,2026-09-04 06:05:06.713000 UTC,SHP-166201,transport-order,failed,2026-09-04 06:05:06.386000 UTC
1,,CB-000120,blux,Blue Line Shipping,[22G0],2026-05-29 09:21:51.080000 UTC,FALSE,TRUE,FALSE,api,FALSE,FALSE,2026-08-21 12:53:13.067000 UTC,SHP-138242,,CarrierContacted,2026-05-30 08:30:51.080000 UTC
1,CREF-004366,CB-000844,NSTR,Northstar Container Lines,[45G0],2026-09-07 08:00:27.388000 UTC,FALSE,TRUE,FALSE,edi,FALSE,FALSE,2026-09-18 08:46:57.002000 UTC,SHP-001842,transport-order,CarrierConfirmed,2026-09-18 08:46:56.017000 UTC
1,CREF-033021,CB-000193,BLUX,Blue Line Shipping,[42G0],2026-09-18 11:49:18.873000 UTC,FALSE,TRUE,FALSE,api,FALSE,FALSE,2026-09-18 12:53:24.010000 UTC,SHP-042389,transport-order,carrier_cancelled,2026-09-18 12:53:23.019000 UTC
1,CREF-020518,CB-001021,BLUX,Blue Line Shipping,[],2026-08-12 04:15:33.820000 UTC,FALSE,FALSE,FALSE,,FALSE,FALSE,2026-08-24 10:22:34.912000 UTC,SHP-056115,partner-booking,CarrierConfirmed,2026-08-24 10:22:34.556000 UTC
1,CREF-132752,CB-000999,BLUX,Blue Line Shipping,[45G0],2026-01-08 15:58:47.070000 UTC,FALSE,TRUE,FALSE,api,FALSE,FALSE,2026-08-04 18:03:50.662000 UTC,,,CarrierCancelled,2026-01-09 20:25:17.926000 UTC
1,CREF-020354,CB-000473,Blux,Blue Line Shipping,[45G0],2026-05-20 13:19:11.132000 UTC,FALSE,TRUE,FALSE,api,TRUE,FALSE,2026-08-21 12:53:12.270000 UTC,SHP-033042,,CARRIER_CANCELLED,2026-05-21 08:34:34.867000 UTC
1,,CB-000885,BLUX,Blue Line Shipping,[45R9],2026-01-20 14:52:32.135000 UTC,FALSE,FALSE,TRUE,api,FALSE,FALSE,2026-08-04 18:03:53.444000 UTC,,,CarrierContacted,2026-01-20 22:54:32.135000 UTC
2,CREF-121526,CB-000932,Blux,Blue Line Shipping,[45G0],2026-08-28 13:32:53.194000 UTC,FALSE,TRUE,FALSE,api,FALSE,FALSE,2026-09-16 07:52:44.022000 UTC,SHP-113083,,carrierconfirmed,2026-09-16 07:52:43.586000 UTC
1,CREF-075761,CB-000689,BLUX,Blue Line Shipping,[45G0],2026-09-03 13:47:54.347000 UTC,FALSE,TRUE,FALSE,api,FALSE,FALSE,2026-09-03 14:48:27.033000 UTC,SHP-145373,transport-order,CarrierConfirmed,2026-09-03 14:48:25.940000 UTC
1,,CB-000175,BLUX,Blue Line Shipping,[42G0],2026-02-13 06:57:16.307000 UTC,FALSE,TRUE,FALSE,api,FALSE,FALSE,2026-08-04 18:03:56.475000 UTC,,,CarrierContacted,2026-02-13 08:22:16.307000 UTC
1,CREF-030649,CB-000663,BLUX,Blue Line Shipping,[22G0],2026-06-05 14:36:32.519000 UTC,FALSE,TRUE,FALSE,api,FALSE,FALSE,2026-08-21 12:53:15.715000 UTC,SHP-200226,,carrierconfirmed,2026-06-05 14:36:32.519000 UTC
1,CREF-081941,CB-000661,BLUX,Blue Line Shipping,[],2026-08-30 09:53:39.031000 UTC,FALSE,FALSE,FALSE,,FALSE,FALSE,2026-09-14 11:07:34.829000 UTC,SHP-054307,partner-booking,CARRIER_CONFIRMED,2026-09-14 11:07:34.133000 UTC
1,CREF-113420,CB-000832,blux,Blue Line Shipping,[42G0],2026-08-12 13:43:50.424000 UTC,FALSE,TRUE,FALSE,api,FALSE,FALSE,2026-08-21 12:53:25.821000 UTC,SHP-093506,transport-order,CarrierConfirmed,2026-08-12 14:41:51.583000 UTC
1,CREF-125897,CB-000874,BLUX,Blue Line Shipping,[42G0],2026-02-26 14:01:36.391000 UTC,FALSE,TRUE,FALSE,api,FALSE,FALSE,2026-08-04 18:03:57.416000 UTC,,,CarrierConfirmed,2026-02-27 08:27:00.253000 UTC
1,CREF-052644,CB-000331,BLUX,Blue Line Shipping,[],2026-08-31 09:37:42.904000 UTC,FALSE,FALSE,FALSE,,FALSE,FALSE,2026-08-31 09:37:43.254000 UTC,SHP-198608,partner-booking,CarrierConfirmed,2026-08-31 09:37:42.904000 UTC
1,CREF-080175,CB-000143,NSTR,Northstar Container Lines,[22G0],2026-09-07 01:34:20.308000 UTC,FALSE,TRUE,FALSE,edi,FALSE,FALSE,2026-09-09 10:08:54.939000 UTC,SHP-068261,transport-order,CarrierConfirmed,2026-09-07 20:25:20.308000 UTC
1,CREF-005690,CB-000558,NSTR,Northstar Container Lines,[],2026-08-07 12:56:03.944000 UTC,FALSE,FALSE,FALSE,,FALSE,FALSE,2026-08-21 12:53:24.465000 UTC,SHP-127769,partner-booking,CarrierConfirmed,2026-08-07 12:56:03.944000 UTC
3,CREF-088210,CB-000544,BLUX,Blue Line Shipping,[45G0],2026-07-22 01:43:49.954000 UTC,FALSE,TRUE,FALSE,api,FALSE,FALSE,2026-08-21 12:53:18.342000 UTC,SHP-135145,transport-order,CarrierConfirmed,2026-07-22 02:04:22.230000 UTC
1,CREF-004826,CB-000587,NSTR,Northstar Container Lines,[],2026-07-28 07:46:06.289000 UTC,FALSE,FALSE,FALSE,,FALSE,FALSE,2026-08-21 12:53:20.329000 UTC,SHP-158465,partner-booking,CarrierConfirmed,2026-07-28 07:46:06.289000 UTC
1,CREF-108188,CB-000757,NSTR,Northstar Container Lines,[42G0],2026-07-30 11:55:49.398000 UTC,FALSE,TRUE,FALSE,edi,FALSE,FALSE,2026-08-21 22:12:13.181000 UTC,SHP-080483,,Carrier Confirmed,2026-08-21 22:12:10.701000 UTC
1,CREF-052208,CB-001038,BLUX,Blue Line Shipping,[45G0],2026-06-05 14:34:02.153000 UTC,FALSE,TRUE,FALSE,api,FALSE,FALSE,2026-08-21 12:53:15.630000 UTC,SHP-038987,,CarrierConfirmed,2026-06-05 14:34:02.153000 UTC
1,,CB-000546,BLUX,Blue Line Shipping,[42G0],2026-08-13 08:04:22.663000 UTC,FALSE,TRUE,FALSE,api,FALSE,FALSE,2026-08-21 12:53:26.302000 UTC,SHP-136713,transport-order,Failed,2026-08-13 08:04:24.534000 UTC
1,CREF-147352,CB-000703,BLUX,Blue Line Shipping,[],2026-09-07 09:55:59.896000 UTC,FALSE,FALSE,FALSE,,FALSE,FALSE,2026-09-07 09:56:00.208000 UTC,SHP-038012,partner-booking,Carrier Confirmed,2026-09-07 09:55:59.896000 UTC
1,CREF-017574,CB-000596,BLUX,Blue Line Shipping,[42G0],2026-07-01 11:30:11.167000 UTC,FALSE,TRUE,FALSE,api,FALSE,FALSE,2026-08-21 12:53:17.043000 UTC,SHP-177550,flash,CarrierCancelled,2026-07-03 08:06:20.552000 UTC
1,CREF-144951,CB-000088,blux,Blue Line Shipping,[],2026-09-16 07:12:02.063000 UTC,FALSE,FALSE,FALSE,,FALSE,FALSE,2026-09-16 11:51:08.778000 UTC,SHP-151332,partner-booking,carrier_confirmed,2026-09-16 11:51:08.460000 UTC
2,,CB-000321,Blux,Blue Line Shipping,[42G0],2026-08-13 08:05:04.256000 UTC,FALSE,TRUE,FALSE,api,FALSE,FALSE,2026-08-21 12:53:26.327000 UTC,SHP-136713,transport-order,Failed,2026-08-13 08:05:06.222000 UTC
2,CREF-162098,CB-000948,NSTR,Northstar Container Lines,[22G0],2026-08-04 06:05:10.996000 UTC,TRUE,TRUE,FALSE,edi,FALSE,FALSE,2026-08-25 22:39:00.595000 UTC,SHP-125865,transport-order,CarrierConfirmed,2026-08-25 22:38:59.945000 UTC
1,CREF-142623,CB-000612,Nstr,Northstar Container Lines,[],2026-07-30 08:13:05.134000 UTC,FALSE,FALSE,FALSE,,FALSE,FALSE,2026-08-21 12:53:21.319000 UTC,SHP-005327,partner-booking,CarrierConfirmed,2026-07-30 08:13:05.134000 UTC
2,,CB-000061,BLUX,Blue Line Shipping,[42G0],2026-06-02 12:41:23.870000 UTC,FALSE,TRUE,FALSE,api,FALSE,TRUE,2026-08-21 12:53:13.404000 UTC,SHP-159470,,Failed,2026-06-02 12:41:25.841000 UTC
1,,CB-000964,BLUX,Blue Line Shipping,[22G0],2026-05-06 11:25:55.106000 UTC,FALSE,TRUE,FALSE,api,FALSE,FALSE,2026-08-21 12:53:11.739000 UTC,SHP-030109,,Failed,2026-05-06 11:25:55.462000 UTC
1,CREF-116468,CB-000655,BLUX,Blue Line Shipping,[42G0],2026-01-29 15:00:26.952000 UTC,FALSE,TRUE,FALSE,api,FALSE,FALSE,2026-08-04 18:03:54.964000 UTC,,,CarrierConfirmed,2026-01-30 08:20:55.409000 UTC
6,,CB-000928,BLUX,Blue Line Shipping,[45G0],2026-05-28 13:51:01.630000 UTC,FALSE,TRUE,FALSE,api,FALSE,TRUE,2026-08-21 12:53:12.650000 UTC,SHP-053217,,Failed,2026-05-28 13:51:03.455000 UTC
1,CREF-098157,CB-001029,blux,Blue Line Shipping,[22G0],2026-07-07 07:38:17.036000 UTC,FALSE,TRUE,FALSE,api,FALSE,TRUE,2026-08-21 12:53:17.384000 UTC,SHP-008288,transport-order,CarrierConfirmed,2026-07-07 08:53:26.869000 UTC
1,CREF-132063,CB-000868,BLUX,Blue Line Shipping,[],2026-09-08 02:21:51.338000 UTC,FALSE,FALSE,FALSE,,FALSE,FALSE,2026-09-16 11:49:50.528000 UTC,SHP-106142,partner-booking,CARRIER_CONFIRMED,2026-09-16 11:49:50.082000 UTC
1,CREF-024091,CB-000858,BLUX,Blue Line Shipping,[22G0],2026-06-05 14:50:25.205000 UTC,FALSE,TRUE,FALSE,api,FALSE,FALSE,2026-08-21 12:53:16.029000 UTC,SHP-120841,,CarrierConfirmed,2026-06-05 14:50:25.205000 UTC
1,CREF-080175,CB-000143,NSTR,Northstar Container Lines,[22G0],2026-09-07 01:34:20.308000 UTC,FALSE,TRUE,FALSE,edi,FALSE,FALSE,2026-09-09 10:08:54.939000 UTC,SHP-068261,transport-order,CarrierCancelled,2026-09-09 10:08:54.558000 UTC
1,CREF-109041,CB-000315,BLUX,Blue Line Shipping,[42G0],2026-08-13 06:44:54.224000 UTC,FALSE,TRUE,FALSE,api,FALSE,FALSE,2026-08-21 12:53:26.254000 UTC,SHP-002071,transport-order,carrier_confirmed,2026-08-13 07:38:32.471000 UTC
1,CREF-053081,CB-000981,BLUX,Blue Line Shipping,[],2026-09-08 09:30:55.169000 UTC,FALSE,FALSE,FALSE,,FALSE,FALSE,2026-09-08 09:30:55.500000 UTC,SHP-017139,partner-booking,carrierconfirmed,2026-09-08 09:30:55.169000 UTC
1,CREF-005118,CB-000770,blux,Blue Line Shipping,[45G0],2026-01-15 09:29:58.989000 UTC,FALSE,TRUE,FALSE,api,FALSE,FALSE,2026-08-04 18:03:52.759000 UTC,,,CarrierConfirmed,2026-01-15 21:02:58.989000 UTC
1,CREF-008783,CB-000952,NSTR,Northstar Container Lines,[],2026-08-06 03:16:11.793000 UTC,FALSE,FALSE,FALSE,,FALSE,FALSE,2026-08-21 12:53:23.874000 UTC,SHP-036372,partner-booking,CarrierConfirmed,2026-08-06 03:16:11.793000 UTC
1,CREF-097887,CB-000348,BLUX,Blue Line Shipping,[45G0],2026-08-25 09:44:40.213000 UTC,FALSE,TRUE,FALSE,api,FALSE,FALSE,2026-09-09 08:29:13.257000 UTC,SHP-112372,transport-order,Carrier Confirmed,2026-09-09 08:29:12.858000 UTC
1,CREF-000958,CB-000737,BLUX,Blue Line Shipping,[],2026-09-09 08:38:25.718000 UTC,FALSE,FALSE,FALSE,,FALSE,FALSE,2026-09-14 05:07:57.842000 UTC,SHP-124328,partner-booking,Carrier Confirmed,2026-09-14 05:07:56.453000 UTC
1,CREF-123086,CB-000464,BLUX,Blue Line Shipping,[],2026-09-02 11:40:52.144000 UTC,FALSE,FALSE,FALSE,,FALSE,FALSE,2026-09-02 11:40:52.685000 UTC,SHP-086675,partner-booking,CARRIER_CONFIRMED,2026-09-02 11:40:52.144000 UTC
1,,CB-000912,BLUX,Blue Line Shipping,[45G0],2026-01-29 10:26:07.513000 UTC,FALSE,TRUE,FALSE,api,FALSE,FALSE,2026-08-04 18:03:54.628000 UTC,,,CarrierContacted,2026-01-29 10:38:07.513000 UTC
1,CREF-130825,CB-000924,BLUX,Blue Line Shipping,[45G0],2026-07-15 10:02:24.933000 UTC,FALSE,TRUE,FALSE,api,FALSE,FALSE,2026-08-21 12:53:17.685000 UTC,SHP-050384,transport-order,CarrierConfirmed,2026-07-23 12:25:54.070000 UTC
1,,CB-000352,BLUX,Blue Line Shipping,[22G0],2026-09-08 08:07:10.757000 UTC,FALSE,TRUE,FALSE,api,FALSE,FALSE,2026-09-09 09:48:19.311000 UTC,SHP-027222,transport-order,CARRIER_CONTACTED,2026-09-08 16:41:10.757000 UTC
1,CREF-055486,CB-000329,NSTR,Northstar Container Lines,[],2026-07-28 08:26:38.593000 UTC,FALSE,FALSE,FALSE,,FALSE,FALSE,2026-08-21 12:53:20.353000 UTC,SHP-110216,partner-booking,carrierconfirmed,2026-07-28 08:26:38.593000 UTC
1,CREF-011783,CB-000674,BLUX,Blue Line Shipping,[22G0],2026-07-09 11:40:57.314000 UTC,FALSE,TRUE,FALSE,api,FALSE,FALSE,2026-08-21 12:53:17.520000 UTC,SHP-057392,transport-order,CarrierCancelled,2026-07-09 12:12:23.527000 UTC
1,CREF-019321,CB-000816,BLUX,Blue Line Shipping,[45G0],2026-02-06 13:34:25.447000 UTC,FALSE,TRUE,FALSE,api,FALSE,FALSE,2026-08-04 18:03:55.712000 UTC,,,CarrierConfirmed,2026-02-06 15:34:33.189000 UTC
1,CREF-154541,CB-000743,BLUX,Blue Line Shipping,[],2026-07-29 08:35:21.794000 UTC,FALSE,FALSE,FALSE,,FALSE,FALSE,2026-08-21 12:53:20.634000 UTC,SHP-189008,partner-booking,CarrierConfirmed,2026-07-29 08:35:21.794000 UTC
1,CREF-096012,CB-000503,NSTR,Northstar Container Lines,[22G0],2026-08-25 07:20:06.843000 UTC,FALSE,TRUE,FALSE,edi,FALSE,FALSE,2026-09-18 14:05:31.160000 UTC,SHP-176531,transport-order,CarrierConfirmed,2026-09-18 14:05:29.930000 UTC
1,CREF-057633,CB-000037,BLUX,Blue Line Shipping,[45G0],2026-02-11 09:57:36.812000 UTC,FALSE,TRUE,FALSE,api,FALSE,FALSE,2026-08-04 18:03:55.938000 UTC,,,CarrierConfirmed,2026-02-11 16:02:59.402000 UTC
1,CREF-164405,CB-000485,BLUX,Blue Line Shipping,[],2026-08-26 09:09:21.222000 UTC,FALSE,FALSE,FALSE,,FALSE,FALSE,2026-08-26 09:09:22.184000 UTC,SHP-021474,partner-booking,CarrierConfirmed,2026-08-26 09:09:21.222000 UTC
1,CREF-012811,CB-000566,Blux,Blue Line Shipping,[],2026-07-29 02:06:02.817000 UTC,FALSE,FALSE,FALSE,,FALSE,FALSE,2026-08-21 12:53:20.449000 UTC,SHP-121294,partner-booking,CarrierConfirmed,2026-08-18 13:23:55.654000 UTC
1,CREF-132456,CB-000951,BLUX,Blue Line Shipping,[],2026-09-07 10:05:42.665000 UTC,FALSE,FALSE,FALSE,,FALSE,FALSE,2026-09-07 10:05:43.109000 UTC,SHP-121370,partner-booking,CARRIER_CONFIRMED,2026-09-07 10:05:42.665000 UTC
2,CREF-087519,CB-000666,blux,Blue Line Shipping,[45G0],2026-08-25 07:59:26.800000 UTC,FALSE,TRUE,FALSE,api,FALSE,FALSE,2026-08-25 08:50:47.789000 UTC,SHP-142460,transport-order,CarrierConfirmed,2026-08-25 08:50:47.113000 UTC
1,CREF-129523,CB-000141,BLUX,Blue Line Shipping,[],2026-08-12 03:40:10.730000 UTC,FALSE,FALSE,FALSE,,FALSE,FALSE,2026-08-26 04:28:57.160000 UTC,SHP-215627,partner-booking,CarrierConfirmed,2026-08-26 04:28:56.838000 UTC
1,CREF-140761,CB-000053,BLUX,Blue Line Shipping,[],2026-09-14 10:28:13.439000 UTC,FALSE,FALSE,FALSE,,FALSE,FALSE,2026-09-14 10:28:13.869000 UTC,SHP-157773,partner-booking,carrier_confirmed,2026-09-14 10:28:13.439000 UTC
1,CREF-005033,CB-000362,BLUX,Blue Line Shipping,[45G0],2026-07-08 07:15:17.113000 UTC,FALSE,TRUE,FALSE,api,FALSE,FALSE,2026-08-21 12:53:17.452000 UTC,SHP-199829,transport-order,CarrierConfirmed,2026-07-16 16:12:54.775000 UTC
1,,CB-000862,BLUX,Blue Line Shipping,[45G0],2026-08-31 09:19:16.618000 UTC,FALSE,TRUE,FALSE,api,FALSE,FALSE,2026-08-31 09:19:18.499000 UTC,SHP-181286,transport-order,Failed,2026-08-31 09:19:18.185000 UTC
1,CREF-121727,CB-000227,BLUX,Blue Line Shipping,[42G0],2026-06-29 07:41:39.789000 UTC,FALSE,TRUE,FALSE,api,FALSE,FALSE,2026-08-21 12:53:16.921000 UTC,SHP-001129,transport-order,CarrierCancelled,2026-06-29 08:56:50.161000 UTC
3,CREF-099439,CB-000188,BLUX,Blue Line Shipping,[45G0],2026-06-03 06:20:41.797000 UTC,FALSE,TRUE,FALSE,api,FALSE,FALSE,2026-08-21 12:53:13.653000 UTC,SHP-131503,,CarrierConfirmed,2026-06-03 15:11:41.797000 UTC
1,,CB-000042,NSTR,Northstar Container Lines,[45G0],2026-08-14 04:43:40.158000 UTC,FALSE,TRUE,FALSE,edi,FALSE,FALSE,2026-09-17 22:56:53.983000 UTC,SHP-126257,transport-order,CarrierContacted,2026-08-25 18:47:40.158000 UTC
1,,CB-000661,BLUX,Blue Line Shipping,[],2026-08-30 09:53:39.031000 UTC,FALSE,FALSE,FALSE,,FALSE,FALSE,2026-09-14 11:07:34.829000 UTC,SHP-054307,partner-booking,pending,2026-09-04 10:17:39.031000 UTC
1,CREF-108977,CB-000293,NSTR,Northstar Container Lines,[45G0],2026-09-07 03:32:54.235000 UTC,FALSE,TRUE,FALSE,edi,FALSE,FALSE,2026-09-18 09:03:15.910000 UTC,SHP-036336,transport-order,CarrierConfirmed,2026-09-18 09:03:15.359000 UTC
1,CREF-095899,CB-000232,BLUX,Blue Line Shipping,[],2026-08-31 05:25:03.187000 UTC,FALSE,FALSE,FALSE,,FALSE,FALSE,2026-08-31 05:25:03.861000 UTC,SHP-224235,partner-booking,CarrierConfirmed,2026-08-31 05:25:03.187000 UTC
1,CREF-139383,CB-000851,BLUX,Blue Line Shipping,[42G0],2026-08-06 07:58:01.809000 UTC,FALSE,TRUE,FALSE,api,FALSE,FALSE,2026-08-21 12:53:23.967000 UTC,SHP-180096,transport-order,CarrierConfirmed,2026-08-20 07:12:19.265000 UTC
1,CREF-132192,CB-000843,BLUX,Blue Line Shipping,[],2026-08-18 05:33:19.914000 UTC,FALSE,FALSE,FALSE,,FALSE,FALSE,2026-08-21 12:53:27.137000 UTC,SHP-173469,partner-booking,CARRIER_CANCELLED,2026-08-19 08:02:29.409000 UTC
1,CREF-103414,CB-001037,BLUX,Blue Line Shipping,[],2026-08-26 02:42:25.930000 UTC,FALSE,FALSE,FALSE,,FALSE,FALSE,2026-08-26 02:42:26.369000 UTC,SHP-091218,partner-booking,CarrierConfirmed,2026-08-26 02:42:25.930000 UTC
1,CREF-014626,CB-000942,NSTR,Northstar Container Lines,[45G0],2026-07-20 07:56:47.199000 UTC,FALSE,TRUE,FALSE,edi,FALSE,FALSE,2026-08-28 19:14:12.877000 UTC,SHP-070277,transport-order,CarrierConfirmed,2026-08-28 19:14:12.118000 UTC
1,CREF-079444,CB-000480,BLUX,Blue Line Shipping,[],2026-08-12 09:07:45.310000 UTC,FALSE,FALSE,FALSE,,FALSE,FALSE,2026-08-21 12:53:25.651000 UTC,SHP-169848,partner-booking,CarrierCancelled,2026-08-17 07:05:57.903000 UTC
1,CREF-106791,CB-000164,BLUX,Blue Line Shipping,[45G0],2026-08-19 11:41:11.464000 UTC,FALSE,TRUE,FALSE,api,FALSE,FALSE,2026-09-04 08:31:22.513000 UTC,SHP-174407,flash,Carrier Confirmed,2026-09-04 08:31:21.757000 UTC
1,CREF-141212,CB-000885,BLUX,Blue Line Shipping,[45R9],2026-01-20 14:52:32.135000 UTC,FALSE,FALSE,TRUE,api,FALSE,FALSE,2026-08-04 18:03:53.444000 UTC,,,CarrierConfirmed,2026-01-21 14:59:11.319000 UTC
1,CREF-050482,CB-000026,blux,Blue Line Shipping,[],2026-08-07 14:04:38.123000 UTC,FALSE,FALSE,FALSE,,FALSE,FALSE,2026-08-21 12:53:24.561000 UTC,SHP-029954,partner-booking,CarrierConfirmed,2026-08-17 12:28:01.028000 UTC
1,CREF-144445,CB-000335,BLUX,Blue Line Shipping,[42G0],2026-01-09 14:51:46.109000 UTC,FALSE,TRUE,FALSE,api,FALSE,FALSE,2026-08-04 18:03:51.409000 UTC,,,CarrierConfirmed,2026-01-12 09:52:49.601000 UTC
1,,CB-000687,BLUX,Blue Line Shipping,[42G0],2026-04-14 06:12:17.271000 UTC,FALSE,TRUE,FALSE,api,FALSE,TRUE,2026-08-04 18:03:58.402000 UTC,SHP-212940,,Failed,2026-04-14 06:40:30.318000 UTC
1,CREF-099424,CB-000312,blux,Blue Line Shipping,[42G0],2026-01-28 10:19:46.449000 UTC,FALSE,TRUE,FALSE,api,FALSE,FALSE,2026-08-04 18:03:54.501000 UTC,,,CarrierConfirmed,2026-01-28 12:34:59.805000 UTC
1,CREF-118292,CB-000031,BLUX,Blue Line Shipping,[],2026-08-12 14:42:40.432000 UTC,FALSE,FALSE,FALSE,,FALSE,FALSE,2026-09-12 19:57:32.803000 UTC,SHP-190590,partner-booking,carrier_confirmed,2026-09-12 19:57:32.097000 UTC
1,CREF-130573,CB-000094,NSTR,Northstar Container Lines,[],2026-08-10 07:09:18.669000 UTC,FALSE,FALSE,FALSE,,FALSE,FALSE,2026-08-21 12:53:24.632000 UTC,SHP-197260,partner-booking,carrierconfirmed,2026-08-10 07:09:18.669000 UTC
1,CREF-096705,CB-000705,BLUX,Blue Line Shipping,[],2026-08-18 03:30:50.261000 UTC,FALSE,FALSE,FALSE,,FALSE,FALSE,2026-08-21 12:53:27.069000 UTC,SHP-129202,partner-booking,CarrierConfirmed,2026-08-18 03:30:50.261000 UTC
1,CREF-121589,CB-000873,BLUX,Blue Line Shipping,[],2026-08-10 02:59:48.182000 UTC,FALSE,FALSE,FALSE,,FALSE,FALSE,2026-08-21 12:53:24.609000 UTC,SHP-038813,partner-booking,CarrierConfirmed,2026-08-10 02:59:48.182000 UTC
4,,CB-001024,BLUX,Blue Line Shipping,[45G0],2026-05-28 13:39:19.598000 UTC,FALSE,TRUE,FALSE,api,FALSE,TRUE,2026-08-21 12:53:12.558000 UTC,SHP-053217,,Failed,2026-05-28 13:39:21.369000 UTC
1,CREF-033021,CB-000193,BLUX,Blue Line Shipping,[42G0],2026-09-18 11:49:18.873000 UTC,FALSE,TRUE,FALSE,api,FALSE,FALSE,2026-09-18 12:53:24.010000 UTC,SHP-042389,transport-order,CarrierConfirmed,2026-09-18 12:10:18.873000 UTC
1,CREF-162080,CB-000199,Blux,Blue Line Shipping,[42G0],2026-08-10 08:49:22.018000 UTC,FALSE,TRUE,FALSE,api,FALSE,FALSE,2026-09-04 14:30:51.279000 UTC,SHP-033394,transport-order,CARRIER_CONFIRMED,2026-09-04 14:30:50.940000 UTC
1,CREF-130821,CB-000677,BLUX,Blue Line Shipping,[42G0],2026-02-27 14:24:36.739000 UTC,FALSE,TRUE,FALSE,api,FALSE,FALSE,2026-08-04 18:03:57.497000 UTC,,,CarrierConfirmed,2026-03-02 10:15:56.197000 UTC
1,CREF-109714,CB-001053,BLUX,Blue Line Shipping,[],2026-08-04 06:33:02.455000 UTC,FALSE,FALSE,FALSE,,FALSE,FALSE,2026-09-02 12:55:55.323000 UTC,SHP-160759,partner-booking,CARRIER_CONFIRMED,2026-09-02 12:55:54.917000 UTC
1,CREF-021302,CB-000441,BLUX,Blue Line Shipping,[],2026-08-12 12:57:51.749000 UTC,FALSE,FALSE,FALSE,,FALSE,FALSE,2026-08-21 12:53:25.748000 UTC,SHP-048641,partner-booking,CarrierConfirmed,2026-08-18 09:30:56.663000 UTC
1,CREF-008271,CB-000759,BLUX,Blue Line Shipping,[45G0],2026-05-22 10:52:55.703000 UTC,FALSE,TRUE,FALSE,api,FALSE,FALSE,2026-08-21 12:53:12.358000 UTC,SHP-049304,,CarrierConfirmed,2026-05-22 12:08:04.322000 UTC
1,CREF-092572,CB-000042,NSTR,Northstar Container Lines,[45G0],2026-08-14 04:43:40.158000 UTC,FALSE,TRUE,FALSE,edi,FALSE,FALSE,2026-09-17 22:56:53.983000 UTC,SHP-126257,transport-order,CarrierConfirmed,2026-09-17 22:56:53.641000 UTC
1,CREF-029733,CB-000112,BLUX,Blue Line Shipping,[],2026-08-14 10:01:54.205000 UTC,FALSE,FALSE,FALSE,,FALSE,FALSE,2026-09-01 11:03:12.605000 UTC,SHP-015403,partner-booking,carrier_confirmed,2026-09-01 11:03:12.026000 UTC
1,CREF-008523,CB-000864,NSTR,Northstar Container Lines,[],2026-07-28 02:20:16.414000 UTC,FALSE,FALSE,FALSE,,FALSE,FALSE,2026-08-21 12:53:20.005000 UTC,SHP-104872,partner-booking,CarrierConfirmed,2026-07-28 02:20:16.414000 UTC
1,CREF-024949,CB-000946,blux,Blue Line Shipping,[45G0],2026-07-29 08:45:02.919000 UTC,FALSE,TRUE,FALSE,api,FALSE,FALSE,2026-08-21 12:53:20.721000 UTC,SHP-074766,transport-order,CarrierConfirmed,2026-08-11 12:37:26.319000 UTC
1,CREF-029681,CB-000389,BLUX,Blue Line Shipping,[],2026-08-20 08:53:40.959000 UTC,FALSE,FALSE,FALSE,,FALSE,FALSE,2026-08-21 12:53:27.786000 UTC,SHP-122866,partner-booking,carrierconfirmed,2026-08-20 08:53:40.959000 UTC
1,CREF-007358,CB-001025,NSTR,Northstar Container Lines,[],2026-08-05 09:43:44.417000 UTC,FALSE,FALSE,FALSE,,FALSE,FALSE,2026-08-21 12:53:23.735000 UTC,SHP-073509,partner-booking,carrier_confirmed,2026-08-05 09:43:44.417000 UTC
1,CREF-101834,CB-000783,BLUX,Blue Line Shipping,[22G0],2026-07-03 11:54:25.218000 UTC,FALSE,TRUE,FALSE,api,FALSE,FALSE,2026-08-21 12:53:17.315000 UTC,SHP-127490,flash,CarrierConfirmed,2026-07-06 07:10:47.304000 UTC
1,CREF-045575,CB-000901,NSTR,Northstar Container Lines,[],2026-08-10 07:45:17.745000 UTC,FALSE,FALSE,FALSE,,FALSE,FALSE,2026-08-21 12:53:24.728000 UTC,SHP-163295,partner-booking,CarrierConfirmed,2026-08-10 07:45:17.745000 UTC
1,CREF-152742,CB-000889,BLUX,Blue Line Shipping,[],2026-09-01 06:08:03.187000 UTC,FALSE,FALSE,FALSE,,FALSE,FALSE,2026-09-01 06:08:03.646000 UTC,SHP-113054,partner-booking,CARRIER_CONFIRMED,2026-09-01 06:08:03.187000 UTC
1,CREF-060391,CB-000122,BLUX,Blue Line Shipping,[22G0],2026-01-14 08:43:18.394000 UTC,FALSE,TRUE,FALSE,api,FALSE,FALSE,2026-08-04 18:03:52.300000 UTC,,,CarrierConfirmed,2026-01-14 09:54:06.376000 UTC
1,CREF-065647,CB-000458,BLUX,Blue Line Shipping,[],2026-09-14 08:36:11.866000 UTC,FALSE,FALSE,FALSE,,FALSE,FALSE,2026-09-14 08:36:13.064000 UTC,SHP-020914,partner-booking,CARRIER_CONFIRMED,2026-09-14 08:36:11.866000 UTC
1,CREF-111765,CB-000364,Blux,Blue Line Shipping,[],2026-09-15 07:06:20.269000 UTC,FALSE,FALSE,FALSE,,FALSE,FALSE,2026-09-15 07:08:26.775000 UTC,SHP-133384,partner-booking,carrierconfirmed,2026-09-15 07:08:26.389000 UTC
1,CREF-016889,CB-000476,blux,Blue Line Shipping,[],2026-08-27 09:36:51.981000 UTC,FALSE,FALSE,FALSE,,FALSE,FALSE,2026-09-14 03:05:28.480000 UTC,SHP-196414,partner-booking,CarrierConfirmed,2026-09-14 03:05:28.022000 UTC
1,CREF-013674,CB-000110,BLUX,Blue Line Shipping,[22G0],2026-08-11 09:57:32.141000 UTC,FALSE,TRUE,FALSE,api,FALSE,FALSE,2026-08-21 12:53:25.344000 UTC,SHP-162827,transport-order,CarrierCancelled,2026-08-12 03:16:55.486000 UTC
1,CREF-026162,CB-000574,BLUX,Blue Line Shipping,[45G0],2026-03-06 14:17:09.546000 UTC,FALSE,TRUE,FALSE,api,FALSE,FALSE,2026-08-04 18:03:57.782000 UTC,,,CarrierCancelled,2026-03-06 15:32:17.518000 UTC
1,CREF-072912,CB-001048,BLUX,Blue Line Shipping,[22G0],2026-07-01 15:04:28.867000 UTC,FALSE,TRUE,FALSE,api,FALSE,TRUE,2026-08-21 12:53:17.187000 UTC,SHP-053538,transport-order,CarrierConfirmed,2026-07-08 13:47:45.433000 UTC
1,CREF-031713,CB-000986,BLUX,Blue Line Shipping,[45G0],2026-07-22 07:36:18.039000 UTC,FALSE,TRUE,FALSE,api,FALSE,FALSE,2026-08-21 12:53:18.786000 UTC,SHP-151001,flash,CarrierConfirmed,2026-07-24 14:01:39.741000 UTC
1,CREF-060966,CB-000349,BLUX,Blue Line Shipping,[22G0],2026-06-15 12:56:53.703000 UTC,FALSE,TRUE,FALSE,api,FALSE,FALSE,2026-08-21 12:53:16.396000 UTC,SHP-167661,flash,CarrierConfirmed,2026-06-15 13:32:15.001000 UTC
1,CREF-036988,CB-000450,BLUX,Blue Line Shipping,[45G0],2026-01-28 12:57:10.979000 UTC,FALSE,TRUE,FALSE,api,FALSE,FALSE,2026-08-04 18:03:54.544000 UTC,,,CarrierConfirmed,2026-01-29 08:57:36.439000 UTC
1,CREF-164296,CB-000610,Blux,Blue Line Shipping,[],2026-08-26 02:34:27.863000 UTC,FALSE,FALSE,FALSE,,TRUE,FALSE,2026-09-11 04:35:32.524000 UTC,SHP-158253,partner-booking,CarrierConfirmed,2026-09-11 04:35:31.974000 UTC
2,CREF-102937,CB-000414,BLUX,Blue Line Shipping,[],2026-08-27 06:35:04.468000 UTC,FALSE,FALSE,FALSE,,FALSE,FALSE,2026-08-27 06:35:05.174000 UTC,SHP-032913,partner-booking,CarrierConfirmed,2026-08-27 06:35:04.468000 UTC
1,CREF-042601,CB-000664,BLUX,Blue Line Shipping,[42G0],2026-03-09 11:39:47.935000 UTC,FALSE,TRUE,FALSE,api,FALSE,FALSE,2026-08-04 18:03:57.843000 UTC,,,carrier_confirmed,2026-03-09 12:54:54.140000 UTC
1,CREF-097372,CB-000775,BLUX,Blue Line Shipping,[45G0],2026-08-20 20:12:14.828000 UTC,FALSE,TRUE,FALSE,api,FALSE,FALSE,2026-09-03 07:10:30.118000 UTC,SHP-127609,transport-order,CARRIER_CONFIRMED,2026-09-03 07:10:29.438000 UTC
1,CREF-078989,CB-000595,BLUX,Blue Line Shipping,[],2026-08-18 03:32:39.768000 UTC,FALSE,FALSE,FALSE,,FALSE,FALSE,2026-08-21 12:53:27.092000 UTC,SHP-030982,partner-booking,CarrierConfirmed,2026-08-18 03:32:39.768000 UTC
1,CREF-069442,CB-000279,BLUX,Blue Line Shipping,[],2026-08-26 06:24:47.483000 UTC,FALSE,FALSE,FALSE,,FALSE,FALSE,2026-09-11 04:07:44.578000 UTC,SHP-138446,partner-booking,carrier_confirmed,2026-09-11 04:07:43.948000 UTC
1,CREF-072405,CB-000926,BLUX,Blue Line Shipping,[45G0],2026-01-09 14:16:37.749000 UTC,FALSE,TRUE,FALSE,api,FALSE,TRUE,2026-08-04 18:03:51.129000 UTC,,,CarrierConfirmed,2026-01-09 15:41:43.574000 UTC
1,CREF-094841,CB-000787,NSTR,Northstar Container Lines,[],2026-08-05 02:54:11.328000 UTC,FALSE,FALSE,FALSE,,FALSE,FALSE,2026-08-21 12:53:23.399000 UTC,SHP-219090,partner-booking,CarrierConfirmed,2026-08-05 02:54:11.328000 UTC
1,CREF-164600,CB-000107,BLUX,Blue Line Shipping,[22G0],2026-07-17 09:58:35.758000 UTC,FALSE,TRUE,FALSE,api,FALSE,FALSE,2026-08-21 12:53:18.068000 UTC,SHP-173444,transport-order,CarrierConfirmed,2026-07-30 10:59:20.069000 UTC
1,CREF-056089,CB-000410,NSTR,Northstar Container Lines,[],2026-08-05 09:07:13.173000 UTC,FALSE,FALSE,FALSE,,TRUE,FALSE,2026-08-21 12:53:23.709000 UTC,SHP-021521,partner-booking,CarrierConfirmed,2026-08-05 09:07:13.173000 UTC
2,,CB-000718,NSTR,Northstar Container Lines,[45G0],2026-06-02 15:26:45.078000 UTC,FALSE,TRUE,FALSE,edi,FALSE,FALSE,2026-08-21 12:53:13.575000 UTC,SHP-159616,,Failed,2026-06-03 06:06:25.830000 UTC
1,CREF-061555,CB-000894,blux,Blue Line Shipping,[],2026-08-19 09:13:13.265000 UTC,FALSE,FALSE,FALSE,,FALSE,FALSE,2026-09-17 05:43:42.102000 UTC,SHP-062376,partner-booking,Carrier Confirmed,2026-09-17 05:43:41.637000 UTC
1,CREF-102471,CB-000577,BLUX,Blue Line Shipping,[45G0],2026-07-22 07:39:12.561000 UTC,FALSE,TRUE,FALSE,api,FALSE,FALSE,2026-08-21 12:53:18.809000 UTC,SHP-023179,flash,CarrierConfirmed,2026-07-24 14:01:02.813000 UTC
1,CREF-007821,CB-000904,BLUX,Blue Line Shipping,[22G0],2026-06-05 14:49:10.564000 UTC,FALSE,TRUE,FALSE,api,FALSE,FALSE,2026-08-21 12:53:16.004000 UTC,SHP-026675,,CARRIER_CONFIRMED,2026-06-05 14:49:10.564000 UTC
1,,CB-000056,BLUX,Blue Line Shipping,[45G0],2026-08-28 13:31:29.212000 UTC,FALSE,TRUE,FALSE,api,FALSE,FALSE,2026-08-28 13:31:31.193000 UTC,SHP-113083,transport-order,Failed,2026-08-28 13:31:30.841000 UTC
1,CREF-153047,CB-000728,BLUX,Blue Line Shipping,[],2026-09-08 01:12:40.934000 UTC,FALSE,FALSE,FALSE,,FALSE,FALSE,2026-09-08 01:12:41.552000 UTC,SHP-211415,partner-booking,CarrierConfirmed,2026-09-08 01:12:40.934000 UTC
1,CREF-135329,CB-000352,Blux,Blue Line Shipping,[22G0],2026-09-08 08:07:10.757000 UTC,FALSE,TRUE,FALSE,api,FALSE,FALSE,2026-09-09 09:48:19.311000 UTC,SHP-027222,transport-order,CarrierConfirmed,2026-09-09 09:48:18.423000 UTC
2,CREF-080213,CB-000398,BLUX,Blue Line Shipping,[22G0],2026-09-01 03:04:48.596000 UTC,FALSE,TRUE,FALSE,api,FALSE,FALSE,2026-09-01 04:13:50.499000 UTC,SHP-214611,transport-order,carrier_cancelled,2026-09-01 04:13:50.091000 UTC
1,CREF-138511,CB-000435,BLUX,Blue Line Shipping,[42G0],2026-01-29 10:13:33.182000 UTC,FALSE,TRUE,FALSE,api,FALSE,FALSE,2026-08-04 18:03:54.584000 UTC,,,CarrierConfirmed,2026-01-29 10:48:38.971000 UTC
1,CREF-015373,CB-000845,NSTR,Northstar Container Lines,[45G0],2026-09-11 02:01:02.790000 UTC,FALSE,TRUE,FALSE,edi,FALSE,FALSE,2026-09-11 06:26:16.834000 UTC,SHP-187815,transport-order,CarrierCancelled,2026-09-11 06:26:16.421000 UTC
1,CREF-025495,CB-000440,blux,Blue Line Shipping,[45G0],2026-01-13 15:44:29.632000 UTC,FALSE,TRUE,FALSE,api,FALSE,FALSE,2026-08-04 18:03:52.146000 UTC,,,CarrierConfirmed,2026-01-15 09:30:19.518000 UTC
1,CREF-034545,CB-000277,BLUX,Blue Line Shipping,[],2026-07-30 03:58:17.683000 UTC,FALSE,FALSE,FALSE,,FALSE,FALSE,2026-08-21 12:53:21.080000 UTC,SHP-056678,partner-booking,CarrierConfirmed,2026-08-18 04:47:36.569000 UTC
1,,CB-000212,BLUX,Blue Line Shipping,[],2026-08-05 03:56:20.987000 UTC,FALSE,FALSE,FALSE,,FALSE,FALSE,2026-09-02 13:21:43.368000 UTC,SHP-210576,partner-booking,CarrierContacted,2026-08-14 15:04:20.987000 UTC
1,CREF-064730,CB-000921,Blux,Blue Line Shipping,[],2026-08-11 02:07:32.894000 UTC,FALSE,FALSE,FALSE,,FALSE,FALSE,2026-08-21 12:53:24.939000 UTC,SHP-010257,partner-booking,CarrierCancelled,2026-08-18 06:32:58.271000 UTC
2,,CB-000704,BLUX,Blue Line Shipping,[45G0],2026-06-02 08:58:52.790000 UTC,FALSE,TRUE,FALSE,api,FALSE,FALSE,2026-08-21 12:53:13.317000 UTC,SHP-131503,,Failed,2026-06-02 08:58:53.531000 UTC
1,CREF-053064,CB-000267,NSTR,Northstar Container Lines,[],2026-08-06 09:32:29.125000 UTC,FALSE,FALSE,FALSE,,FALSE,FALSE,2026-08-21 12:53:24.018000 UTC,SHP-061257,partner-booking,CarrierConfirmed,2026-08-06 09:32:29.125000 UTC
1,CREF-086947,CB-000825,BLUX,Blue Line Shipping,[],2026-08-19 02:58:06.752000 UTC,FALSE,FALSE,FALSE,,FALSE,FALSE,2026-09-08 08:05:39.740000 UTC,SHP-212757,partner-booking,Carrier Confirmed,2026-09-08 08:05:38.690000 UTC
3,CREF-105186,CB-000075,BLUX,Blue Line Shipping,[45G0],2026-08-04 07:05:26.375000 UTC,FALSE,TRUE,FALSE,api,FALSE,FALSE,2026-08-21 12:53:22.995000 UTC,SHP-041823,flash,CarrierConfirmed,2026-08-10 11:09:04.548000 UTC
1,CREF-113385,CB-000606,BLUX,Blue Line Shipping,[],2026-07-31 06:30:48.307000 UTC,FALSE,FALSE,FALSE,,FALSE,FALSE,2026-08-21 12:53:21.846000 UTC,SHP-007806,partner-booking,CarrierConfirmed,2026-07-31 06:30:48.307000 UTC
1,CREF-157013,CB-000222,BLUX,Blue Line Shipping,[45G0],2026-05-08 11:36:50.506000 UTC,FALSE,TRUE,FALSE,api,FALSE,FALSE,2026-08-21 12:53:11.961000 UTC,SHP-039032,,CarrierConfirmed,2026-05-09 11:52:18.159000 UTC
1,CREF-067516,CB-000324,BLUX,Blue Line Shipping,[45G0],2026-07-16 08:06:07.089000 UTC,FALSE,TRUE,FALSE,api,FALSE,FALSE,2026-08-21 12:53:17.897000 UTC,SHP-110406,transport-order,CarrierConfirmed,2026-08-05 05:38:34.702000 UTC
1,,CB-000465,BLUX,Blue Line Shipping,[42G0],2026-06-05 09:42:33.398000 UTC,FALSE,TRUE,FALSE,api,FALSE,FALSE,2026-08-21 12:53:14.842000 UTC,SHP-153287,,failed,2026-06-05 09:42:34.340000 UTC
1,CREF-060700,CB-000047,BLUX,Blue Line Shipping,[45G0],2026-06-05 14:51:22.096000 UTC,FALSE,TRUE,FALSE,api,FALSE,FALSE,2026-08-21 12:53:16.076000 UTC,SHP-057605,,CarrierConfirmed,2026-06-05 14:51:22.096000 UTC
1,CREF-132899,CB-000511,NSTR,Northstar Container Lines,[22G0],2026-09-14 02:52:47.430000 UTC,FALSE,TRUE,FALSE,edi,FALSE,FALSE,2026-09-17 19:28:55.127000 UTC,SHP-117900,transport-order,CarrierConfirmed,2026-09-17 19:28:54.831000 UTC
1,CREF-082073,CB-000983,BLUX,Blue Line Shipping,[45G0],2026-03-27 13:45:06.448000 UTC,FALSE,TRUE,FALSE,api,FALSE,FALSE,2026-08-04 18:03:58.182000 UTC,SHP-023809,,CarrierConfirmed,2026-03-27 14:20:16.276000 UTC
1,CREF-129840,CB-000681,BLUX,Blue Line Shipping,[],2026-09-07 08:37:04.361000 UTC,FALSE,FALSE,FALSE,,FALSE,FALSE,2026-09-18 11:25:14.194000 UTC,SHP-155492,partner-booking,carrierconfirmed,2026-09-18 11:25:12.645000 UTC
1,CREF-133943,CB-000615,BLUX,Blue Line Shipping,[45G0],2026-07-22 09:06:21.279000 UTC,FALSE,TRUE,FALSE,api,FALSE,FALSE,2026-08-21 12:53:18.954000 UTC,SHP-052032,transport-order,CarrierCancelled,2026-07-24 07:31:02.439000 UTC
1,CREF-052860,CB-000371,blux,Blue Line Shipping,[45G0],2026-01-21 20:16:28.504000 UTC,FALSE,TRUE,FALSE,api,FALSE,FALSE,2026-08-04 18:03:53.781000 UTC,,,CarrierConfirmed,2026-01-22 05:31:44.396000 UTC
2,CREF-100320,CB-000419,BLUX,Blue Line Shipping,[],2026-09-14 07:32:52.476000 UTC,FALSE,FALSE,FALSE,,FALSE,FALSE,2026-09-14 07:32:52.920000 UTC,SHP-110684,partner-booking,carrierconfirmed,2026-09-14 07:32:52.476000 UTC
1,CREF-165117,CB-001006,BLUX,Blue Line Shipping,[],2026-08-10 08:40:51.285000 UTC,FALSE,FALSE,FALSE,,FALSE,FALSE,2026-09-10 09:16:57.740000 UTC,SHP-187734,partner-booking,CarrierConfirmed,2026-09-10 09:16:57.178000 UTC
1,CREF-054904,CB-000965,BLUX,Blue Line Shipping,[],2026-08-04 06:42:39.055000 UTC,FALSE,FALSE,FALSE,,FALSE,FALSE,2026-09-15 06:16:11.741000 UTC,SHP-221817,partner-booking,CarrierCanceled,2026-09-15 06:16:11.298000 UTC
13,,CB-000914,Blux,Blue Line Shipping,[45G0],2026-05-28 14:05:38.020000 UTC,FALSE,TRUE,FALSE,api,FALSE,TRUE,2026-08-21 12:53:12.946000 UTC,SHP-053217,,Failed,2026-05-28 14:05:39.824000 UTC
1,CREF-103837,CB-000245,BLUX,Blue Line Shipping,[],2026-08-26 03:44:34.023000 UTC,FALSE,FALSE,FALSE,,FALSE,FALSE,2026-08-26 03:44:34.684000 UTC,SHP-054891,partner-booking,CarrierConfirmed,2026-08-26 03:44:34.023000 UTC
1,CREF-165761,CB-000463,nstr,Northstar Container Lines,[],2026-08-06 07:21:35.487000 UTC,FALSE,FALSE,FALSE,,FALSE,FALSE,2026-08-21 12:53:23.945000 UTC,SHP-004256,partner-booking,CarrierConfirmed,2026-08-06 07:21:35.487000 UTC
1,CREF-151396,CB-000067,NSTR,Northstar Container Lines,[],2026-08-06 13:46:21.038000 UTC,FALSE,FALSE,FALSE,,FALSE,FALSE,2026-08-21 12:53:24.091000 UTC,SHP-199308,partner-booking,CarrierConfirmed,2026-08-06 13:46:21.038000 UTC
1,,CB-001009,BLUX,Blue Line Shipping,[45G0],2026-08-19 07:43:33.751000 UTC,FALSE,TRUE,FALSE,api,FALSE,TRUE,2026-08-21 12:53:27.450000 UTC,SHP-112326,flash,Failed,2026-08-19 07:43:38.574000 UTC
1,CREF-148411,CB-000500,blux,Blue Line Shipping,[45G0],2026-07-02 07:44:33.990000 UTC,FALSE,TRUE,FALSE,api,FALSE,FALSE,2026-08-21 12:53:17.212000 UTC,SHP-073304,flash,CarrierConfirmed,2026-07-13 11:36:32.895000 UTC
1,CREF-165727,CB-000268,BLUX,Blue Line Shipping,[42G0],2026-01-13 15:07:54.878000 UTC,FALSE,TRUE,FALSE,api,FALSE,FALSE,2026-08-04 18:03:52.005000 UTC,,,CarrierConfirmed,2026-01-14 09:03:08.990000 UTC
7,,CB-000160,BLUX,Blue Line Shipping,[45G0],2026-05-28 13:51:42.469000 UTC,FALSE,TRUE,FALSE,api,FALSE,TRUE,2026-08-21 12:53:12.695000 UTC,SHP-053217,,Failed,2026-05-28 13:51:44.590000 UTC
1,CREF-145916,CB-000710,BLUX,Blue Line Shipping,[],2026-07-27 08:31:43.531000 UTC,FALSE,FALSE,FALSE,,FALSE,FALSE,2026-08-21 12:53:19.741000 UTC,SHP-011536,partner-booking,carrier_confirmed,2026-07-27 08:31:43.531000 UTC
1,CREF-033931,CB-000144,BLUX,Blue Line Shipping,[],2026-09-07 06:21:41.710000 UTC,FALSE,FALSE,FALSE,,FALSE,FALSE,2026-09-07 06:21:42.165000 UTC,SHP-073309,partner-booking,CarrierConfirmed,2026-09-07 06:21:41.710000 UTC
1,CREF-073893,CB-000974,BLUX,Blue Line Shipping,[],2026-08-14 14:49:55.703000 UTC,FALSE,FALSE,FALSE,,FALSE,FALSE,2026-08-21 12:53:26.759000 UTC,SHP-160665,partner-booking,CarrierConfirmed,2026-08-14 14:49:55.703000 UTC
1,CREF-086939,CB-000342,BLUX,Blue Line Shipping,[45G0],2026-01-21 08:10:32.768000 UTC,FALSE,TRUE,FALSE,api,FALSE,FALSE,2026-08-04 18:03:53.698000 UTC,,,CarrierCancelled,2026-01-21 16:00:45.294000 UTC
1,CREF-036920,CB-000669,BLUX,Blue Line Shipping,[45G0],2026-07-23 07:30:40.890000 UTC,FALSE,TRUE,FALSE,api,FALSE,FALSE,2026-08-21 12:53:19.056000 UTC,SHP-120582,transport-order,CarrierCancelled,2026-07-23 09:05:28.927000 UTC
1,CREF-119106,CB-000657,BLUX,Blue Line Shipping,[],2026-08-20 02:08:47.908000 UTC,FALSE,FALSE,FALSE,,FALSE,FALSE,2026-09-02 04:16:51.218000 UTC,SHP-177173,partner-booking,CARRIER_CONFIRMED,2026-09-02 04:16:50.767000 UTC
1,CREF-154541,CB-000502,Manual Template,,[],2026-07-27 07:25:39.763000 UTC,FALSE,FALSE,FALSE,,FALSE,FALSE,2026-08-21 12:53:19.499000 UTC,SHP-088923,partner-booking,CarrierConfirmed,2026-07-27 07:25:39.763000 UTC
1,,CB-000523,BLUX,Blue Line Shipping,[],2026-09-11 08:42:36.963000 UTC,FALSE,FALSE,FALSE,,FALSE,FALSE,2026-09-17 15:29:37.537000 UTC,SHP-129080,partner-booking,PENDING,2026-09-13 10:57:36.963000 UTC
1,CREF-107396,CB-000622,BLUX,Blue Line Shipping,[22G0],2026-02-26 15:04:01.905000 UTC,FALSE,TRUE,FALSE,api,FALSE,FALSE,2026-08-04 18:03:57.458000 UTC,,,CarrierConfirmed,2026-02-26 16:39:08.368000 UTC
1,CREF-056792,CB-000360,blux,Blue Line Shipping,[],2026-08-24 09:32:48.251000 UTC,FALSE,FALSE,FALSE,,FALSE,FALSE,2026-08-24 09:32:49.241000 UTC,SHP-038886,partner-booking,CarrierConfirmed,2026-08-24 09:32:48.251000 UTC
1,CREF-093205,CB-000461,BLUX,Blue Line Shipping,[],2026-08-26 01:52:57.860000 UTC,FALSE,FALSE,FALSE,,FALSE,FALSE,2026-08-26 01:52:58.223000 UTC,SHP-127021,partner-booking,CarrierConfirmed,2026-08-26 01:52:57.860000 UTC
1,CREF-089875,CB-000406,BLUX,Blue Line Shipping,[22G0],2026-06-05 10:54:29.164000 UTC,FALSE,TRUE,FALSE,api,FALSE,FALSE,2026-08-21 12:53:14.959000 UTC,SHP-141239,,CarrierConfirmed,2026-06-05 11:29:35.102000 UTC
1,,CB-000749,NSTR,Northstar Container Lines,[22G0],2026-08-07 08:31:33.536000 UTC,FALSE,TRUE,FALSE,edi,FALSE,FALSE,2026-08-21 12:53:24.320000 UTC,SHP-170649,transport-order,Failed,2026-08-07 09:07:37.260000 UTC
1,CREF-099690,CB-000897,BLUX,Blue Line Shipping,[42G0],2026-08-26 01:59:05.272000 UTC,FALSE,TRUE,FALSE,api,FALSE,FALSE,2026-08-26 02:42:51.281000 UTC,SHP-109490,transport-order,CarrierCancelled,2026-08-26 02:42:50.699000 UTC
1,CREF-067103,CB-000627,blux,Blue Line Shipping,[45G0],2026-07-15 15:08:04.734000 UTC,FALSE,TRUE,FALSE,api,FALSE,FALSE,2026-08-21 12:53:17.752000 UTC,SHP-131088,transport-order,Carrier Confirmed,2026-07-19 22:08:04.734000 UTC
1,CREF-043212,CB-000334,BLUX,Blue Line Shipping,[],2026-08-13 03:54:30.660000 UTC,FALSE,FALSE,FALSE,,FALSE,FALSE,2026-09-14 03:30:18.339000 UTC,SHP-126304,partner-booking,CarrierCancelled,2026-09-14 03:30:17.935000 UTC
1,CREF-024483,CB-000273,BLUX,Blue Line Shipping,[45G0],2026-09-02 01:54:01.295000 UTC,FALSE,TRUE,FALSE,api,FALSE,FALSE,2026-09-10 12:35:08.334000 UTC,SHP-027688,transport-order,CarrierConfirmed,2026-09-10 12:35:07.814000 UTC
1,CREF-093747,CB-000317,BLUX,Blue Line Shipping,[22G0],2026-06-05 14:27:00.850000 UTC,FALSE,TRUE,FALSE,api,FALSE,FALSE,2026-08-21 12:53:15.312000 UTC,SHP-002757,,CarrierConfirmed,2026-06-05 14:27:00.850000 UTC
2,CREF-137923,CB-000363,NSTR,Northstar Container Lines,[45G0],2026-09-14 03:54:39.699000 UTC,FALSE,TRUE,FALSE,edi,FALSE,FALSE,2026-09-17 21:16:43.275000 UTC,SHP-187815,transport-order,CARRIER_CONFIRMED,2026-09-17 21:16:42.456000 UTC
1,CREF-053525,CB-001056,Blux,Blue Line Shipping,[45G0],2026-09-02 08:51:04.541000 UTC,FALSE,TRUE,FALSE,api,FALSE,FALSE,2026-09-02 09:00:56.917000 UTC,SHP-150809,transport-order,CarrierConfirmed,2026-09-02 09:00:56.704000 UTC
1,CREF-122136,CB-000149,BLUX,Blue Line Shipping,[],2026-07-31 06:39:15.768000 UTC,FALSE,FALSE,FALSE,,FALSE,FALSE,2026-08-21 12:53:21.870000 UTC,SHP-091463,partner-booking,CarrierConfirmed,2026-08-21 07:02:52.247000 UTC
1,CREF-018386,CB-000301,Blux,Blue Line Shipping,[22G0],2026-08-26 09:50:26.464000 UTC,FALSE,TRUE,FALSE,api,FALSE,FALSE,2026-08-26 10:01:40.208000 UTC,SHP-165146,transport-order,CarrierConfirmed,2026-08-26 10:01:39.787000 UTC
1,CREF-070433,CB-000797,BLUX,Blue Line Shipping,[45G0],2026-01-14 09:59:08.846000 UTC,FALSE,TRUE,FALSE,api,FALSE,FALSE,2026-08-04 18:03:52.392000 UTC,,,CarrierConfirmed,2026-01-14 11:17:30.334000 UTC
2,CREF-029497,CB-000132,nstr,Northstar Container Lines,[45G0],2026-09-09 03:43:41.959000 UTC,FALSE,TRUE,FALSE,edi,FALSE,FALSE,2026-09-15 06:06:23.690000 UTC,SHP-087670,transport-order,CarrierConfirmed,2026-09-15 06:06:22.984000 UTC
1,CREF-043393,CB-000734,BLUX,Blue Line Shipping,[],2026-08-07 05:38:04.358000 UTC,FALSE,FALSE,FALSE,,FALSE,FALSE,2026-08-21 12:53:24.185000 UTC,SHP-145981,partner-booking,CarrierCancelled,2026-08-12 09:24:47.397000 UTC
1,,CB-000577,BLUX,Blue Line Shipping,[45G0],2026-07-22 07:39:12.561000 UTC,FALSE,TRUE,FALSE,api,FALSE,FALSE,2026-08-21 12:53:18.809000 UTC,SHP-023179,flash,Pending,2026-07-23 01:46:12.561000 UTC
1,,CB-000813,Blux,Blue Line Shipping,[45G0],2026-05-15 10:47:58.223000 UTC,FALSE,TRUE,FALSE,api,FALSE,FALSE,2026-08-21 12:53:12.136000 UTC,SHP-098771,,Pending,2026-05-17 02:13:58.223000 UTC
1,CREF-131121,CB-000631,BLUX,Blue Line Shipping,[42G0],2026-06-29 07:54:34.592000 UTC,FALSE,TRUE,FALSE,api,FALSE,FALSE,2026-08-21 12:53:16.944000 UTC,SHP-157105,transport-order,CarrierConfirmed,2026-06-29 08:09:40.735000 UTC
2,CREF-118776,CB-000260,Nstr,Northstar Container Lines,[22G0],2026-07-28 01:49:41.318000 UTC,FALSE,TRUE,FALSE,edi,FALSE,FALSE,2026-08-26 20:02:34.001000 UTC,SHP-217217,transport-order,CarrierConfirmed,2026-08-26 20:02:33.507000 UTC
2,,CB-000036,BLUX,Blue Line Shipping,[22G0],2026-08-03 03:43:26.024000 UTC,FALSE,TRUE,FALSE,api,FALSE,FALSE,2026-08-21 12:53:22.394000 UTC,SHP-168246,transport-order,CarrierContacted,2026-08-06 13:10:26.024000 UTC
3,,CB-000148,Blux,Blue Line Shipping,[42G0],2026-06-02 15:02:25.613000 UTC,FALSE,TRUE,FALSE,api,FALSE,TRUE,2026-08-21 12:53:13.445000 UTC,SHP-159470,,Failed,2026-06-02 15:02:28.500000 UTC
1,CREF-137344,CB-001047,BLUX,Blue Line Shipping,[45G0],2026-08-13 03:59:58.710000 UTC,FALSE,TRUE,FALSE,api,FALSE,FALSE,2026-08-21 12:53:26.036000 UTC,SHP-069166,transport-order,CarrierCancelled,2026-08-14 02:59:46.299000 UTC
1,CREF-128525,CB-000243,BLUX,Blue Line Shipping,[45G0],2026-09-03 05:56:45.822000 UTC,FALSE,TRUE,FALSE,api,FALSE,TRUE,2026-09-16 14:19:29.239000 UTC,SHP-020571,transport-order,CARRIER_CONFIRMED,2026-09-16 14:19:27.884000 UTC
4,,CB-000878,BLUX,Blue Line Shipping,[42G0],2026-06-02 15:05:49.835000 UTC,FALSE,TRUE,FALSE,api,FALSE,TRUE,2026-08-21 12:53:13.491000 UTC,SHP-159470,,Failed,2026-06-02 15:05:54.977000 UTC
1,CREF-143737,CB-000618,Blux,Blue Line Shipping,[45G0],2026-06-05 06:49:25.993000 UTC,FALSE,TRUE,FALSE,api,FALSE,FALSE,2026-08-21 12:53:14.576000 UTC,SHP-024948,,CarrierConfirmed,2026-06-05 14:54:49.736000 UTC
1,CREF-145434,CB-000789,BLUX,Blue Line Shipping,[45G0],2026-08-03 07:30:31.640000 UTC,FALSE,TRUE,FALSE,api,FALSE,FALSE,2026-08-21 12:53:22.439000 UTC,SHP-208810,transport-order,CarrierConfirmed,2026-08-19 07:02:00.839000 UTC
1,,CB-000201,BLUX,Blue Line Shipping,[22G0],2026-02-18 10:34:32.703000 UTC,FALSE,TRUE,FALSE,api,FALSE,TRUE,2026-08-04 18:03:56.858000 UTC,,,Failed,2026-02-18 13:53:57.406000 UTC
1,CREF-045425,CB-000995,BLUX,Blue Line Shipping,[45G0],2026-06-05 14:21:36.728000 UTC,FALSE,TRUE,FALSE,api,FALSE,FALSE,2026-08-21 12:53:15.112000 UTC,SHP-109532,,CarrierConfirmed,2026-06-05 14:21:36.728000 UTC
1,CREF-138884,CB-000395,BLUX,Blue Line Shipping,[45G0],2026-09-02 13:50:33.390000 UTC,FALSE,TRUE,FALSE,api,FALSE,FALSE,2026-09-02 14:35:39.910000 UTC,SHP-113602,transport-order,carrier_cancelled,2026-09-02 14:35:39.462000 UTC
1,CREF-112613,CB-001030,BLUX,Blue Line Shipping,[45G0],2026-08-25 08:01:53.819000 UTC,FALSE,TRUE,FALSE,api,FALSE,FALSE,2026-08-26 01:09:00.479000 UTC,SHP-112780,transport-order,CarrierCancelled,2026-08-26 01:09:00.137000 UTC
2,CREF-021929,CB-000548,blux,Blue Line Shipping,[],2026-09-09 02:22:24.654000 UTC,FALSE,FALSE,FALSE,,FALSE,FALSE,2026-09-09 02:22:25.094000 UTC,SHP-138708,partner-booking,carrierconfirmed,2026-09-09 02:22:24.654000 UTC
1,CREF-137997,CB-000931,BLUX,Blue Line Shipping,[22G0],2026-09-10 02:08:22.818000 UTC,FALSE,TRUE,FALSE,api,FALSE,FALSE,2026-09-10 02:18:07.634000 UTC,SHP-065292,transport-order,CarrierConfirmed,2026-09-10 02:18:05.762000 UTC
1,CREF-051639,CB-001023,BLUX,Blue Line Shipping,[],2026-09-16 11:34:32.515000 UTC,FALSE,FALSE,FALSE,,FALSE,FALSE,2026-09-16 11:34:32.917000 UTC,SHP-121663,partner-booking,CarrierConfirmed,2026-09-16 11:34:32.515000 UTC
1,CREF-158760,CB-000856,BLUX,Blue Line Shipping,[],2026-07-28 07:02:32.718000 UTC,FALSE,FALSE,FALSE,,FALSE,FALSE,2026-08-21 12:53:20.260000 UTC,SHP-137749,partner-booking,CarrierConfirmed,2026-07-28 07:02:32.718000 UTC
1,CREF-068575,CB-000792,nstr,Northstar Container Lines,[42G0],2026-08-31 12:20:52.286000 UTC,FALSE,TRUE,FALSE,edi,FALSE,FALSE,2026-09-14 07:52:37.613000 UTC,SHP-068222,,CarrierCancelled,2026-09-14 07:52:37.101000 UTC
1,CREF-068184,CB-000048,BLUX,Blue Line Shipping,[],2026-09-09 09:20:08.089000 UTC,FALSE,FALSE,FALSE,,FALSE,FALSE,2026-09-09 09:20:08.609000 UTC,SHP-213953,partner-booking,CARRIER_CONFIRMED,2026-09-09 09:20:08.089000 UTC
1,CREF-138432,CB-000176,NSTR,Northstar Container Lines,[],2026-07-31 12:52:06.355000 UTC,FALSE,FALSE,FALSE,,FALSE,FALSE,2026-08-21 12:53:22.295000 UTC,SHP-200920,partner-booking,CarrierConfirmed,2026-08-03 14:28:38.541000 UTC
2,CREF-030329,CB-000478,BLUX,Blue Line Shipping,[],2026-08-18 09:12:19.692000 UTC,FALSE,FALSE,FALSE,,FALSE,FALSE,2026-08-21 12:53:27.305000 UTC,SHP-010257,partner-booking,CarrierConfirmed,2026-08-18 09:12:19.692000 UTC
1,CREF-080705,CB-001014,NSTR,Northstar Container Lines,[45G0],2026-07-17 09:50:22.871000 UTC,FALSE,TRUE,FALSE,edi,FALSE,FALSE,2026-08-21 12:53:18.016000 UTC,SHP-220962,transport-order,CarrierCancelled,2026-07-23 09:23:40.492000 UTC
1,CREF-119330,CB-000791,BLUX,Blue Line Shipping,[22G0],2026-06-05 14:25:50.279000 UTC,FALSE,TRUE,FALSE,api,FALSE,FALSE,2026-08-21 12:53:15.268000 UTC,SHP-054347,,CarrierConfirmed,2026-06-05 14:25:50.279000 UTC
1,CREF-054388,CB-000483,BLUX,Blue Line Shipping,[45G0],2026-06-30 07:43:12.057000 UTC,FALSE,TRUE,FALSE,api,FALSE,FALSE,2026-08-21 12:53:16.993000 UTC,SHP-172217,flash,CarrierConfirmed,2026-07-01 10:58:42.126000 UTC
1,CREF-066470,CB-000630,NSTR,Northstar Container Lines,[42G0],2026-08-04 10:09:58.983000 UTC,FALSE,TRUE,FALSE,edi,FALSE,FALSE,2026-09-17 22:31:05.945000 UTC,SHP-078257,transport-order,carrier_confirmed,2026-09-17 22:31:05.635000 UTC
1,CREF-135868,CB-000662,BLUX,Blue Line Shipping,[],2026-08-25 07:34:54.262000 UTC,FALSE,FALSE,FALSE,,FALSE,FALSE,2026-08-25 07:34:54.704000 UTC,SHP-103142,partner-booking,CarrierConfirmed,2026-08-25 07:34:54.262000 UTC
1,CREF-154102,CB-000617,BLUX,Blue Line Shipping,[45G0],2026-01-22 10:52:12.319000 UTC,FALSE,TRUE,FALSE,api,FALSE,FALSE,2026-08-04 18:03:53.942000 UTC,,,CarrierConfirmed,2026-01-22 13:31:08.441000 UTC
1,CREF-117125,CB-000402,blux,Blue Line Shipping,[22G0],2026-08-26 12:29:48.877000 UTC,FALSE,TRUE,FALSE,api,FALSE,TRUE,2026-09-09 13:11:10.319000 UTC,SHP-062965,transport-order,CarrierConfirmed,2026-09-09 13:11:09.563000 UTC
1,CREF-093427,CB-000494,BLUX,Blue Line Shipping,[45G0],2026-06-05 14:45:44.470000 UTC,FALSE,TRUE,FALSE,api,FALSE,FALSE,2026-08-21 12:53:15.930000 UTC,SHP-176426,,CarrierConfirmed,2026-06-05 14:45:44.470000 UTC
1,CREF-078450,CB-000427,BLUX,Blue Line Shipping,[45G0],2026-08-31 05:44:32.427000 UTC,FALSE,TRUE,FALSE,api,FALSE,FALSE,2026-09-14 05:10:47.617000 UTC,SHP-007515,transport-order,CarrierConfirmed,2026-09-14 05:10:46.424000 UTC
1,CREF-153960,CB-000186,BLUX,Blue Line Shipping,[],2026-08-28 07:17:57.915000 UTC,FALSE,FALSE,FALSE,,FALSE,FALSE,2026-08-28 07:17:58.355000 UTC,SHP-128370,partner-booking,CarrierConfirmed,2026-08-28 07:17:57.915000 UTC
1,CREF-095188,CB-000581,BLUX,Blue Line Shipping,[22G0],2026-08-25 07:53:29.040000 UTC,FALSE,TRUE,FALSE,api,FALSE,FALSE,2026-08-25 08:43:48.369000 UTC,SHP-146420,transport-order,carrierconfirmed,2026-08-25 08:43:47.973000 UTC
1,CREF-017063,CB-000908,blux,Blue Line Shipping,[45G0],2026-07-22 07:52:04.656000 UTC,FALSE,TRUE,FALSE,api,FALSE,FALSE,2026-08-21 12:53:18.880000 UTC,SHP-064502,flash,carrier_confirmed,2026-07-22 08:03:31.547000 UTC
1,CREF-017533,CB-000369,BLUX,Blue Line Shipping,[45G0],2026-01-22 14:05:16.815000 UTC,FALSE,TRUE,FALSE,api,FALSE,FALSE,2026-08-04 18:03:54.127000 UTC,,,CarrierConfirmed,2026-01-23 09:21:39.801000 UTC
2,CREF-016606,CB-000049,blux,Blue Line Shipping,[45G0],2026-08-26 01:51:18.844000 UTC,FALSE,TRUE,FALSE,api,FALSE,FALSE,2026-08-26 02:00:51.126000 UTC,SHP-216977,transport-order,CarrierConfirmed,2026-08-26 02:00:50.710000 UTC
1,CREF-129975,CB-000138,BLUX,Blue Line Shipping,[],2026-09-09 07:49:32.718000 UTC,FALSE,FALSE,FALSE,,FALSE,FALSE,2026-09-12 08:38:06.487000 UTC,SHP-150586,partner-booking,carrier_confirmed,2026-09-12 08:38:05.791000 UTC
2,,CB-000827,BLUX,Blue Line Shipping,[45G0],2026-05-28 10:21:30.787000 UTC,FALSE,TRUE,FALSE,api,FALSE,TRUE,2026-08-21 12:53:12.435000 UTC,SHP-053217,,Failed,2026-05-28 10:21:32.294000 UTC
1,CREF-081825,CB-000565,BLUX,Blue Line Shipping,[45G0],2026-02-16 14:41:30.322000 UTC,FALSE,TRUE,FALSE,api,FALSE,FALSE,2026-08-04 18:03:56.657000 UTC,,,CarrierConfirmed,2026-02-16 15:11:40.070000 UTC
1,CREF-103925,CB-000795,BLUX,Blue Line Shipping,[42G0],2026-02-06 14:16:37.873000 UTC,FALSE,TRUE,FALSE,api,FALSE,FALSE,2026-08-04 18:03:55.757000 UTC,,,CarrierConfirmed,2026-02-10 10:53:03.029000 UTC
1,CREF-053987,CB-000838,Blux,Blue Line Shipping,[22G0],2026-01-29 12:07:12.239000 UTC,FALSE,TRUE,FALSE,api,FALSE,FALSE,2026-08-04 18:03:54.705000 UTC,,,CarrierConfirmed,2026-01-29 14:22:20.031000 UTC
1,CREF-082005,CB-000692,BLUX,Blue Line Shipping,[22G0],2026-06-05 14:21:51.953000 UTC,FALSE,TRUE,FALSE,api,FALSE,FALSE,2026-08-21 12:53:15.193000 UTC,SHP-059134,,CarrierConfirmed,2026-06-05 14:21:51.953000 UTC
1,CREF-054739,CB-000603,BLUX,Blue Line Shipping,[42G0],2026-01-29 12:32:06.908000 UTC,FALSE,TRUE,FALSE,api,FALSE,FALSE,2026-08-04 18:03:54.879000 UTC,,,CarrierConfirmed,2026-01-29 14:12:14.511000 UTC
1,CREF-031816,CB-000413,Blux,Blue Line Shipping,[],2026-08-06 08:16:28.503000 UTC,FALSE,FALSE,FALSE,,FALSE,FALSE,2026-09-07 16:49:39.519000 UTC,SHP-052886,partner-booking,CarrierCancelled,2026-09-07 16:49:38.959000 UTC
1,CREF-121727,CB-000227,BLUX,Blue Line Shipping,[42G0],2026-06-29 07:41:39.789000 UTC,FALSE,TRUE,FALSE,api,FALSE,FALSE,2026-08-21 12:53:16.921000 UTC,SHP-001129,transport-order,CarrierConfirmed,2026-06-29 08:06:39.789000 UTC
1,CREF-101158,CB-000706,Blux,Blue Line Shipping,[],2026-07-31 13:06:34.677000 UTC,FALSE,FALSE,FALSE,,FALSE,FALSE,2026-09-01 14:58:04.354000 UTC,SHP-166661,partner-booking,CARRIER_CONFIRMED,2026-09-01 14:58:03.888000 UTC
1,CREF-006132,CB-001004,NSTR,Northstar Container Lines,[],2026-08-07 07:27:00.114000 UTC,FALSE,FALSE,FALSE,,FALSE,FALSE,2026-08-21 12:53:24.232000 UTC,SHP-011983,partner-booking,CarrierConfirmed,2026-08-07 07:27:00.114000 UTC
1,CREF-066014,CB-000396,BLUX,Blue Line Shipping,[45G0],2026-08-13 04:02:07.549000 UTC,FALSE,TRUE,FALSE,api,FALSE,FALSE,2026-08-31 04:28:01.239000 UTC,SHP-019748,transport-order,CarrierCancelled,2026-08-31 04:28:00.257000 UTC
1,CREF-154171,CB-000168,BLUX,Blue Line Shipping,[45G0],2026-01-15 15:25:49.406000 UTC,FALSE,TRUE,FALSE,api,FALSE,FALSE,2026-08-04 18:03:52.947000 UTC,,,CarrierConfirmed,2026-01-15 15:40:55.049000 UTC
9,,CB-000769,Blux,Blue Line Shipping,[45G0],2026-05-28 13:53:22.171000 UTC,FALSE,TRUE,FALSE,api,FALSE,TRUE,2026-08-21 12:53:12.775000 UTC,SHP-053217,,Failed,2026-05-28 13:53:33.917000 UTC
1,CREF-010130,CB-000590,BLUX,Blue Line Shipping,[],2026-08-19 08:55:20.378000 UTC,FALSE,FALSE,FALSE,,FALSE,FALSE,2026-08-21 12:53:27.593000 UTC,SHP-036319,partner-booking,CarrierConfirmed,2026-08-19 08:55:20.378000 UTC
1,CREF-007949,CB-000117,BLUX,Blue Line Shipping,[],2026-07-30 01:13:50.891000 UTC,FALSE,FALSE,FALSE,,FALSE,FALSE,2026-08-21 12:53:20.887000 UTC,SHP-086839,partner-booking,CarrierConfirmed,2026-08-17 07:28:01.826000 UTC
1,CREF-131895,CB-000194,blux,Blue Line Shipping,[],2026-09-08 08:45:54.584000 UTC,FALSE,FALSE,FALSE,,FALSE,FALSE,2026-09-08 08:45:55.037000 UTC,SHP-069573,partner-booking,Carrier Confirmed,2026-09-08 08:45:54.584000 UTC
1,CREF-051041,CB-000278,BLUX,Blue Line Shipping,[45G0],2026-08-19 11:36:04.988000 UTC,FALSE,TRUE,FALSE,api,FALSE,FALSE,2026-09-09 08:30:42.766000 UTC,SHP-151849,flash,Carrier Confirmed,2026-09-09 08:30:42.395000 UTC
1,CREF-124102,CB-000684,BLUX,Blue Line Shipping,[22G0],2026-01-14 10:52:30.410000 UTC,FALSE,TRUE,FALSE,api,FALSE,FALSE,2026-08-04 18:03:52.494000 UTC,,,CarrierConfirmed,2026-01-14 13:47:59.682000 UTC
1,CREF-065185,CB-000109,BLUX,Blue Line Shipping,[45G0],2026-02-04 11:21:02.266000 UTC,FALSE,TRUE,FALSE,api,FALSE,FALSE,2026-08-04 18:03:55.327000 UTC,,,CarrierConfirmed,2026-02-04 11:36:26.473000 UTC
1,CREF-116695,CB-000390,BLUX,Blue Line Shipping,[45G0],2026-09-02 08:27:15.848000 UTC,FALSE,TRUE,FALSE,api,FALSE,FALSE,2026-09-16 16:20:13.516000 UTC,SHP-009158,flash,CarrierConfirmed,2026-09-16 16:20:12.768000 UTC
1,CREF-130939,CB-000998,BLUX,Blue Line Shipping,[45G0],2026-08-28 14:51:00.717000 UTC,FALSE,TRUE,FALSE,api,FALSE,TRUE,2026-09-09 14:57:55.995000 UTC,SHP-027310,transport-order,carrier_confirmed,2026-09-09 14:57:55.367000 UTC
1,CREF-057108,CB-000680,BLUX,Blue Line Shipping,[42G0],2026-02-06 09:10:54.831000 UTC,FALSE,TRUE,FALSE,api,FALSE,FALSE,2026-08-04 18:03:55.541000 UTC,,,CarrierConfirmed,2026-02-09 18:22:08.960000 UTC
1,CREF-134002,CB-000665,NSTR,Northstar Container Lines,[42G0],2026-08-04 10:12:08.624000 UTC,FALSE,TRUE,FALSE,edi,FALSE,FALSE,2026-08-21 12:53:23.113000 UTC,SHP-171371,transport-order,CarrierCancelled,2026-08-18 08:03:41.898000 UTC
1,CREF-138642,CB-000870,BLUX,Blue Line Shipping,[42G0],2026-02-10 09:03:57.734000 UTC,FALSE,TRUE,FALSE,api,FALSE,FALSE,2026-08-04 18:03:55.839000 UTC,,,CarrierConfirmed,2026-02-10 15:59:12.722000 UTC
1,CREF-071131,CB-000308,BLUX,Blue Line Shipping,[22G0],2026-01-09 14:28:57.620000 UTC,FALSE,TRUE,FALSE,api,FALSE,TRUE,2026-08-04 18:03:51.287000 UTC,,,CarrierConfirmed,2026-01-09 15:44:44.857000 UTC
1,CREF-001571,CB-000879,BLUX,Blue Line Shipping,[],2026-08-27 02:08:27.736000 UTC,FALSE,FALSE,FALSE,,FALSE,FALSE,2026-08-27 02:08:28.428000 UTC,SHP-083530,partner-booking,CarrierConfirmed,2026-08-27 02:08:27.736000 UTC
1,CREF-097712,CB-000044,BLUX,Blue Line Shipping,[],2026-08-26 01:57:02.187000 UTC,FALSE,FALSE,FALSE,,FALSE,FALSE,2026-09-17 05:01:50.636000 UTC,SHP-162655,partner-booking,carrierconfirmed,2026-09-17 05:01:50.193000 UTC
3,,CB-000884,NSTR,Northstar Container Lines,[45G0],2026-06-03 06:12:47.729000 UTC,FALSE,TRUE,FALSE,edi,FALSE,FALSE,2026-08-21 12:53:13.614000 UTC,SHP-159616,,Failed,2026-06-03 11:31:56.344000 UTC
1,,CB-000730,BLUX,Blue Line Shipping,[45G0],2026-01-20 06:16:10.382000 UTC,FALSE,TRUE,FALSE,api,FALSE,TRUE,2026-08-04 18:03:53.360000 UTC,,,Failed,2026-01-20 06:16:35.550000 UTC
1,CREF-015635,CB-000771,NSTR,Northstar Container Lines,[42G0],2026-06-29 11:59:14.461000 UTC,FALSE,TRUE,FALSE,edi,FALSE,FALSE,2026-08-21 12:53:16.969000 UTC,SHP-177234,transport-order,CarrierConfirmed,2026-07-16 22:33:11.711000 UTC
1,CREF-111515,CB-000303,nstr,Northstar Container Lines,[22G0],2026-08-21 02:45:54.882000 UTC,FALSE,TRUE,FALSE,edi,FALSE,FALSE,2026-09-18 08:46:57.901000 UTC,SHP-099804,transport-order,CarrierConfirmed,2026-09-18 08:46:57.483000 UTC
1,CREF-075712,CB-000697,NSTR,Northstar Container Lines,[42G0],2026-08-04 10:17:32.372000 UTC,FALSE,TRUE,FALSE,edi,FALSE,FALSE,2026-08-21 12:53:23.160000 UTC,SHP-181113,transport-order,CARRIER_CANCELLED,2026-08-19 11:37:41.961000 UTC
1,CREF-107538,CB-000479,NSTR,Northstar Container Lines,"[45G0,22G0]",2026-09-01 08:35:57.820000 UTC,FALSE,TRUE,FALSE,edi,FALSE,FALSE,2026-09-18 07:34:57.301000 UTC,SHP-007416,transport-order,CarrierConfirmed,2026-09-18 07:34:56.570000 UTC
4,,CB-000219,BLUX,Blue Line Shipping,[42G0],2026-06-26 12:33:25.043000 UTC,FALSE,TRUE,FALSE,api,FALSE,FALSE,2026-08-21 12:53:16.841000 UTC,SHP-026808,flash,Failed,2026-06-26 12:33:26.481000 UTC
1,CREF-068877,CB-000209,BLUX,Blue Line Shipping,[],2026-08-13 03:56:52.733000 UTC,FALSE,FALSE,FALSE,,FALSE,FALSE,2026-09-17 09:29:51.774000 UTC,SHP-196189,partner-booking,CARRIER_CONFIRMED,2026-09-17 09:29:51.378000 UTC
1,CREF-154541,CB-000670,BLUX,Blue Line Shipping,[],2026-07-25 01:35:13.086000 UTC,FALSE,FALSE,FALSE,,FALSE,FALSE,2026-08-21 12:53:19.356000 UTC,SHP-105514,partner-booking,CarrierConfirmed,2026-07-25 01:35:13.086000 UTC
1,CREF-060482,CB-001050,blux,Blue Line Shipping,[22G0],2026-08-12 13:47:56.487000 UTC,FALSE,TRUE,FALSE,api,FALSE,FALSE,2026-08-21 12:53:25.845000 UTC,SHP-162542,transport-order,CarrierConfirmed,2026-08-12 14:14:02.005000 UTC
1,CREF-039245,CB-000811,BLUX,Blue Line Shipping,[42G0],2026-01-23 09:37:50.369000 UTC,FALSE,TRUE,FALSE,api,FALSE,FALSE,2026-08-04 18:03:54.328000 UTC,,,CarrierConfirmed,2026-01-23 10:38:39.998000 UTC
1,CREF-142623,CB-000969,NSTR,Northstar Container Lines,[],2026-07-30 08:10:56.159000 UTC,FALSE,FALSE,FALSE,,FALSE,FALSE,2026-08-21 12:53:21.294000 UTC,SHP-120684,partner-booking,carrierconfirmed,2026-07-30 08:10:56.159000 UTC
1,CREF-001978,CB-000537,BLUX,Blue Line Shipping,[45G0],2026-07-29 04:02:48.299000 UTC,FALSE,TRUE,FALSE,api,FALSE,FALSE,2026-08-21 12:53:20.541000 UTC,SHP-155353,transport-order,CarrierCancelled,2026-07-29 04:12:29.424000 UTC
1,CREF-150133,CB-000434,BLUX,Blue Line Shipping,[],2026-08-11 13:48:40.616000 UTC,FALSE,FALSE,FALSE,,FALSE,FALSE,2026-08-21 12:53:25.390000 UTC,SHP-115583,partner-booking,CarrierConfirmed,2026-08-11 13:48:40.616000 UTC
1,CREF-110411,CB-000538,BLUX,Blue Line Shipping,[22G0],2026-03-19 08:08:58.087000 UTC,FALSE,TRUE,FALSE,api,FALSE,FALSE,2026-08-04 18:03:58.144000 UTC,SHP-014623,,CarrierConfirmed,2026-03-19 08:49:05.134000 UTC
1,CREF-144376,CB-000424,Blux,Blue Line Shipping,[],2026-08-12 03:36:47.265000 UTC,FALSE,FALSE,FALSE,,FALSE,FALSE,2026-08-21 12:53:25.461000 UTC,SHP-004814,partner-booking,CarrierCancelled,2026-08-20 08:43:13.505000 UTC
1,CREF-046129,CB-000764,BLUX,Blue Line Shipping,[45G0],2026-09-02 09:45:07.502000 UTC,FALSE,TRUE,FALSE,api,FALSE,FALSE,2026-09-02 14:58:23.445000 UTC,SHP-140126,transport-order,CarrierConfirmed,2026-09-02 14:58:22.768000 UTC
1,CREF-103041,CB-000400,BLUX,Blue Line Shipping,[42G0],2026-08-17 12:47:05.521000 UTC,FALSE,TRUE,FALSE,api,FALSE,FALSE,2026-08-21 12:53:26.929000 UTC,SHP-099727,transport-order,CarrierConfirmed,2026-08-18 08:59:35.146000 UTC
1,CREF-157601,CB-000671,nstr,Northstar Container Lines,[42G0],2026-06-10 09:03:40.372000 UTC,FALSE,TRUE,FALSE,edi,FALSE,FALSE,2026-08-21 12:53:16.169000 UTC,SHP-039674,,CARRIER_CONFIRMED,2026-06-23 00:46:41.454000 UTC
8,,CB-000709,BLUX,Blue Line Shipping,[45G0],2026-05-28 13:52:17.239000 UTC,FALSE,TRUE,FALSE,api,FALSE,TRUE,2026-08-21 12:53:12.736000 UTC,SHP-053217,,Failed,2026-05-28 13:52:19.340000 UTC
1,CREF-155428,CB-000145,NSTR,Northstar Container Lines,[22R1],2026-08-25 09:15:34.903000 UTC,FALSE,FALSE,TRUE,edi,FALSE,FALSE,2026-09-15 10:03:05.502000 UTC,SHP-073573,transport-order,CarrierConfirmed,2026-09-15 10:03:05.179000 UTC
1,CREF-062961,CB-000950,BLUX,Blue Line Shipping,[],2026-08-04 06:50:07.786000 UTC,FALSE,FALSE,FALSE,,FALSE,FALSE,2026-08-24 10:04:25.412000 UTC,SHP-025775,partner-booking,CarrierConfirmed,2026-08-24 10:04:24.962000 UTC
1,CREF-038582,CB-000054,NSTR,Northstar Container Lines,[],2026-07-31 08:01:10.233000 UTC,FALSE,FALSE,FALSE,,FALSE,FALSE,2026-08-21 12:53:22.057000 UTC,SHP-039387,partner-booking,CarrierConfirmed,2026-07-31 08:01:10.233000 UTC
2,,CB-000656,BLUX,Blue Line Shipping,[22G0],2026-09-10 10:10:35.190000 UTC,FALSE,TRUE,FALSE,api,FALSE,FALSE,2026-09-11 08:39:47.090000 UTC,SHP-040049,transport-order,PENDING,2026-09-10 17:40:35.190000 UTC
1,CREF-103504,CB-000377,Blux,Blue Line Shipping,[22G0],2026-06-05 06:28:16.714000 UTC,FALSE,TRUE,FALSE,api,FALSE,FALSE,2026-08-21 12:53:14.379000 UTC,SHP-111576,,CarrierConfirmed,2026-06-05 14:54:34.321000 UTC
2,CREF-130717,CB-000717,BLUX,Blue Line Shipping,[],2026-08-11 07:36:50.357000 UTC,FALSE,FALSE,FALSE,,FALSE,FALSE,2026-08-21 12:53:25.299000 UTC,SHP-117901,partner-booking,CarrierConfirmed,2026-08-18 09:07:18.667000 UTC
1,CREF-008138,CB-000745,BLUX,Blue Line Shipping,[],2026-09-09 08:25:37.255000 UTC,FALSE,FALSE,FALSE,,FALSE,FALSE,2026-09-18 07:14:44.984000 UTC,SHP-128928,partner-booking,CARRIER_CONFIRMED,2026-09-12 08:01:37.255000 UTC
1,,CB-000576,BLUX,Blue Line Shipping,[42G0],2026-06-05 11:14:25.676000 UTC,FALSE,TRUE,FALSE,api,FALSE,FALSE,2026-08-21 12:53:14.995000 UTC,SHP-176272,,Pending,2026-06-05 11:26:25.676000 UTC
1,CREF-106378,CB-000944,BLUX,Blue Line Shipping,[45G0],2026-07-13 12:47:16.341000 UTC,FALSE,TRUE,FALSE,api,FALSE,FALSE,2026-08-21 12:53:17.592000 UTC,SHP-026065,flash,CarrierConfirmed,2026-07-24 13:41:42.621000 UTC
1,CREF-049814,CB-000993,BLUX,Blue Line Shipping,[],2026-09-04 01:53:42.939000 UTC,FALSE,FALSE,FALSE,,FALSE,FALSE,2026-09-04 01:53:43.379000 UTC,SHP-159283,partner-booking,CarrierConfirmed,2026-09-04 01:53:42.939000 UTC
1,CREF-128464,CB-000085,BLUX,Blue Line Shipping,[],2026-07-31 08:39:59.692000 UTC,FALSE,FALSE,FALSE,,FALSE,FALSE,2026-08-21 12:53:22.105000 UTC,SHP-223339,partner-booking,CarrierConfirmed,2026-08-18 11:53:16.775000 UTC
1,CREF-019876,CB-000405,blux,Blue Line Shipping,[],2026-09-09 07:08:37.843000 UTC,FALSE,FALSE,FALSE,,FALSE,FALSE,2026-09-10 10:10:27.953000 UTC,SHP-079912,partner-booking,CARRIER_CONFIRMED,2026-09-10 10:10:27.290000 UTC
1,CREF-095846,CB-000190,blux,Blue Line Shipping,[],2026-09-10 06:03:09.190000 UTC,FALSE,FALSE,FALSE,,FALSE,FALSE,2026-09-17 02:38:01.154000 UTC,SHP-126537,partner-booking,CarrierCanceled,2026-09-17 02:38:00.494000 UTC
1,CREF-037868,CB-000411,Blux,Blue Line Shipping,[45G0],2026-07-21 09:00:50.390000 UTC,FALSE,TRUE,FALSE,api,FALSE,FALSE,2026-08-21 12:53:18.212000 UTC,SHP-120561,transport-order,CarrierConfirmed,2026-07-21 09:23:46.679000 UTC
1,CREF-088643,CB-000755,BLUX,Blue Line Shipping,[22G0],2026-08-03 10:05:05.394000 UTC,FALSE,TRUE,FALSE,api,FALSE,FALSE,2026-08-21 12:53:22.602000 UTC,SHP-178075,transport-order,CarrierConfirmed,2026-08-03 12:20:51.107000 UTC
1,CREF-090766,CB-000150,BLUX,Blue Line Shipping,[42G0],2026-01-22 13:02:52.998000 UTC,FALSE,TRUE,FALSE,api,FALSE,FALSE,2026-08-04 18:03:53.984000 UTC,,,CarrierConfirmed,2026-01-22 14:18:18.106000 UTC
1,CREF-153423,CB-000129,BLUX,Blue Line Shipping,[],2026-08-04 05:58:48.486000 UTC,FALSE,FALSE,FALSE,,FALSE,FALSE,2026-08-28 07:38:28.422000 UTC,SHP-217752,partner-booking,CarrierCancelled,2026-08-28 07:38:27.987000 UTC
1,,CB-000345,Blux,Blue Line Shipping,[45G0],2026-08-21 13:53:57.211000 UTC,FALSE,TRUE,FALSE,api,FALSE,FALSE,2026-08-21 13:53:58.835000 UTC,SHP-221417,transport-order,Failed,2026-08-21 13:53:58.477000 UTC
1,CREF-084746,CB-000375,BLUX,Blue Line Shipping,[],2026-08-26 05:20:10.871000 UTC,FALSE,FALSE,FALSE,,FALSE,FALSE,2026-09-09 04:21:41.659000 UTC,SHP-108860,partner-booking,carrierconfirmed,2026-09-09 04:21:41.175000 UTC
1,,CB-000947,BLUX,Blue Line Shipping,[45G0],2026-02-02 14:21:16.049000 UTC,FALSE,TRUE,FALSE,api,FALSE,FALSE,2026-08-04 18:03:55.206000 UTC,,,CarrierContacted,2026-02-02 21:53:16.049000 UTC
1,CREF-076563,CB-000909,blux,Blue Line Shipping,[],2026-08-20 18:07:46.680000 UTC,FALSE,FALSE,FALSE,,FALSE,FALSE,2026-09-15 12:19:58.427000 UTC,SHP-020215,partner-booking,CarrierConfirmed,2026-09-15 12:19:58.028000 UTC
1,CREF-091206,CB-001042,BLUX,Blue Line Shipping,[22G0],2026-07-16 07:31:33.091000 UTC,FALSE,TRUE,FALSE,api,FALSE,FALSE,2026-08-21 12:53:17.849000 UTC,SHP-118137,transport-order,CarrierConfirmed,2026-07-20 07:20:30.081000 UTC
1,CREF-033024,CB-000285,BLUX,Blue Line Shipping,[22G0],2026-06-05 14:28:03.997000 UTC,FALSE,TRUE,FALSE,api,FALSE,FALSE,2026-08-21 12:53:15.350000 UTC,SHP-035540,,CarrierConfirmed,2026-06-05 14:28:03.997000 UTC
2,,CB-000956,BLUX,Blue Line Shipping,[45G0],2026-08-19 07:45:08.636000 UTC,FALSE,TRUE,FALSE,api,FALSE,TRUE,2026-08-21 12:53:27.475000 UTC,SHP-112326,flash,Failed,2026-08-19 07:45:10.947000 UTC
1,CREF-086939,CB-000342,BLUX,Blue Line Shipping,[45G0],2026-01-21 08:10:32.768000 UTC,FALSE,TRUE,FALSE,api,FALSE,FALSE,2026-08-04 18:03:53.698000 UTC,,,CarrierConfirmed,2026-01-21 10:47:32.768000 UTC
1,CREF-092321,CB-000584,BLUX,Blue Line Shipping,[45G0],2026-06-17 07:46:08.495000 UTC,FALSE,TRUE,FALSE,api,FALSE,FALSE,2026-08-21 12:53:16.491000 UTC,SHP-165637,flash,CarrierConfirmed,2026-06-17 13:01:19.433000 UTC
1,CREF-113183,CB-000679,BLUX,Blue Line Shipping,[],2026-08-24 01:14:42.670000 UTC,FALSE,FALSE,FALSE,,FALSE,FALSE,2026-08-24 01:14:43.104000 UTC,SHP-114222,partner-booking,CarrierConfirmed,2026-08-24 01:14:42.670000 UTC
1,CREF-069215,CB-000376,BLUX,Blue Line Shipping,[45G0],2026-03-09 10:18:48.589000 UTC,FALSE,TRUE,FALSE,api,FALSE,FALSE,2026-08-04 18:03:57.805000 UTC,,,Carrier Confirmed,2026-03-10 07:44:15.153000 UTC
1,,CB-000142,BLUX,Blue Line Shipping,[],2026-08-11 02:50:10.333000 UTC,FALSE,FALSE,FALSE,,FALSE,FALSE,2026-08-21 12:53:25.008000 UTC,SHP-212972,partner-booking,Pending,2026-08-13 12:46:10.333000 UTC
1,CREF-139812,CB-000024,BLUX,Blue Line Shipping,[22G0],2026-02-04 10:29:22.388000 UTC,FALSE,TRUE,FALSE,api,FALSE,FALSE,2026-08-04 18:03:55.286000 UTC,,,CarrierConfirmed,2026-02-04 11:44:28.633000 UTC
1,CREF-108308,CB-000903,BLUX,Blue Line Shipping,[],2026-08-05 07:32:13.582000 UTC,FALSE,FALSE,FALSE,,FALSE,FALSE,2026-08-21 12:53:23.614000 UTC,SHP-111751,partner-booking,CarrierConfirmed,2026-08-05 07:32:13.582000 UTC
1,,CB-000483,BLUX,Blue Line Shipping,[45G0],2026-06-30 07:43:12.057000 UTC,FALSE,TRUE,FALSE,api,FALSE,FALSE,2026-08-21 12:53:16.993000 UTC,SHP-172217,flash,CarrierContacted,2026-06-30 16:48:12.057000 UTC
1,CREF-021827,CB-000594,NSTR,Northstar Container Lines,[],2026-07-30 11:52:33.465000 UTC,FALSE,FALSE,FALSE,,FALSE,FALSE,2026-08-21 12:53:21.419000 UTC,SHP-150060,partner-booking,CarrierConfirmed,2026-07-30 11:52:33.465000 UTC
1,CREF-008877,CB-000286,BLUX,Blue Line Shipping,[22G0],2026-06-05 14:46:18.259000 UTC,FALSE,TRUE,FALSE,api,FALSE,FALSE,2026-08-21 12:53:15.953000 UTC,SHP-156622,,CarrierConfirmed,2026-06-05 14:46:18.259000 UTC
1,CREF-108496,CB-000327,BLUX,Blue Line Shipping,[42G0],2026-02-25 11:48:51.680000 UTC,FALSE,TRUE,FALSE,api,FALSE,FALSE,2026-08-04 18:03:57.374000 UTC,,,CarrierConfirmed,2026-02-25 20:04:05.074000 UTC
3,CREF-031702,CB-000991,blux,Blue Line Shipping,[45G0],2026-06-12 11:44:17.857000 UTC,FALSE,TRUE,FALSE,api,FALSE,FALSE,2026-08-21 12:53:16.372000 UTC,SHP-207195,flash,CarrierConfirmed,2026-06-12 12:19:24.490000 UTC
1,CREF-069719,CB-000700,nstr,Northstar Container Lines,[],2026-07-27 11:20:29.930000 UTC,FALSE,FALSE,FALSE,,FALSE,FALSE,2026-08-21 12:53:19.810000 UTC,SHP-096932,partner-booking,CarrierConfirmed,2026-07-27 11:20:29.930000 UTC
1,CREF-145298,CB-000284,Nstr,Northstar Container Lines,[45G0],2026-08-31 07:29:00.256000 UTC,FALSE,TRUE,FALSE,edi,FALSE,FALSE,2026-09-16 23:46:35.544000 UTC,SHP-057742,transport-order,CarrierConfirmed,2026-09-16 23:46:34.608000 UTC
1,CREF-121486,CB-000534,Blux,Blue Line Shipping,[22G0],2026-07-01 10:59:44.510000 UTC,FALSE,TRUE,FALSE,api,FALSE,FALSE,2026-08-21 12:53:17.017000 UTC,SHP-112386,flash,CarrierConfirmed,2026-07-01 12:14:51.727000 UTC
1,CREF-064950,CB-000739,BLUX,Blue Line Shipping,[],2026-08-20 09:12:17.207000 UTC,FALSE,FALSE,FALSE,,FALSE,FALSE,2026-09-07 11:48:32.310000 UTC,SHP-071432,partner-booking,CARRIER_CONFIRMED,2026-09-07 11:48:31.493000 UTC
3,,CB-000162,BLUX,Blue Line Shipping,[45G0],2026-05-05 08:09:26.703000 UTC,FALSE,TRUE,FALSE,api,FALSE,FALSE,2026-08-21 12:53:11.695000 UTC,SHP-062743,,Pending,2026-05-05 15:57:26.703000 UTC
1,CREF-012456,CB-000213,blux,Blue Line Shipping,[],2026-07-31 07:19:16.917000 UTC,FALSE,FALSE,FALSE,,FALSE,FALSE,2026-08-21 12:53:21.945000 UTC,SHP-172455,partner-booking,CarrierConfirmed,2026-07-31 07:19:16.917000 UTC
1,CREF-031418,CB-000332,BLUX,Blue Line Shipping,[],2026-08-11 14:01:08.609000 UTC,FALSE,FALSE,FALSE,,FALSE,FALSE,2026-08-21 12:53:25.414000 UTC,SHP-126704,partner-booking,CarrierConfirmed,2026-08-11 14:01:08.609000 UTC
1,CREF-099367,CB-000438,BLUX,Blue Line Shipping,[45G0],2026-08-25 07:46:46.655000 UTC,FALSE,TRUE,FALSE,api,FALSE,FALSE,2026-08-25 08:33:50.203000 UTC,SHP-157401,transport-order,CarrierConfirmed,2026-08-25 08:33:49.665000 UTC
1,CREF-092545,CB-000467,NSTR,Northstar Container Lines,[22G0],2026-09-08 05:56:51.977000 UTC,FALSE,TRUE,FALSE,edi,FALSE,FALSE,2026-09-16 11:10:09.004000 UTC,SHP-192587,transport-order,CARRIER_CONFIRMED,2026-09-16 11:10:08.240000 UTC
1,CREF-045534,CB-000030,NSTR,Northstar Container Lines,[42G0],2026-08-31 07:08:55.222000 UTC,FALSE,TRUE,FALSE,edi,FALSE,FALSE,2026-09-17 18:30:21.460000 UTC,SHP-207149,transport-order,CarrierConfirmed,2026-09-17 18:30:20.781000 UTC
2,CREF-019881,CB-000082,BLUX,Blue Line Shipping,[],2026-08-21 05:40:34.718000 UTC,FALSE,FALSE,FALSE,,FALSE,FALSE,2026-08-31 14:09:21.843000 UTC,SHP-004814,partner-booking,CarrierConfirmed,2026-08-31 14:09:21.198000 UTC
1,CREF-098239,CB-000586,BLUX,Blue Line Shipping,[22G0],2026-08-13 14:14:58.385000 UTC,FALSE,TRUE,FALSE,api,FALSE,FALSE,2026-08-21 12:53:26.423000 UTC,SHP-080049,transport-order,CarrierCancelled,2026-08-14 13:09:41.830000 UTC
1,CREF-144804,CB-000569,BLUX,Blue Line Shipping,[42G0],2026-02-12 19:16:41.612000 UTC,FALSE,TRUE,FALSE,api,FALSE,FALSE,2026-08-04 18:03:56.355000 UTC,,,CarrierConfirmed,2026-02-13 06:41:59.233000 UTC
1,CREF-122292,CB-000322,BLUX,Blue Line Shipping,[45G0],2026-06-05 14:38:15.157000 UTC,FALSE,TRUE,FALSE,api,FALSE,FALSE,2026-08-21 12:53:15.763000 UTC,SHP-093943,,CarrierConfirmed,2026-06-05 14:38:15.157000 UTC
11,,CB-000835,BLUX,Blue Line Shipping,[45G0],2026-05-28 14:03:44.583000 UTC,FALSE,TRUE,FALSE,api,FALSE,TRUE,2026-08-21 12:53:12.857000 UTC,SHP-053217,,Failed,2026-05-28 14:03:46.443000 UTC
1,CREF-006318,CB-000647,BLUX,Blue Line Shipping,[45G0],2026-08-11 03:34:40.626000 UTC,FALSE,TRUE,FALSE,api,FALSE,FALSE,2026-08-28 04:13:28.581000 UTC,SHP-007067,transport-order,CarrierConfirmed,2026-08-28 04:13:28.241000 UTC
1,CREF-014724,CB-000625,BLUX,Blue Line Shipping,[22G0],2026-06-19 13:07:18.699000 UTC,FALSE,TRUE,FALSE,api,FALSE,FALSE,2026-08-21 12:53:16.563000 UTC,SHP-169437,flash,CARRIER_CONFIRMED,2026-07-13 12:21:23.916000 UTC
1,CREF-092802,CB-000384,Blux,Blue Line Shipping,[],2026-08-26 07:49:43.987000 UTC,FALSE,FALSE,FALSE,,FALSE,FALSE,2026-08-26 07:49:45.006000 UTC,SHP-206688,partner-booking,CarrierConfirmed,2026-08-26 07:49:43.987000 UTC
1,CREF-084866,CB-000202,NSTR,Northstar Container Lines,[42G0],2026-08-04 10:15:56.176000 UTC,FALSE,TRUE,FALSE,edi,FALSE,FALSE,2026-08-28 09:06:24.208000 UTC,SHP-164607,transport-order,CarrierCancelled,2026-08-28 09:06:23.758000 UTC
1,CREF-002762,CB-000236,Blux,Blue Line Shipping,[22G0],2026-02-13 13:55:23.816000 UTC,FALSE,TRUE,FALSE,api,FALSE,FALSE,2026-08-04 18:03:56.541000 UTC,,,CarrierConfirmed,2026-02-16 13:36:35.426000 UTC
1,,CB-000501,BLUX,Blue Line Shipping,[45G0],2026-08-04 06:59:36.501000 UTC,FALSE,TRUE,FALSE,api,FALSE,FALSE,2026-08-21 12:53:22.946000 UTC,SHP-041823,flash,failed,2026-08-04 06:59:38.084000 UTC
1,CREF-126837,CB-000575,BLUX,Blue Line Shipping,[45G0],2026-07-22 07:48:23.625000 UTC,FALSE,TRUE,FALSE,api,FALSE,FALSE,2026-08-21 12:53:18.858000 UTC,SHP-201503,flash,CarrierConfirmed,2026-07-22 08:25:51.736000 UTC
2,CREF-138913,CB-000601,BLUX,Blue Line Shipping,[],2026-09-01 07:50:38.815000 UTC,FALSE,FALSE,FALSE,,FALSE,FALSE,2026-09-14 07:34:18.483000 UTC,SHP-208619,partner-booking,carrier_confirmed,2026-09-14 07:34:18.151000 UTC
1,CREF-083385,CB-000437,NSTR,Northstar Container Lines,[],2026-08-03 08:34:17.445000 UTC,FALSE,FALSE,FALSE,,FALSE,FALSE,2026-08-21 12:53:22.531000 UTC,SHP-000054,partner-booking,CarrierConfirmed,2026-08-03 08:34:17.445000 UTC
1,CREF-010766,CB-000020,BLUX,Blue Line Shipping,[],2026-08-17 08:02:16.648000 UTC,FALSE,FALSE,FALSE,,FALSE,FALSE,2026-08-31 15:22:04.815000 UTC,SHP-051602,partner-booking,CarrierConfirmed,2026-08-31 15:22:04.134000 UTC
1,CREF-062466,CB-000693,BLUX,Blue Line Shipping,[],2026-09-09 01:20:59.566000 UTC,FALSE,FALSE,FALSE,,FALSE,FALSE,2026-09-09 01:21:00.234000 UTC,SHP-023700,partner-booking,carrierconfirmed,2026-09-09 01:20:59.566000 UTC
1,,CB-000474,BLUX,Blue Line Shipping,[42G0],2026-01-23 08:44:40.205000 UTC,FALSE,TRUE,FALSE,api,FALSE,FALSE,2026-08-04 18:03:54.202000 UTC,,,Pending,2026-01-23 10:09:40.205000 UTC
1,CREF-019484,CB-000504,BLUX,Blue Line Shipping,[],2026-08-31 01:42:45.334000 UTC,FALSE,FALSE,FALSE,,FALSE,FALSE,2026-08-31 01:42:47.513000 UTC,SHP-020362,partner-booking,CarrierConfirmed,2026-08-31 01:42:45.334000 UTC
1,CREF-101400,CB-000152,blux,Blue Line Shipping,[],2026-08-04 06:12:47.244000 UTC,FALSE,FALSE,FALSE,,FALSE,FALSE,2026-08-21 12:53:22.805000 UTC,SHP-019449,partner-booking,CarrierConfirmed,2026-08-21 09:20:32.386000 UTC
1,CREF-033849,CB-000650,NSTR,Northstar Container Lines,[],2026-08-04 10:33:18.095000 UTC,FALSE,FALSE,FALSE,,FALSE,FALSE,2026-08-21 12:53:23.233000 UTC,SHP-069325,partner-booking,CarrierConfirmed,2026-08-04 10:33:18.095000 UTC
1,CREF-054111,CB-001045,blux,Blue Line Shipping,[45G0],2026-09-07 02:33:35.605000 UTC,FALSE,TRUE,FALSE,api,FALSE,FALSE,2026-09-07 04:47:48.579000 UTC,SHP-100034,transport-order,CarrierConfirmed,2026-09-07 04:47:48.217000 UTC
1,CREF-064780,CB-000261,Blux,Blue Line Shipping,[22G0],2026-06-24 15:08:03.644000 UTC,FALSE,TRUE,FALSE,api,FALSE,FALSE,2026-08-21 12:53:16.634000 UTC,SHP-054956,flash,CarrierCancelled,2026-06-25 10:23:30.950000 UTC
1,CREF-021630,CB-000782,BLUX,Blue Line Shipping,[22G0],2026-06-05 14:47:40.276000 UTC,FALSE,TRUE,FALSE,api,TRUE,FALSE,2026-08-21 12:53:15.977000 UTC,SHP-140566,,CarrierConfirmed,2026-06-05 14:47:40.276000 UTC
1,CREF-016711,CB-000557,nstr,Northstar Container Lines,[45G0],2026-09-09 08:42:14.466000 UTC,FALSE,TRUE,FALSE,edi,FALSE,FALSE,2026-09-17 01:32:36.370000 UTC,SHP-017814,transport-order,Carrier Confirmed,2026-09-17 01:32:35.886000 UTC
1,CREF-159800,CB-000890,BLUX,Blue Line Shipping,[45G0],2026-08-12 07:35:45.940000 UTC,FALSE,TRUE,FALSE,api,FALSE,FALSE,2026-08-21 12:53:25.581000 UTC,SHP-138935,transport-order,CarrierConfirmed,2026-08-13 11:48:10.910000 UTC
1,CREF-164903,CB-000553,BLUX,Blue Line Shipping,[45G0],2026-09-11 05:55:49.474000 UTC,FALSE,TRUE,FALSE,api,FALSE,FALSE,2026-09-16 02:30:59.791000 UTC,SHP-195014,transport-order,carrier_cancelled,2026-09-16 02:30:59.136000 UTC
1,CREF-051724,CB-000142,BLUX,Blue Line Shipping,[],2026-08-11 02:50:10.333000 UTC,FALSE,FALSE,FALSE,,FALSE,FALSE,2026-08-21 12:53:25.008000 UTC,SHP-212972,partner-booking,CarrierConfirmed,2026-08-18 08:37:28.291000 UTC
1,,CB-000727,BLUX,Blue Line Shipping,[],2026-07-31 00:53:49.736000 UTC,FALSE,FALSE,FALSE,,FALSE,FALSE,2026-08-21 12:53:21.654000 UTC,SHP-042352,partner-booking,Pending,2026-08-06 02:06:49.736000 UTC
1,CREF-120751,CB-000171,Blux,Blue Line Shipping,[],2026-08-13 05:58:52.069000 UTC,FALSE,FALSE,FALSE,,FALSE,FALSE,2026-08-21 12:53:26.182000 UTC,SHP-102602,partner-booking,CarrierConfirmed,2026-08-13 05:58:52.069000 UTC
1,CREF-012519,CB-000989,NSTR,Northstar Container Lines,[45G0],2026-09-18 08:09:18.727000 UTC,FALSE,TRUE,FALSE,edi,FALSE,FALSE,2026-09-18 11:37:59.425000 UTC,SHP-012574,transport-order,CarrierConfirmed,2026-09-18 11:37:58.764000 UTC
1,CREF-086442,CB-000016,Blux,Blue Line Shipping,[],2026-08-26 01:47:38.960000 UTC,FALSE,FALSE,FALSE,,FALSE,FALSE,2026-08-26 01:47:39.379000 UTC,SHP-204876,partner-booking,CarrierConfirmed,2026-08-26 01:47:38.960000 UTC
1,CREF-085503,CB-000076,BLUX,Blue Line Shipping,[45G0],2026-06-10 05:36:10.848000 UTC,FALSE,TRUE,FALSE,api,FALSE,FALSE,2026-08-21 12:53:16.146000 UTC,SHP-147482,,CarrierCancelled,2026-06-12 08:33:22.432000 UTC
2,,CB-000035,blux,Blue Line Shipping,[45G0],2026-08-31 09:22:00.305000 UTC,FALSE,TRUE,FALSE,api,TRUE,FALSE,2026-08-31 09:22:03.266000 UTC,SHP-181286,transport-order,Failed,2026-08-31 09:22:02.903000 UTC
1,CREF-149307,CB-000347,blux,Blue Line Shipping,[45G0],2026-06-05 07:16:01.662000 UTC,FALSE,TRUE,FALSE,api,FALSE,FALSE,2026-08-21 12:53:14.611000 UTC,SHP-162133,,CarrierConfirmed,2026-06-05 14:54:52.583000 UTC
1,CREF-128425,CB-000264,nstr,Northstar Container Lines,[],2026-08-07 14:10:55.680000 UTC,FALSE,FALSE,FALSE,,FALSE,FALSE,2026-08-21 12:53:24.586000 UTC,SHP-019660,partner-booking,CarrierConfirmed,2026-08-07 14:10:55.680000 UTC
2,CREF-073923,CB-000520,BLUX,Blue Line Shipping,[],2026-08-19 07:46:50.490000 UTC,FALSE,FALSE,FALSE,,FALSE,FALSE,2026-08-21 12:53:27.523000 UTC,SHP-061338,partner-booking,CarrierConfirmed,2026-08-19 07:46:50.490000 UTC
1,CREF-156404,CB-000294,BLUX,Blue Line Shipping,[],2026-08-27 07:17:52.357000 UTC,FALSE,FALSE,FALSE,,FALSE,FALSE,2026-08-27 07:17:52.814000 UTC,SHP-093312,partner-booking,CarrierConfirmed,2026-08-27 07:17:52.357000 UTC
1,CREF-031171,CB-000592,BLUX,Blue Line Shipping,[45G0],2026-07-22 03:29:53.994000 UTC,FALSE,TRUE,FALSE,api,FALSE,FALSE,2026-08-21 12:53:18.499000 UTC,SHP-116444,transport-order,CarrierConfirmed,2026-07-22 05:14:53.994000 UTC
1,CREF-132283,CB-000415,Blux,Blue Line Shipping,[45G0],2026-01-15 10:47:58.550000 UTC,FALSE,TRUE,FALSE,api,FALSE,FALSE,2026-08-04 18:03:52.856000 UTC,,,carrierconfirmed,2026-01-16 10:23:26.431000 UTC
1,CREF-010174,CB-001054,BLUX,Blue Line Shipping,[22G0],2026-07-16 06:48:44.668000 UTC,FALSE,TRUE,FALSE,api,FALSE,FALSE,2026-08-21 12:53:17.825000 UTC,SHP-081586,transport-order,CarrierConfirmed,2026-08-05 06:07:17.080000 UTC
1,CREF-002818,CB-000098,BLUX,Blue Line Shipping,[45G0],2026-01-30 13:08:23.247000 UTC,FALSE,TRUE,FALSE,api,FALSE,FALSE,2026-08-04 18:03:55.146000 UTC,,,CarrierConfirmed,2026-01-30 14:23:30.048000 UTC
1,,CB-000394,BLUX,Blue Line Shipping,[45G0],2026-06-03 11:11:53.756000 UTC,FALSE,TRUE,FALSE,api,FALSE,TRUE,2026-08-21 12:53:13.695000 UTC,SHP-124785,,Failed,2026-06-03 11:11:55.895000 UTC
1,CREF-025054,CB-000412,BLUX,Blue Line Shipping,[45G0],2026-01-14 10:49:44.117000 UTC,FALSE,TRUE,FALSE,api,FALSE,FALSE,2026-08-04 18:03:52.442000 UTC,,,CarrierConfirmed,2026-01-14 12:04:51.275000 UTC
1,CREF-121779,CB-000262,NSTR,Northstar Container Lines,"[22G0,45G0]",2026-07-29 01:45:32.692000 UTC,FALSE,TRUE,FALSE,edi,FALSE,FALSE,2026-09-10 15:31:04.061000 UTC,SHP-221386,transport-order,CarrierConfirmed,2026-09-10 15:31:03.108000 UTC
1,CREF-041837,CB-001011,blux,Blue Line Shipping,[],2026-09-16 01:32:52.255000 UTC,FALSE,FALSE,FALSE,,FALSE,FALSE,2026-09-16 01:32:52.567000 UTC,SHP-170601,partner-booking,Carrier Confirmed,2026-09-16 01:32:52.255000 UTC
1,CREF-019981,CB-000272,NSTR,Northstar Container Lines,[45G0],2026-08-31 13:44:03.847000 UTC,FALSE,TRUE,FALSE,edi,FALSE,FALSE,2026-09-18 11:37:59.089000 UTC,SHP-168855,transport-order,CarrierConfirmed,2026-09-18 11:37:58.765000 UTC
1,CREF-146989,CB-000033,BLUX,Blue Line Shipping,[],2026-07-31 13:25:11.657000 UTC,FALSE,FALSE,FALSE,,FALSE,FALSE,2026-08-21 12:53:22.342000 UTC,SHP-071981,partner-booking,CarrierConfirmed,2026-07-31 13:25:11.657000 UTC
1,,CB-000863,BLUX,Blue Line Shipping,[],2026-09-14 14:44:35.556000 UTC,FALSE,FALSE,FALSE,,FALSE,FALSE,2026-09-17 14:23:55.389000 UTC,SHP-076808,partner-booking,carriercontacted,2026-09-15 14:37:35.556000 UTC
1,CREF-021001,CB-000368,BLUX,Blue Line Shipping,[],2026-08-24 06:30:50.867000 UTC,FALSE,FALSE,FALSE,,FALSE,FALSE,2026-08-24 06:30:51.513000 UTC,SHP-105723,partner-booking,CarrierConfirmed,2026-08-24 06:30:50.867000 UTC
1,CREF-061883,CB-000447,BLUX,Blue Line Shipping,[],2026-07-30 01:30:21.397000 UTC,FALSE,FALSE,FALSE,,FALSE,FALSE,2026-08-21 12:53:20.910000 UTC,SHP-093259,partner-booking,CarrierConfirmed,2026-08-21 09:32:03.061000 UTC
1,CREF-059493,CB-000542,nstr,Northstar Container Lines,[],2026-08-10 07:11:27.432000 UTC,FALSE,FALSE,FALSE,,FALSE,FALSE,2026-08-21 12:53:24.656000 UTC,SHP-188885,partner-booking,carrier_confirmed,2026-08-10 07:11:27.432000 UTC
1,CREF-152882,CB-000960,BLUX,Blue Line Shipping,[],2026-09-09 07:00:05.446000 UTC,FALSE,FALSE,FALSE,,FALSE,FALSE,2026-09-14 13:29:28.376000 UTC,SHP-150669,partner-booking,Carrier Confirmed,2026-09-14 13:29:28.002000 UTC
5,CREF-148238,CB-000019,BLUX,Blue Line Shipping,[42G0],2026-06-02 15:06:29.815000 UTC,FALSE,TRUE,FALSE,api,FALSE,TRUE,2026-08-21 12:53:13.535000 UTC,SHP-159470,,CarrierConfirmed,2026-06-02 16:21:45.144000 UTC
1,CREF-005595,CB-001010,BLUX,Blue Line Shipping,[45G0],2026-03-30 14:43:29.519000 UTC,FALSE,TRUE,FALSE,api,FALSE,FALSE,2026-08-04 18:03:58.224000 UTC,SHP-177973,,CarrierConfirmed,2026-03-31 08:58:55.472000 UTC
1,CREF-054524,CB-001028,Blux,Blue Line Shipping,[22G0],2026-06-08 10:17:12.440000 UTC,FALSE,TRUE,FALSE,api,FALSE,FALSE,2026-08-21 12:53:16.122000 UTC,SHP-013384,,CarrierConfirmed,2026-06-08 10:52:22.995000 UTC
3,CREF-046810,CB-000496,BLUX,Blue Line Shipping,[],2026-09-08 07:36:18.019000 UTC,FALSE,FALSE,FALSE,,FALSE,FALSE,2026-09-08 07:36:18.376000 UTC,SHP-179266,partner-booking,Carrier Confirmed,2026-09-08 07:36:18.019000 UTC
1,CREF-032137,CB-000766,BLUX,Blue Line Shipping,[],2026-07-30 03:00:02.229000 UTC,FALSE,FALSE,FALSE,,FALSE,FALSE,2026-08-21 12:53:21.032000 UTC,SHP-189060,partner-booking,CarrierConfirmed,2026-07-30 03:00:02.229000 UTC
1,CREF-013268,CB-001051,BLUX,Blue Line Shipping,[42G0],2026-03-05 08:10:08.599000 UTC,FALSE,TRUE,FALSE,api,FALSE,FALSE,2026-08-04 18:03:57.531000 UTC,,,CarrierConfirmed,2026-03-05 13:08:41.038000 UTC
1,CREF-076470,CB-000166,BLUX,Blue Line Shipping,[22G0],2026-07-23 09:53:43.618000 UTC,FALSE,TRUE,FALSE,api,FALSE,FALSE,2026-08-21 12:53:19.106000 UTC,SHP-152202,transport-order,CarrierConfirmed,2026-07-29 18:13:43.618000 UTC
2,CREF-095432,CB-000050,BLUX,Blue Line Shipping,[],2026-08-27 08:04:22.769000 UTC,FALSE,FALSE,FALSE,,FALSE,FALSE,2026-08-27 08:04:23.187000 UTC,SHP-167568,partner-booking,CarrierConfirmed,2026-08-27 08:04:22.769000 UTC
1,CREF-065414,CB-000178,BLUX,Blue Line Shipping,[45G0],2026-07-22 07:44:46.772000 UTC,FALSE,TRUE,FALSE,api,FALSE,FALSE,2026-09-01 10:13:46.391000 UTC,SHP-142882,flash,carrierconfirmed,2026-09-01 10:13:44.840000 UTC
1,CREF-136575,CB-000228,blux,Blue Line Shipping,[45G0],2026-08-04 06:23:58.034000 UTC,FALSE,TRUE,FALSE,api,FALSE,FALSE,2026-08-21 12:53:22.828000 UTC,SHP-020606,transport-order,CarrierConfirmed,2026-08-04 07:52:58.034000 UTC
1,CREF-130805,CB-000147,BLUX,Blue Line Shipping,[],2026-08-18 09:01:30.592000 UTC,FALSE,FALSE,FALSE,,FALSE,FALSE,2026-08-21 12:53:27.281000 UTC,SHP-098091,partner-booking,CarrierConfirmed,2026-08-18 09:01:30.592000 UTC
1,CREF-041627,CB-000017,BLUX,Blue Line Shipping,[],2026-07-27 02:47:18.881000 UTC,FALSE,FALSE,FALSE,,FALSE,FALSE,2026-08-21 12:53:19.406000 UTC,SHP-184577,partner-booking,CarrierConfirmed,2026-07-27 02:47:18.881000 UTC
1,CREF-123115,CB-000979,blux,Blue Line Shipping,[45G0],2026-07-15 08:35:10.468000 UTC,FALSE,TRUE,FALSE,api,FALSE,FALSE,2026-08-21 12:53:17.662000 UTC,SHP-063368,transport-order,CarrierConfirmed,2026-07-31 11:11:00.042000 UTC
1,CREF-058726,CB-000339,BLUX,Blue Line Shipping,"[42G0,45G0]",2026-02-20 13:56:47.765000 UTC,FALSE,TRUE,FALSE,api,FALSE,FALSE,2026-08-04 18:03:57.108000 UTC,,,CarrierCancelled,2026-02-20 15:56:53.973000 UTC
1,CREF-007349,CB-000900,BLUX,Blue Line Shipping,[],2026-08-31 10:18:49.194000 UTC,FALSE,FALSE,FALSE,,FALSE,FALSE,2026-08-31 10:18:49.737000 UTC,SHP-160285,partner-booking,CarrierConfirmed,2026-08-31 10:18:49.194000 UTC
1,CREF-113773,CB-000251,BLUX,Blue Line Shipping,[45G0],2026-08-24 09:41:49.922000 UTC,FALSE,TRUE,FALSE,api,FALSE,FALSE,2026-08-26 06:54:03.665000 UTC,SHP-223370,transport-order,CarrierCancelled,2026-08-26 06:54:03.128000 UTC
1,CREF-112292,CB-000486,BLUX,Blue Line Shipping,[22G0],2026-06-05 14:50:26.000000 UTC,FALSE,TRUE,FALSE,api,FALSE,FALSE,2026-08-21 12:53:16.052000 UTC,SHP-165554,,CarrierConfirmed,2026-06-05 14:50:26.000000 UTC
5,,CB-000192,BLUX,Blue Line Shipping,[45G0],2026-05-28 13:41:30.067000 UTC,FALSE,TRUE,FALSE,api,FALSE,TRUE,2026-08-21 12:53:12.604000 UTC,SHP-053217,,Failed,2026-05-28 13:41:31.897000 UTC
1,,CB-000775,BLUX,Blue Line Shipping,[45G0],2026-08-20 20:12:14.828000 UTC,FALSE,TRUE,FALSE,api,FALSE,FALSE,2026-09-03 07:10:30.118000 UTC,SHP-127609,transport-order,CarrierContacted,2026-08-25 07:51:14.828000 UTC
1,CREF-060114,CB-000197,BLUX,Blue Line Shipping,[45G0],2026-08-13 09:01:41.760000 UTC,FALSE,TRUE,FALSE,api,FALSE,FALSE,2026-08-21 12:53:26.350000 UTC,SHP-122704,transport-order,CarrierConfirmed,2026-08-13 09:28:54.385000 UTC
1,CREF-131180,CB-000714,Blux,Blue Line Shipping,[],2026-08-24 07:59:04.163000 UTC,FALSE,FALSE,FALSE,,FALSE,FALSE,2026-08-24 07:59:04.906000 UTC,SHP-046008,partner-booking,CARRIER_CONFIRMED,2026-08-24 07:59:04.163000 UTC
1,CREF-051049,CB-000997,BLUX,Blue Line Shipping,[],2026-08-12 08:53:59.850000 UTC,FALSE,FALSE,FALSE,,FALSE,FALSE,2026-08-21 12:53:25.627000 UTC,SHP-007897,partner-booking,CarrierConfirmed,2026-08-12 08:53:59.850000 UTC
1,CREF-163860,CB-001035,BLUX,Blue Line Shipping,[45G0],2026-06-16 10:42:32.444000 UTC,FALSE,TRUE,FALSE,api,FALSE,FALSE,2026-08-21 12:53:16.420000 UTC,SHP-212120,transport-order,CarrierContacted,2026-06-16 10:42:37.565000 UTC
1,CREF-012299,CB-000259,BLUX,Blue Line Shipping,[45G0],2026-07-22 07:19:37.716000 UTC,FALSE,TRUE,FALSE,api,FALSE,FALSE,2026-08-21 12:53:18.697000 UTC,SHP-080900,flash,CarrierCancelled,2026-07-27 09:46:08.350000 UTC
1,,CB-000237,BLUX,Blue Line Shipping,[],2026-07-30 07:55:45.913000 UTC,FALSE,FALSE,FALSE,,FALSE,FALSE,2026-08-21 12:53:21.247000 UTC,SHP-167302,partner-booking,Pending,2026-08-01 07:55:45.913000 UTC
1,,CB-000847,BLUX,Blue Line Shipping,[45G0],2026-05-28 10:20:09.389000 UTC,FALSE,TRUE,FALSE,api,FALSE,TRUE,2026-08-21 12:53:12.396000 UTC,SHP-053217,,Failed,2026-05-28 10:20:13.998000 UTC
1,,CB-000517,BLUX,Blue Line Shipping,[45G0],2026-01-05 11:48:36.930000 UTC,FALSE,TRUE,FALSE,api,FALSE,TRUE,2026-08-04 18:03:50.419000 UTC,,,Failed,2026-01-05 15:28:59.532000 UTC
1,CREF-109392,CB-000611,BLUX,Blue Line Shipping,[],2026-08-20 09:04:58.423000 UTC,FALSE,FALSE,FALSE,,FALSE,FALSE,2026-09-04 09:58:40.769000 UTC,SHP-076530,partner-booking,carrierconfirmed,2026-09-04 09:58:40.017000 UTC
1,,CB-000318,NSTR,Northstar Container Lines,[45G0],2026-08-24 02:12:37.929000 UTC,FALSE,TRUE,FALSE,edi,FALSE,FALSE,2026-09-04 22:01:39.482000 UTC,SHP-050884,transport-order,pending,2026-08-28 00:48:37.929000 UTC
1,CREF-158087,CB-000780,BLUX,Blue Line Shipping,[45G0],2026-01-15 10:42:40.511000 UTC,FALSE,TRUE,FALSE,api,FALSE,FALSE,2026-08-04 18:03:52.809000 UTC,,,CarrierConfirmed,2026-01-15 12:57:48.377000 UTC
1,CREF-063254,CB-000032,NSTR,Northstar Container Lines,[22G0],2026-07-15 03:05:38.433000 UTC,FALSE,TRUE,FALSE,edi,FALSE,FALSE,2026-08-21 12:53:17.639000 UTC,SHP-196821,transport-order,CarrierConfirmed,2026-07-22 04:24:55.296000 UTC
1,,CB-000277,blux,Blue Line Shipping,[],2026-07-30 03:58:17.683000 UTC,FALSE,FALSE,FALSE,,FALSE,FALSE,2026-08-21 12:53:21.080000 UTC,SHP-056678,partner-booking,CarrierContacted,2026-08-05 12:14:17.683000 UTC
1,,CB-000741,BLUX,Blue Line Shipping,[42G0],2026-05-28 13:24:49.034000 UTC,FALSE,TRUE,FALSE,api,FALSE,FALSE,2026-08-21 12:53:12.473000 UTC,SHP-213275,,Pending,2026-05-28 13:49:49.034000 UTC
1,CREF-143106,CB-001040,BLUX,Blue Line Shipping,[],2026-08-18 06:47:15.394000 UTC,FALSE,FALSE,FALSE,,FALSE,FALSE,2026-09-02 11:50:51.415000 UTC,SHP-083186,partner-booking,carrierconfirmed,2026-09-02 11:50:50.681000 UTC
1,CREF-010409,CB-000529,BLUX,Blue Line Shipping,[42G0],2026-02-11 12:26:02.092000 UTC,FALSE,TRUE,FALSE,api,FALSE,FALSE,2026-08-04 18:03:55.977000 UTC,,,CarrierConfirmed,2026-02-11 13:41:09.278000 UTC
1,CREF-023336,CB-000912,BLUX,Blue Line Shipping,[45G0],2026-01-29 10:26:07.513000 UTC,FALSE,TRUE,FALSE,api,FALSE,FALSE,2026-08-04 18:03:54.628000 UTC,,,CarrierConfirmed,2026-01-29 11:01:14.874000 UTC
3,,CB-000917,BLUX,Blue Line Shipping,[45G0],2026-08-19 07:46:03.562000 UTC,FALSE,TRUE,FALSE,api,FALSE,TRUE,2026-08-21 12:53:27.499000 UTC,SHP-112326,flash,Failed,2026-08-19 07:46:05.722000 UTC
1,CREF-036547,CB-000777,NSTR,Northstar Container Lines,[],2026-07-29 13:55:24.647000 UTC,FALSE,FALSE,FALSE,,FALSE,FALSE,2026-08-21 12:53:20.816000 UTC,SHP-057792,partner-booking,CarrierConfirmed,2026-07-29 13:55:24.647000 UTC
3,,CB-000333,BLUX,Blue Line Shipping,[45G0],2026-09-07 06:32:40.894000 UTC,FALSE,TRUE,FALSE,api,FALSE,FALSE,2026-09-07 06:32:43.810000 UTC,SHP-166201,transport-order,FAILED,2026-09-07 06:32:43.457000 UTC
1,CREF-006396,CB-000778,BLUX,Blue Line Shipping,[],2026-08-11 05:44:43.780000 UTC,FALSE,FALSE,FALSE,,FALSE,FALSE,2026-08-24 00:49:54.195000 UTC,SHP-144118,partner-booking,CarrierConfirmed,2026-08-15 12:06:43.780000 UTC
2,CREF-046397,CB-000779,BLUX,Blue Line Shipping,[],2026-08-27 02:36:08.859000 UTC,FALSE,FALSE,FALSE,,FALSE,FALSE,2026-08-31 08:02:27.680000 UTC,SHP-043437,partner-booking,CarrierConfirmed,2026-08-28 12:25:08.859000 UTC
1,CREF-147645,CB-000572,NSTR,Northstar Container Lines,[],2026-08-07 09:24:12.753000 UTC,FALSE,FALSE,FALSE,,FALSE,FALSE,2026-08-21 12:53:24.347000 UTC,SHP-160609,partner-booking,CarrierConfirmed,2026-08-07 09:24:12.753000 UTC
1,CREF-110117,CB-000224,BLUX,Blue Line Shipping,[],2026-08-07 01:50:34.002000 UTC,FALSE,FALSE,FALSE,,FALSE,FALSE,2026-08-28 07:38:45.006000 UTC,SHP-146226,partner-booking,CarrierCancelled,2026-08-28 07:38:44.391000 UTC
1,CREF-076470,CB-000166,BLUX,Blue Line Shipping,[22G0],2026-07-23 09:53:43.618000 UTC,FALSE,TRUE,FALSE,api,FALSE,FALSE,2026-08-21 12:53:19.106000 UTC,SHP-152202,transport-order,CarrierCancelled,2026-08-11 10:55:05.147000 UTC
1,CREF-040351,CB-000065,BLUX,Blue Line Shipping,[],2026-09-01 03:16:13.679000 UTC,FALSE,FALSE,FALSE,,FALSE,FALSE,2026-09-01 03:16:14.083000 UTC,SHP-163914,partner-booking,CarrierConfirmed,2026-09-01 03:16:13.679000 UTC
1,CREF-058331,CB-000298,blux,Blue Line Shipping,[22G0],2026-08-06 11:27:23.789000 UTC,FALSE,TRUE,FALSE,api,FALSE,FALSE,2026-08-21 12:53:24.067000 UTC,SHP-050870,transport-order,CarrierConfirmed,2026-08-14 11:15:14.807000 UTC
1,CREF-071981,CB-000340,NSTR,Northstar Container Lines,[22G0],2026-07-27 08:09:21.464000 UTC,FALSE,TRUE,FALSE,edi,FALSE,FALSE,2026-08-21 12:53:19.718000 UTC,SHP-106641,transport-order,CarrierConfirmed,2026-07-30 22:31:21.464000 UTC
1,CREF-074597,CB-000833,BLUX,Blue Line Shipping,[],2026-08-07 06:28:05.299000 UTC,FALSE,FALSE,FALSE,,FALSE,FALSE,2026-08-21 12:53:24.209000 UTC,SHP-122658,partner-booking,CarrierConfirmed,2026-08-13 03:54:55.248000 UTC
1,CREF-006396,CB-000027,BLUX,Blue Line Shipping,[],2026-08-11 05:36:03.787000 UTC,FALSE,FALSE,FALSE,,FALSE,FALSE,2026-08-21 12:53:25.104000 UTC,SHP-113461,partner-booking,CarrierConfirmed,2026-08-11 05:36:03.787000 UTC
1,CREF-154541,CB-000358,BLUX,Blue Line Shipping,[],2026-07-29 07:35:20.915000 UTC,FALSE,FALSE,FALSE,,FALSE,FALSE,2026-08-21 12:53:20.565000 UTC,SHP-051830,partner-booking,CarrierConfirmed,2026-07-29 07:35:20.915000 UTC
1,CREF-033002,CB-000678,BLUX,Blue Line Shipping,[],2026-09-07 09:30:11.674000 UTC,FALSE,FALSE,FALSE,,FALSE,FALSE,2026-09-14 07:45:24.623000 UTC,SHP-050855,partner-booking,carrierconfirmed,2026-09-14 07:45:24.168000 UTC
1,CREF-061515,CB-000793,Blux,Blue Line Shipping,[22G0],2026-06-16 11:18:04.011000 UTC,FALSE,TRUE,FALSE,api,FALSE,FALSE,2026-08-21 12:53:16.469000 UTC,SHP-208621,transport-order,CarrierCancelled,2026-06-22 11:35:24.932000 UTC
1,CREF-073537,CB-000153,BLUX,Blue Line Shipping,[],2026-07-31 10:12:19.804000 UTC,FALSE,FALSE,FALSE,,FALSE,FALSE,2026-08-24 07:37:28.597000 UTC,SHP-147477,partner-booking,CarrierCancelled,2026-08-24 07:37:28.154000 UTC
1,CREF-113571,CB-000158,NSTR,Northstar Container Lines,[22G0],2026-09-01 01:40:37.455000 UTC,FALSE,TRUE,FALSE,edi,FALSE,FALSE,2026-09-04 02:15:25.808000 UTC,SHP-007500,transport-order,CarrierCancelled,2026-09-04 02:15:25.384000 UTC
1,CREF-106795,CB-000875,BLUX,Blue Line Shipping,[22G0],2026-07-21 11:21:17.096000 UTC,FALSE,TRUE,FALSE,api,FALSE,FALSE,2026-08-21 12:53:18.289000 UTC,SHP-167552,transport-order,CarrierConfirmed,2026-07-31 10:34:28.735000 UTC
1,CREF-131702,CB-000237,Blux,Blue Line Shipping,[],2026-07-30 07:55:45.913000 UTC,FALSE,FALSE,FALSE,,FALSE,FALSE,2026-08-21 12:53:21.247000 UTC,SHP-167302,partner-booking,CarrierConfirmed,2026-08-05 07:54:47.102000 UTC
1,CREF-089523,CB-000314,BLUX,Blue Line Shipping,[22G0],2026-05-11 09:33:20.239000 UTC,FALSE,TRUE,FALSE,api,FALSE,FALSE,2026-08-21 12:53:12.007000 UTC,SHP-182908,,CarrierConfirmed,2026-05-11 10:08:28.044000 UTC
1,CREF-021381,CB-000283,BLUX,Blue Line Shipping,[22G0],2026-06-05 14:40:58.386000 UTC,FALSE,TRUE,FALSE,api,FALSE,FALSE,2026-08-21 12:53:15.834000 UTC,SHP-038127,,CARRIER_CONFIRMED,2026-06-05 14:40:58.386000 UTC
1,CREF-001063,CB-000323,BLUX,Blue Line Shipping,[],2026-08-26 14:28:52.826000 UTC,FALSE,FALSE,FALSE,,FALSE,FALSE,2026-09-03 17:34:18.207000 UTC,SHP-117393,partner-booking,carrierconfirmed,2026-09-03 17:34:17.182000 UTC
1,CREF-020816,CB-000638,nstr,Northstar Container Lines,[],2026-07-28 05:03:32.829000 UTC,FALSE,FALSE,FALSE,,FALSE,FALSE,2026-08-21 12:53:20.167000 UTC,SHP-072032,partner-booking,CarrierConfirmed,2026-07-28 05:03:32.829000 UTC
1,CREF-021929,CB-000804,BLUX,Blue Line Shipping,[],2026-08-26 08:46:34.985000 UTC,FALSE,FALSE,FALSE,,FALSE,FALSE,2026-09-08 01:18:34.518000 UTC,SHP-138708,partner-booking,CarrierCancelled,2026-09-08 01:18:34.169000 UTC
1,CREF-141875,CB-000100,BLUX,Blue Line Shipping,[45G0],2026-08-19 11:43:03.324000 UTC,FALSE,TRUE,FALSE,api,FALSE,FALSE,2026-09-03 16:16:03.738000 UTC,SHP-047797,flash,carrier_confirmed,2026-09-03 16:16:03.274000 UTC
1,,CB-000826,BLUX,Blue Line Shipping,[45G0],2026-01-14 09:50:39.321000 UTC,FALSE,TRUE,FALSE,api,FALSE,FALSE,2026-08-04 18:03:52.342000 UTC,,,CarrierContacted,2026-01-14 10:15:39.321000 UTC
1,CREF-119460,CB-000459,BLUX,Blue Line Shipping,[22G0],2026-03-05 18:46:13.213000 UTC,FALSE,TRUE,FALSE,api,FALSE,TRUE,2026-08-04 18:03:57.660000 UTC,,,CarrierConfirmed,2026-03-06 09:11:41.776000 UTC
1,CREF-135303,CB-000876,NSTR,Northstar Container Lines,[22G0],2026-08-25 03:30:33.900000 UTC,FALSE,TRUE,FALSE,edi,FALSE,FALSE,2026-09-16 17:00:18.657000 UTC,SHP-053005,transport-order,CarrierConfirmed,2026-09-16 17:00:18.058000 UTC
1,,CB-000722,BLUX,Blue Line Shipping,[45G0],2026-06-12 11:35:44.662000 UTC,FALSE,TRUE,FALSE,api,FALSE,FALSE,2026-08-21 12:53:16.324000 UTC,SHP-207195,flash,Failed,2026-06-12 11:35:47.082000 UTC
1,CREF-009837,CB-000708,blux,Blue Line Shipping,[22G0],2026-02-06 13:23:06.941000 UTC,FALSE,TRUE,FALSE,api,FALSE,FALSE,2026-08-04 18:03:55.672000 UTC,,,CarrierConfirmed,2026-02-06 14:38:13.696000 UTC
1,CREF-138454,CB-000409,BLUX,Blue Line Shipping,[42G0],2026-01-30 11:57:16.135000 UTC,FALSE,TRUE,FALSE,api,FALSE,FALSE,2026-08-04 18:03:55.051000 UTC,,,CarrierConfirmed,2026-01-30 13:12:23.324000 UTC
1,CREF-142588,CB-000597,BLUX,Blue Line Shipping,[42G0],2026-01-08 16:27:06.286000 UTC,FALSE,TRUE,FALSE,api,FALSE,FALSE,2026-08-04 18:03:50.794000 UTC,,,CarrierConfirmed,2026-01-12 09:38:50.758000 UTC
1,CREF-155553,CB-000383,BLUX,Blue Line Shipping,[42G0],2026-01-29 14:53:06.627000 UTC,FALSE,TRUE,FALSE,api,FALSE,FALSE,2026-08-04 18:03:54.922000 UTC,,,CarrierConfirmed,2026-01-30 13:08:31.944000 UTC
1,CREF-159187,CB-000691,BLUX,Blue Line Shipping,[],2026-09-10 01:40:50.338000 UTC,FALSE,FALSE,FALSE,,FALSE,FALSE,2026-09-10 01:40:50.927000 UTC,SHP-172914,partner-booking,CarrierConfirmed,2026-09-10 01:40:50.338000 UTC
1,CREF-023600,CB-000009,BLUX,Blue Line Shipping,[45G0],2026-01-26 09:08:42.218000 UTC,FALSE,TRUE,FALSE,api,FALSE,FALSE,2026-08-04 18:03:54.372000 UTC,,,CarrierConfirmed,2026-01-26 10:23:49.582000 UTC
1,,CB-000640,Blux,Blue Line Shipping,[45G0],2026-09-07 02:20:07.499000 UTC,FALSE,TRUE,FALSE,api,FALSE,FALSE,2026-09-07 02:20:09.144000 UTC,SHP-179266,transport-order,Failed,2026-09-07 02:20:08.811000 UTC
1,CREF-150778,CB-000682,BLUX,Blue Line Shipping,[],2026-09-01 08:30:12.862000 UTC,FALSE,FALSE,FALSE,,FALSE,FALSE,2026-09-01 08:30:13.333000 UTC,SHP-198321,partner-booking,Carrier Confirmed,2026-09-01 08:30:12.862000 UTC
1,CREF-019491,CB-000046,BLUX,Blue Line Shipping,[45G0],2026-06-16 11:09:34.303000 UTC,FALSE,TRUE,FALSE,api,FALSE,FALSE,2026-08-21 12:53:16.445000 UTC,SHP-096265,transport-order,CarrierConfirmed,2026-06-17 08:45:01.501000 UTC
1,CREF-128942,CB-000506,Blux,Blue Line Shipping,[45G0],2026-01-12 13:26:50.847000 UTC,FALSE,TRUE,FALSE,api,FALSE,FALSE,2026-08-04 18:03:51.641000 UTC,,,CarrierConfirmed,2026-01-14 09:02:37.828000 UTC
1,CREF-053893,CB-000005,blux,Blue Line Shipping,[22G0],2026-06-12 09:57:22.602000 UTC,FALSE,TRUE,FALSE,api,FALSE,FALSE,2026-08-21 12:53:16.300000 UTC,SHP-055405,flash,carrierconfirmed,2026-06-12 10:32:31.236000 UTC
1,CREF-065848,CB-000353,BLUX,Blue Line Shipping,[],2026-08-05 15:11:42.250000 UTC,FALSE,FALSE,FALSE,,FALSE,FALSE,2026-08-21 12:53:23.781000 UTC,SHP-204318,partner-booking,CarrierConfirmed,2026-08-05 15:11:42.250000 UTC
4,CREF-159703,CB-000768,BLUX,Blue Line Shipping,[45G0],2026-06-03 11:28:00.697000 UTC,FALSE,TRUE,FALSE,api,FALSE,TRUE,2026-08-21 12:53:13.828000 UTC,SHP-124785,,CarrierConfirmed,2026-06-03 11:53:29.123000 UTC
1,CREF-091282,CB-000128,NSTR,Northstar Container Lines,[42G0],2026-09-02 09:49:06.844000 UTC,FALSE,TRUE,FALSE,edi,FALSE,FALSE,2026-09-10 08:38:30.235000 UTC,SHP-202980,transport-order,CarrierConfirmed,2026-09-05 01:25:06.844000 UTC
1,CREF-079294,CB-000256,BLUX,Blue Line Shipping,[45G0],2026-06-05 14:52:13.738000 UTC,FALSE,TRUE,FALSE,api,FALSE,FALSE,2026-08-21 12:53:16.098000 UTC,SHP-216751,,CarrierConfirmed,2026-06-05 14:52:13.738000 UTC
1,CREF-124853,CB-000080,NSTR,Northstar Container Lines,[45G0],2026-08-21 09:46:20.250000 UTC,FALSE,TRUE,FALSE,edi,FALSE,FALSE,2026-09-14 14:26:20.860000 UTC,SHP-220411,transport-order,carrier_confirmed,2026-09-14 14:26:20.295000 UTC
2,CREF-133719,CB-000036,BLUX,Blue Line Shipping,[22G0],2026-08-03 03:43:26.024000 UTC,FALSE,TRUE,FALSE,api,FALSE,FALSE,2026-08-21 12:53:22.394000 UTC,SHP-168246,transport-order,Carrier Confirmed,2026-08-13 08:04:22.985000 UTC
1,CREF-120430,CB-000976,NSTR,Northstar Container Lines,[],2026-07-28 09:55:15.263000 UTC,FALSE,FALSE,FALSE,,FALSE,FALSE,2026-08-21 12:53:20.376000 UTC,SHP-060563,partner-booking,CarrierConfirmed,2026-07-28 09:55:15.263000 UTC
1,,CB-000287,nstr,Northstar Container Lines,[22G0],2026-07-29 11:55:34.472000 UTC,TRUE,TRUE,FALSE,edi,FALSE,FALSE,2026-08-21 12:53:20.793000 UTC,SHP-125865,transport-order,Failed,2026-07-31 14:01:05.293000 UTC
1,CREF-054345,CB-000116,BLUX,Blue Line Shipping,[],2026-08-11 05:50:54.629000 UTC,FALSE,FALSE,FALSE,,FALSE,FALSE,2026-08-24 03:49:41.885000 UTC,SHP-208619,partner-booking,CarrierCancelled,2026-08-24 03:49:41.190000 UTC
1,CREF-059739,CB-000482,BLUX,Blue Line Shipping,[42G0],2026-06-05 06:26:10.985000 UTC,FALSE,TRUE,FALSE,api,FALSE,FALSE,2026-08-21 12:53:14.338000 UTC,SHP-069243,,CarrierConfirmed,2026-06-05 14:54:24.531000 UTC
1,CREF-115293,CB-000881,Blux,Blue Line Shipping,[],2026-09-09 14:05:20.373000 UTC,FALSE,FALSE,FALSE,,FALSE,FALSE,2026-09-09 14:05:20.846000 UTC,SHP-066554,partner-booking,carrier_confirmed,2026-09-09 14:05:20.373000 UTC
1,CREF-136716,CB-000725,blux,Blue Line Shipping,[],2026-09-14 15:02:03.335000 UTC,FALSE,FALSE,FALSE,,FALSE,FALSE,2026-09-14 15:02:03.718000 UTC,SHP-083572,partner-booking,Carrier Confirmed,2026-09-14 15:02:03.335000 UTC
2,CREF-059727,CB-000888,BLUX,Blue Line Shipping,[],2026-09-03 08:02:48.743000 UTC,FALSE,FALSE,FALSE,,FALSE,FALSE,2026-09-03 08:02:49.216000 UTC,SHP-144118,partner-booking,carrierconfirmed,2026-09-03 08:02:48.743000 UTC
1,CREF-061965,CB-000754,BLUX,Blue Line Shipping,[],2026-09-02 06:04:34.747000 UTC,FALSE,FALSE,FALSE,,FALSE,FALSE,2026-09-02 06:04:35.183000 UTC,SHP-100095,partner-booking,carrier_confirmed,2026-09-02 06:04:34.747000 UTC
1,CREF-087621,CB-000068,blux,Blue Line Shipping,[],2026-09-08 09:30:16.504000 UTC,FALSE,FALSE,FALSE,,FALSE,FALSE,2026-09-08 09:30:17.366000 UTC,SHP-116417,partner-booking,carrier_confirmed,2026-09-08 09:30:16.504000 UTC
1,,CB-000569,BLUX,Blue Line Shipping,[42G0],2026-02-12 19:16:41.612000 UTC,FALSE,TRUE,FALSE,api,FALSE,FALSE,2026-08-04 18:03:56.355000 UTC,,,Pending,2026-02-12 23:04:41.612000 UTC
1,,CB-000279,BLUX,Blue Line Shipping,[],2026-08-26 06:24:47.483000 UTC,FALSE,FALSE,FALSE,,FALSE,FALSE,2026-09-11 04:07:44.578000 UTC,SHP-138446,partner-booking,Pending,2026-08-31 13:38:47.483000 UTC
1,CREF-135541,CB-000721,BLUX,Blue Line Shipping,[],2026-08-18 07:53:26.328000 UTC,FALSE,FALSE,FALSE,,TRUE,FALSE,2026-08-21 12:53:27.257000 UTC,SHP-110824,partner-booking,CarrierConfirmed,2026-08-18 07:53:26.328000 UTC
1,CREF-154853,CB-000531,BLUX,Blue Line Shipping,[22G0],2026-04-20 09:30:56.855000 UTC,FALSE,TRUE,FALSE,api,FALSE,FALSE,2026-08-04 18:03:58.494000 UTC,SHP-185372,,CarrierConfirmed,2026-04-20 10:46:04.822000 UTC
10,,CB-000136,blux,Blue Line Shipping,[45G0],2026-05-28 14:02:08.784000 UTC,FALSE,TRUE,FALSE,api,FALSE,TRUE,2026-08-21 12:53:12.816000 UTC,SHP-053217,,Failed,2026-05-28 14:02:10.577000 UTC
1,CREF-018427,CB-000563,BLUX,Blue Line Shipping,[42G0],2026-05-29 11:10:34.170000 UTC,FALSE,TRUE,FALSE,api,FALSE,FALSE,2026-08-21 12:53:13.150000 UTC,SHP-075302,,CarrierConfirmed,2026-05-29 11:25:44.382000 UTC
1,CREF-119841,CB-000373,BLUX,Blue Line Shipping,[],2026-07-29 08:37:50.159000 UTC,FALSE,FALSE,FALSE,,FALSE,FALSE,2026-08-21 12:53:20.657000 UTC,SHP-218083,partner-booking,CarrierConfirmed,2026-07-29 08:37:50.159000 UTC
1,CREF-084314,CB-000316,BLUX,Blue Line Shipping,[22G0],2026-06-05 14:30:35.697000 UTC,FALSE,TRUE,FALSE,api,FALSE,FALSE,2026-08-21 12:53:15.470000 UTC,SHP-206114,,CarrierConfirmed,2026-06-05 14:30:35.697000 UTC
1,CREF-036597,CB-000095,BLUX,Blue Line Shipping,[22G0],2026-07-17 09:51:42.851000 UTC,FALSE,TRUE,FALSE,api,FALSE,FALSE,2026-08-21 12:53:18.043000 UTC,SHP-168246,transport-order,CarrierCancelled,2026-07-21 09:41:07.480000 UTC
1,CREF-042434,CB-000549,BLUX,Blue Line Shipping,[45G0],2026-09-09 09:50:40.428000 UTC,FALSE,TRUE,FALSE,api,FALSE,FALSE,2026-09-09 10:00:46.385000 UTC,SHP-084739,transport-order,carrierconfirmed,2026-09-09 10:00:45.963000 UTC
1,CREF-072704,CB-000070,BLUX,Blue Line Shipping,[],2026-09-08 11:01:02.064000 UTC,FALSE,FALSE,FALSE,,FALSE,FALSE,2026-09-08 11:01:02.528000 UTC,SHP-192613,partner-booking,CARRIER_CONFIRMED,2026-09-08 11:01:02.064000 UTC
1,CREF-073370,CB-000066,BLUX,Blue Line Shipping,[],2026-07-31 02:19:57.304000 UTC,FALSE,FALSE,FALSE,,FALSE,FALSE,2026-08-21 12:53:21.703000 UTC,SHP-170124,partner-booking,CarrierConfirmed,2026-07-31 02:19:57.304000 UTC
1,CREF-060623,CB-000513,BLUX,Blue Line Shipping,[],2026-08-04 09:21:41.944000 UTC,FALSE,FALSE,FALSE,,FALSE,FALSE,2026-08-21 12:53:23.044000 UTC,SHP-122989,partner-booking,CarrierConfirmed,2026-08-21 01:05:53.518000 UTC
1,CREF-138908,CB-000079,blux,Blue Line Shipping,[22G0],2026-06-05 14:21:58.747000 UTC,FALSE,TRUE,FALSE,api,FALSE,FALSE,2026-08-21 12:53:15.230000 UTC,SHP-166868,,CarrierConfirmed,2026-06-05 14:25:34.365000 UTC
1,CREF-090988,CB-000516,BLUX,Blue Line Shipping,[],2026-08-11 02:43:08.841000 UTC,FALSE,FALSE,FALSE,,FALSE,FALSE,2026-08-21 12:53:24.985000 UTC,SHP-047836,partner-booking,CARRIER_CONFIRMED,2026-08-11 02:43:08.841000 UTC
1,CREF-143224,CB-000300,blux,Blue Line Shipping,[],2026-07-28 01:46:51.635000 UTC,FALSE,FALSE,FALSE,,FALSE,FALSE,2026-08-21 12:53:19.933000 UTC,SHP-089871,partner-booking,Carrier Confirmed,2026-07-28 01:46:51.635000 UTC
1,CREF-157305,CB-001000,BLUX,Blue Line Shipping,[22G0],2026-01-28 10:12:39.673000 UTC,FALSE,TRUE,FALSE,api,FALSE,FALSE,2026-08-04 18:03:54.455000 UTC,,,CarrierConfirmed,2026-01-28 10:47:46.065000 UTC
1,CREF-012417,CB-000660,BLUX,Blue Line Shipping,[42G0],2026-07-15 15:14:26.102000 UTC,FALSE,TRUE,FALSE,api,FALSE,FALSE,2026-08-21 12:53:17.776000 UTC,SHP-091459,transport-order,CarrierConfirmed,2026-07-21 08:20:35.936000 UTC
1,CREF-095959,CB-000699,BLUX,Blue Line Shipping,[],2026-09-04 06:25:43.427000 UTC,FALSE,FALSE,FALSE,,FALSE,FALSE,2026-09-11 06:40:50.559000 UTC,SHP-130503,partner-booking,CarrierCanceled,2026-09-11 06:40:49.697000 UTC
1,CREF-158488,CB-000919,NSTR,Northstar Container Lines,[],2026-07-31 08:57:20.878000 UTC,FALSE,FALSE,FALSE,,FALSE,FALSE,2026-08-21 12:53:22.128000 UTC,SHP-178386,partner-booking,CarrierConfirmed,2026-07-31 08:57:20.878000 UTC
1,CREF-112889,CB-000943,BLUX,Blue Line Shipping,[],2026-08-18 03:33:59.704000 UTC,FALSE,FALSE,FALSE,,FALSE,FALSE,2026-08-21 12:53:27.114000 UTC,SHP-144983,partner-booking,CarrierConfirmed,2026-08-18 03:33:59.704000 UTC
3,,CB-000922,BLUX,Blue Line Shipping,[42G0],2026-06-26 12:32:25.507000 UTC,FALSE,TRUE,FALSE,api,FALSE,FALSE,2026-08-21 12:53:16.817000 UTC,SHP-026808,flash,Failed,2026-06-26 12:32:27.875000 UTC
1,CREF-040657,CB-000550,BLUX,Blue Line Shipping,[22G0],2026-03-06 12:04:03.439000 UTC,FALSE,TRUE,FALSE,api,FALSE,FALSE,2026-08-04 18:03:57.744000 UTC,,,CarrierConfirmed,2026-03-06 16:04:16.420000 UTC
1,CREF-071569,CB-000073,BLUX,Blue Line Shipping,[22G0],2026-07-30 11:59:08.696000 UTC,FALSE,TRUE,FALSE,api,FALSE,FALSE,2026-08-21 12:53:21.468000 UTC,SHP-155390,transport-order,CarrierCancelled,2026-08-03 07:49:07.220000 UTC
1,CREF-093477,CB-000399,NSTR,Northstar Container Lines,[],2026-08-05 02:55:14.409000 UTC,FALSE,FALSE,FALSE,,FALSE,FALSE,2026-08-21 12:53:23.422000 UTC,SHP-109090,partner-booking,CarrierConfirmed,2026-08-05 02:55:14.409000 UTC
1,,CB-000808,BLUX,Blue Line Shipping,[42G0],2026-08-24 08:08:20.039000 UTC,FALSE,TRUE,FALSE,api,FALSE,FALSE,2026-08-24 08:08:21.599000 UTC,SHP-016661,transport-order,Failed,2026-08-24 08:08:21.248000 UTC
1,CREF-121410,CB-000391,NSTR,Northstar Container Lines,[45G0],2026-09-11 02:49:17.889000 UTC,FALSE,TRUE,FALSE,edi,FALSE,FALSE,2026-09-18 14:13:55.341000 UTC,SHP-203523,transport-order,CarrierConfirmed,2026-09-18 14:13:54.690000 UTC
1,CREF-130242,CB-000265,BLUX,Blue Line Shipping,[45G0],2026-08-12 11:54:27.779000 UTC,FALSE,TRUE,FALSE,api,FALSE,FALSE,2026-08-27 12:05:56.502000 UTC,SHP-138120,transport-order,CarrierConfirmed,2026-08-27 12:05:56.155000 UTC
1,CREF-036243,CB-000215,NSTR,Northstar Container Lines,"[22G0,45G0]",2026-09-01 09:21:27.459000 UTC,FALSE,TRUE,FALSE,edi,FALSE,FALSE,2026-09-17 04:52:39.066000 UTC,SHP-189981,transport-order,CarrierConfirmed,2026-09-17 04:52:38.387000 UTC
1,CREF-080897,CB-000105,blux,Blue Line Shipping,[45R9],2026-01-30 13:06:14.940000 UTC,FALSE,FALSE,TRUE,api,FALSE,FALSE,2026-08-04 18:03:55.102000 UTC,,,CarrierConfirmed,2026-01-30 14:06:21.579000 UTC
1,CREF-062985,CB-000439,BLUX,Blue Line Shipping,[45R1],2026-01-16 11:25:04.027000 UTC,FALSE,FALSE,TRUE,api,FALSE,FALSE,2026-08-04 18:03:53.148000 UTC,,,Carrier Confirmed,2026-01-16 15:41:07.888000 UTC
1,CREF-045834,CB-000716,BLUX,Blue Line Shipping,[22G0],2026-02-09 11:40:07.226000 UTC,FALSE,TRUE,FALSE,api,FALSE,FALSE,2026-08-04 18:03:55.798000 UTC,,,CarrierConfirmed,2026-02-12 14:06:29.360000 UTC
1,CREF-006396,CB-000778,BLUX,Blue Line Shipping,[],2026-08-11 05:44:43.780000 UTC,FALSE,FALSE,FALSE,,FALSE,FALSE,2026-08-24 00:49:54.195000 UTC,SHP-144118,partner-booking,CarrierCancelled,2026-08-24 00:49:53.399000 UTC
1,CREF-136659,CB-000905,BLUX,Blue Line Shipping,[],2026-08-07 11:42:51.847000 UTC,FALSE,FALSE,FALSE,,FALSE,FALSE,2026-08-21 12:53:24.443000 UTC,SHP-126755,partner-booking,CarrierConfirmed,2026-08-07 11:42:51.847000 UTC
1,CREF-056754,CB-000121,BLUX,Blue Line Shipping,[45G0],2026-06-04 14:15:14.536000 UTC,FALSE,TRUE,FALSE,api,FALSE,FALSE,2026-08-21 12:53:14.183000 UTC,SHP-090546,,CarrierConfirmed,2026-06-05 14:53:32.799000 UTC
1,CREF-122490,CB-000181,BLUX,Blue Line Shipping,[],2026-08-07 13:24:25.205000 UTC,FALSE,FALSE,FALSE,,FALSE,FALSE,2026-08-21 12:53:24.512000 UTC,SHP-215456,partner-booking,CarrierConfirmed,2026-08-07 13:24:25.205000 UTC
1,CREF-107344,CB-000822,BLUX,Blue Line Shipping,[],2026-08-11 06:46:17.729000 UTC,FALSE,FALSE,FALSE,,FALSE,FALSE,2026-08-26 01:50:09.883000 UTC,SHP-194229,partner-booking,CarrierConfirmed,2026-08-26 01:50:09.511000 UTC
1,CREF-123504,CB-000911,NSTR,Northstar Container Lines,[22G0],2026-07-29 02:49:37.607000 UTC,FALSE,TRUE,FALSE,edi,FALSE,FALSE,2026-08-21 12:53:20.495000 UTC,SHP-217253,transport-order,CarrierCancelled,2026-07-30 06:36:49.569000 UTC
2,CREF-159126,CB-000127,BLUX,Blue Line Shipping,[42G0],2026-06-05 09:43:44.996000 UTC,FALSE,TRUE,FALSE,api,FALSE,FALSE,2026-08-21 12:53:14.882000 UTC,SHP-153287,,CarrierConfirmed,2026-06-05 10:18:51.887000 UTC
1,,CB-000925,NSTR,Northstar Container Lines,[45G0],2026-06-02 08:39:48.101000 UTC,FALSE,TRUE,FALSE,edi,FALSE,FALSE,2026-08-21 12:53:13.230000 UTC,SHP-159616,,Failed,2026-06-02 15:24:12.184000 UTC
1,CREF-067932,CB-000609,NSTR,Northstar Container Lines,[],2026-07-30 04:24:04.852000 UTC,FALSE,FALSE,FALSE,,FALSE,FALSE,2026-08-21 12:53:21.127000 UTC,SHP-062298,partner-booking,CarrierConfirmed,2026-07-30 04:24:04.852000 UTC
1,CREF-111854,CB-000929,blux,Blue Line Shipping,[42G0],2026-02-23 10:23:12.347000 UTC,FALSE,TRUE,FALSE,api,FALSE,FALSE,2026-08-04 18:03:57.226000 UTC,,,CarrierConfirmed,2026-02-24 11:43:59.583000 UTC
1,CREF-153335,CB-000540,blux,Blue Line Shipping,[45G0],2026-07-17 03:30:09.704000 UTC,FALSE,TRUE,FALSE,api,FALSE,FALSE,2026-08-21 12:53:17.943000 UTC,SHP-116873,transport-order,CarrierConfirmed,2026-07-17 03:54:06.017000 UTC
2,,CB-000854,BLUX,Blue Line Shipping,[45G0],2026-08-04 07:00:59.779000 UTC,FALSE,TRUE,FALSE,api,FALSE,FALSE,2026-08-21 12:53:22.973000 UTC,SHP-041823,flash,Failed,2026-08-04 07:01:00.708000 UTC
1,CREF-161652,CB-001031,BLUX,Blue Line Shipping,[45G0],2026-01-15 15:41:53.892000 UTC,FALSE,TRUE,FALSE,api,FALSE,FALSE,2026-08-04 18:03:53.072000 UTC,,,CarrierConfirmed,2026-01-15 15:56:58.356000 UTC
1,CREF-163123,CB-000573,Blux,Blue Line Shipping,[45G0],2026-06-05 11:59:32.141000 UTC,FALSE,TRUE,FALSE,api,FALSE,FALSE,2026-08-21 12:53:15.034000 UTC,SHP-080086,,CarrierConfirmed,2026-06-05 14:43:34.841000 UTC
2,,CB-000290,BLUX,Blue Line Shipping,[45G0],2026-06-03 13:53:53.182000 UTC,FALSE,TRUE,FALSE,api,FALSE,TRUE,2026-08-21 12:53:13.983000 UTC,SHP-108799,,Failed,2026-06-03 13:53:54.017000 UTC
2,CREF-122927,CB-000698,BLUX,Blue Line Shipping,[22G0],2026-07-30 06:45:30.523000 UTC,FALSE,TRUE,FALSE,api,FALSE,FALSE,2026-08-21 12:53:21.200000 UTC,SHP-217253,transport-order,CarrierConfirmed,2026-08-05 05:38:44.429000 UTC
1,CREF-147822,CB-000090,BLUX,Blue Line Shipping,[45G0],2026-01-19 10:50:26.729000 UTC,FALSE,TRUE,FALSE,api,FALSE,FALSE,2026-08-04 18:03:53.319000 UTC,,,CarrierConfirmed,2026-01-19 11:50:33.130000 UTC
1,CREF-040108,CB-000365,BLUX,Blue Line Shipping,[],2026-08-04 04:57:09.086000 UTC,FALSE,FALSE,FALSE,,FALSE,FALSE,2026-08-21 12:53:22.731000 UTC,SHP-131904,partner-booking,CarrierConfirmed,2026-08-04 04:57:09.086000 UTC
1,CREF-143374,CB-000083,BLUX,Blue Line Shipping,[],2026-08-24 08:31:20.574000 UTC,FALSE,FALSE,FALSE,,FALSE,FALSE,2026-08-26 10:45:48.838000 UTC,SHP-148652,partner-booking,CarrierConfirmed,2026-08-26 10:45:48.209000 UTC
1,CREF-043946,CB-000720,BLUX,Blue Line Shipping,[],2026-07-31 02:15:02.853000 UTC,FALSE,FALSE,FALSE,,FALSE,FALSE,2026-08-21 12:53:21.678000 UTC,SHP-152195,partner-booking,CarrierConfirmed,2026-07-31 02:15:02.853000 UTC
1,CREF-019600,CB-000821,blux,Blue Line Shipping,[],2026-08-21 06:58:24.801000 UTC,FALSE,FALSE,FALSE,,FALSE,FALSE,2026-08-31 15:27:40.863000 UTC,SHP-187889,partner-booking,CarrierConfirmed,2026-08-31 15:27:40.498000 UTC
1,CREF-105749,CB-000526,Blux,Blue Line Shipping,[],2026-09-08 06:55:06.700000 UTC,FALSE,FALSE,FALSE,,FALSE,FALSE,2026-09-17 05:01:33.122000 UTC,SHP-146637,partner-booking,CarrierConfirmed,2026-09-17 05:01:32.724000 UTC
2,CREF-009286,CB-000849,NSTR,Northstar Container Lines,[45G0],2026-09-11 07:28:21.633000 UTC,FALSE,TRUE,FALSE,edi,FALSE,FALSE,2026-09-17 01:06:29.030000 UTC,SHP-088276,transport-order,CarrierConfirmed,2026-09-17 01:06:28.375000 UTC
1,CREF-077877,CB-000895,blux,Blue Line Shipping,[],2026-09-01 08:37:09.048000 UTC,FALSE,FALSE,FALSE,,FALSE,FALSE,2026-09-18 03:11:11.842000 UTC,SHP-129390,partner-booking,carrier_cancelled,2026-09-18 03:11:11.484000 UTC
1,CREF-067238,CB-001036,BLUX,Blue Line Shipping,[22G0],2026-09-01 06:50:53.152000 UTC,FALSE,TRUE,FALSE,api,FALSE,FALSE,2026-09-01 07:24:31.313000 UTC,SHP-213226,transport-order,CarrierCanceled,2026-09-01 07:24:30.903000 UTC
1,,CB-000816,BLUX,Blue Line Shipping,[45G0],2026-02-06 13:34:25.447000 UTC,FALSE,TRUE,FALSE,api,FALSE,FALSE,2026-08-04 18:03:55.712000 UTC,,,CarrierContacted,2026-02-06 14:14:25.447000 UTC
1,CREF-021929,CB-000804,BLUX,Blue Line Shipping,[],2026-08-26 08:46:34.985000 UTC,FALSE,FALSE,FALSE,,FALSE,FALSE,2026-09-08 01:18:34.518000 UTC,SHP-138708,partner-booking,CarrierConfirmed,2026-08-30 14:16:34.985000 UTC
1,CREF-138319,CB-000274,blux,Blue Line Shipping,[],2026-08-14 01:37:24.800000 UTC,FALSE,FALSE,FALSE,,FALSE,FALSE,2026-08-26 04:28:20.187000 UTC,SHP-217337,partner-booking,CarrierConfirmed,2026-08-26 04:28:19.808000 UTC
1,CREF-016307,CB-000837,BLUX,Blue Line Shipping,[42G0],2026-08-13 06:41:50.213000 UTC,FALSE,TRUE,FALSE,api,FALSE,FALSE,2026-08-21 12:53:26.231000 UTC,SHP-139798,transport-order,CarrierConfirmed,2026-08-21 07:53:36.986000 UTC
1,CREF-021396,CB-000062,blux,Blue Line Shipping,[22G0],2026-06-04 15:18:30.366000 UTC,FALSE,TRUE,FALSE,api,FALSE,TRUE,2026-08-21 12:53:14.222000 UTC,SHP-156908,,CarrierConfirmed,2026-06-04 15:33:41.116000 UTC
1,CREF-007875,CB-000310,blux,Blue Line Shipping,[],2026-08-26 02:33:13.780000 UTC,FALSE,FALSE,FALSE,,FALSE,FALSE,2026-09-11 04:36:04.685000 UTC,SHP-146905,partner-booking,Carrier Confirmed,2026-09-11 04:36:04.312000 UTC
2,CREF-072183,CB-000961,BLUX,Blue Line Shipping,[],2026-09-18 06:09:15.574000 UTC,FALSE,FALSE,FALSE,,FALSE,FALSE,2026-09-18 06:09:16.539000 UTC,SHP-129390,partner-booking,carrier_confirmed,2026-09-18 06:09:15.574000 UTC
1,CREF-099472,CB-000011,BLUX,Blue Line Shipping,[],2026-08-05 01:30:28.548000 UTC,FALSE,FALSE,FALSE,,FALSE,FALSE,2026-08-31 13:22:00.991000 UTC,SHP-038760,partner-booking,CarrierConfirmed,2026-08-31 13:22:00.563000 UTC
1,,CB-000141,BLUX,Blue Line Shipping,[],2026-08-12 03:40:10.730000 UTC,FALSE,FALSE,FALSE,,FALSE,FALSE,2026-08-26 04:28:57.160000 UTC,SHP-215627,partner-booking,CarrierContacted,2026-08-16 19:56:10.730000 UTC
2,CREF-163658,CB-000288,Blux,Blue Line Shipping,[22G0],2026-08-26 03:03:41.593000 UTC,FALSE,TRUE,FALSE,api,FALSE,FALSE,2026-08-26 04:15:02.607000 UTC,SHP-109490,transport-order,CarrierConfirmed,2026-08-26 03:27:41.593000 UTC
1,CREF-035641,CB-000211,BLUX,Blue Line Shipping,[],2026-07-31 06:06:34.188000 UTC,FALSE,FALSE,FALSE,,FALSE,FALSE,2026-08-21 12:53:21.800000 UTC,SHP-040765,partner-booking,CarrierConfirmed,2026-07-31 06:06:34.188000 UTC
1,CREF-073923,CB-000189,BLUX,Blue Line Shipping,[],2026-08-18 02:04:07.791000 UTC,FALSE,FALSE,FALSE,,FALSE,FALSE,2026-08-21 12:53:26.997000 UTC,SHP-061338,partner-booking,CarrierConfirmed,2026-08-18 10:21:07.791000 UTC
1,CREF-146419,CB-000174,Blux,Blue Line Shipping,[],2026-08-03 09:31:32.190000 UTC,FALSE,FALSE,FALSE,,FALSE,FALSE,2026-09-09 06:33:59.299000 UTC,SHP-175446,partner-booking,carrierconfirmed,2026-09-09 06:33:58.883000 UTC
1,CREF-141392,CB-000103,BLUX,Blue Line Shipping,[],2026-09-07 10:53:20.973000 UTC,FALSE,FALSE,FALSE,,FALSE,FALSE,2026-09-07 10:53:21.334000 UTC,SHP-134124,partner-booking,Carrier Confirmed,2026-09-07 10:53:20.973000 UTC
1,CREF-064539,CB-000299,BLUX,Blue Line Shipping,[],2026-08-18 01:44:08.474000 UTC,FALSE,FALSE,FALSE,,FALSE,FALSE,2026-08-21 12:53:26.974000 UTC,SHP-008912,partner-booking,CarrierConfirmed,2026-08-18 01:44:08.474000 UTC
1,CREF-091725,CB-000767,BLUX,Blue Line Shipping,[45G0],2026-06-05 14:28:53.039000 UTC,FALSE,TRUE,FALSE,api,FALSE,FALSE,2026-08-21 12:53:15.391000 UTC,SHP-040617,,CarrierConfirmed,2026-06-05 14:28:53.039000 UTC
1,CREF-064780,CB-000261,BLUX,Blue Line Shipping,[22G0],2026-06-24 15:08:03.644000 UTC,FALSE,TRUE,FALSE,api,FALSE,FALSE,2026-08-21 12:53:16.634000 UTC,SHP-054956,flash,CarrierConfirmed,2026-06-24 21:33:03.644000 UTC
1,CREF-010380,CB-000840,BLUX,Blue Line Shipping,[45G0],2026-07-31 10:35:18.466000 UTC,FALSE,TRUE,FALSE,api,FALSE,FALSE,2026-08-21 12:53:22.248000 UTC,SHP-210455,transport-order,CarrierCancelled,2026-08-13 11:06:11.294000 UTC
1,CREF-017461,CB-000367,BLUX,Blue Line Shipping,[],2026-08-04 01:51:06.358000 UTC,FALSE,FALSE,FALSE,,FALSE,FALSE,2026-08-21 12:53:22.628000 UTC,SHP-160590,partner-booking,CarrierConfirmed,2026-08-09 02:28:06.358000 UTC
1,CREF-011066,CB-000740,BLUX,Blue Line Shipping,[],2026-07-30 06:43:42.220000 UTC,FALSE,FALSE,FALSE,,FALSE,FALSE,2026-09-02 12:18:14.113000 UTC,SHP-203460,partner-booking,Carrier Confirmed,2026-09-02 12:18:13.392000 UTC
1,CREF-100768,CB-000093,BLUX,Blue Line Shipping,[45G0],2026-07-16 10:16:04.724000 UTC,FALSE,TRUE,FALSE,api,FALSE,FALSE,2026-08-21 12:53:17.920000 UTC,SHP-169219,transport-order,CarrierCancelled,2026-07-21 08:45:26.837000 UTC
1,CREF-137645,CB-000350,NSTR,Northstar Container Lines,[],2026-07-30 01:54:12.176000 UTC,FALSE,FALSE,FALSE,,FALSE,FALSE,2026-08-21 12:53:20.935000 UTC,SHP-061214,partner-booking,CarrierConfirmed,2026-07-30 01:54:12.176000 UTC
1,CREF-073974,CB-000839,BLUX,Blue Line Shipping,[],2026-08-13 03:34:50.548000 UTC,FALSE,FALSE,FALSE,,FALSE,FALSE,2026-08-21 12:53:25.941000 UTC,SHP-100380,partner-booking,CarrierConfirmed,2026-08-13 03:34:50.548000 UTC
1,CREF-156668,CB-000223,BLUX,Blue Line Shipping,[45G0],2026-02-20 13:36:05.095000 UTC,FALSE,TRUE,FALSE,api,FALSE,FALSE,2026-08-04 18:03:57.034000 UTC,,,CarrierConfirmed,2026-02-23 12:22:38.546000 UTC
1,CREF-162032,CB-000560,BLUX,Blue Line Shipping,[45G0],2026-07-07 15:52:37.320000 UTC,FALSE,TRUE,FALSE,api,FALSE,FALSE,2026-08-21 12:53:17.428000 UTC,SHP-122156,transport-order,CarrierConfirmed,2026-07-15 08:25:34.794000 UTC
1,CREF-098551,CB-000163,BLUX,Blue Line Shipping,[],2026-08-06 01:24:00.910000 UTC,FALSE,FALSE,FALSE,,FALSE,FALSE,2026-08-21 12:53:23.806000 UTC,SHP-204648,partner-booking,CarrierConfirmed,2026-08-06 01:24:00.910000 UTC
1,CREF-149373,CB-000210,nstr,Northstar Container Lines,[],2026-07-28 06:44:12.321000 UTC,FALSE,FALSE,FALSE,,FALSE,FALSE,2026-08-21 12:53:20.214000 UTC,SHP-211653,partner-booking,CarrierConfirmed,2026-07-28 06:44:12.321000 UTC
1,CREF-108847,CB-000313,Blux,Blue Line Shipping,[22G0],2026-06-05 14:31:29.950000 UTC,FALSE,TRUE,FALSE,api,TRUE,FALSE,2026-08-21 12:53:15.507000 UTC,SHP-001045,,CarrierConfirmed,2026-06-05 14:31:29.950000 UTC
1,CREF-036167,CB-000589,BLUX,Blue Line Shipping,[],2026-07-27 08:57:42.952000 UTC,FALSE,FALSE,FALSE,,FALSE,FALSE,2026-08-21 12:53:19.764000 UTC,SHP-039187,partner-booking,CarrierConfirmed,2026-08-19 08:02:14.347000 UTC
1,CREF-095966,CB-000637,BLUX,Blue Line Shipping,[42G0],2026-03-17 06:29:21.983000 UTC,FALSE,TRUE,FALSE,api,FALSE,FALSE,2026-08-04 18:03:58.011000 UTC,SHP-223363,,CarrierCancelled,2026-03-17 06:29:28.398000 UTC
1,CREF-128624,CB-000512,NSTR,Northstar Container Lines,[],2026-07-31 09:32:35.064000 UTC,FALSE,FALSE,FALSE,,FALSE,FALSE,2026-08-21 12:53:22.154000 UTC,SHP-173879,partner-booking,CarrierConfirmed,2026-07-31 09:32:35.064000 UTC
1,CREF-073598,CB-000818,BLUX,Blue Line Shipping,[45G0],2026-06-05 07:41:49.673000 UTC,FALSE,TRUE,FALSE,api,FALSE,FALSE,2026-08-21 12:53:14.650000 UTC,SHP-056851,,CarrierConfirmed,2026-07-17 11:30:21.103000 UTC
1,CREF-124105,CB-000370,Blux,Blue Line Shipping,[],2026-09-04 08:15:02.567000 UTC,FALSE,FALSE,FALSE,,FALSE,FALSE,2026-09-04 08:16:49.294000 UTC,SHP-099696,partner-booking,carrier_confirmed,2026-09-04 08:16:48.949000 UTC
1,CREF-013258,CB-000296,BLUX,Blue Line Shipping,[45G0],2026-08-28 08:43:31.094000 UTC,FALSE,TRUE,FALSE,api,FALSE,FALSE,2026-08-31 06:54:41.100000 UTC,SHP-059095,transport-order,CARRIER_CANCELLED,2026-08-31 06:54:40.400000 UTC
1,CREF-164903,CB-000553,BLUX,Blue Line Shipping,[45G0],2026-09-11 05:55:49.474000 UTC,FALSE,TRUE,FALSE,api,FALSE,FALSE,2026-09-16 02:30:59.791000 UTC,SHP-195014,transport-order,CarrierConfirmed,2026-09-12 20:47:49.474000 UTC
1,CREF-164125,CB-000271,BLUX,Blue Line Shipping,[],2026-08-06 02:37:05.966000 UTC,FALSE,FALSE,FALSE,,FALSE,FALSE,2026-09-01 03:28:40.737000 UTC,SHP-219380,partner-booking,CarrierConfirmed,2026-09-01 03:28:40.359000 UTC
1,CREF-146471,CB-000639,BLUX,Blue Line Shipping,[45G0],2026-02-12 07:24:13.216000 UTC,FALSE,TRUE,FALSE,api,FALSE,FALSE,2026-08-04 18:03:56.143000 UTC,,,CarrierCancelled,2026-02-12 08:39:19.223000 UTC
1,CREF-145230,CB-000726,BLUX,Blue Line Shipping,[],2026-09-03 08:29:09.257000 UTC,FALSE,FALSE,FALSE,,FALSE,FALSE,2026-09-03 08:29:09.923000 UTC,SHP-013648,partner-booking,carrierconfirmed,2026-09-03 08:29:09.257000 UTC
1,CREF-088060,CB-000311,BLUX,Blue Line Shipping,[],2026-07-31 07:48:24.814000 UTC,FALSE,FALSE,FALSE,,FALSE,FALSE,2026-08-21 12:53:22.012000 UTC,SHP-171428,partner-booking,CarrierConfirmed,2026-07-31 07:48:24.814000 UTC
1,CREF-102437,CB-000281,BLUX,Blue Line Shipping,[45G0],2026-08-19 08:13:43.728000 UTC,FALSE,TRUE,FALSE,api,FALSE,FALSE,2026-08-21 12:53:27.548000 UTC,SHP-101661,flash,CarrierConfirmed,2026-08-20 01:05:43.728000 UTC
1,CREF-025625,CB-000250,Blux,Blue Line Shipping,[],2026-07-30 14:40:27.348000 UTC,FALSE,FALSE,FALSE,,FALSE,FALSE,2026-08-21 12:53:21.561000 UTC,SHP-197036,partner-booking,CarrierConfirmed,2026-07-30 14:40:27.348000 UTC
1,CREF-152916,CB-000328,NSTR,Northstar Container Lines,[42G0],2026-08-18 06:47:22.877000 UTC,FALSE,TRUE,FALSE,edi,FALSE,FALSE,2026-09-17 22:31:04.959000 UTC,SHP-209651,transport-order,CarrierConfirmed,2026-09-17 22:31:04.556000 UTC
1,CREF-077354,CB-000752,blux,Blue Line Shipping,[45G0],2026-01-20 08:52:53.546000 UTC,FALSE,TRUE,FALSE,api,FALSE,FALSE,2026-08-04 18:03:53.407000 UTC,,,CarrierConfirmed,2026-01-20 10:08:01.971000 UTC
1,CREF-033972,CB-000633,BLUX,Blue Line Shipping,[22G0],2026-07-14 13:57:01.454000 UTC,FALSE,TRUE,FALSE,api,FALSE,FALSE,2026-08-21 12:53:17.616000 UTC,SHP-067351,transport-order,CarrierCancelled,2026-07-20 11:39:54.316000 UTC
1,,CB-000199,Blux,Blue Line Shipping,[42G0],2026-08-10 08:49:22.018000 UTC,FALSE,TRUE,FALSE,api,FALSE,FALSE,2026-09-04 14:30:51.279000 UTC,SHP-033394,transport-order,Pending,2026-08-18 18:43:22.018000 UTC
1,CREF-163093,CB-000218,BLUX,Blue Line Shipping,[],2026-08-01 00:57:46.139000 UTC,FALSE,FALSE,FALSE,,FALSE,FALSE,2026-08-25 08:55:48.955000 UTC,SHP-185787,partner-booking,carrier_confirmed,2026-08-25 08:55:48.487000 UTC
1,CREF-099835,CB-000159,BLUX,Blue Line Shipping,[42G0],2026-08-07 13:07:39.480000 UTC,FALSE,TRUE,FALSE,api,FALSE,FALSE,2026-08-28 09:27:50.694000 UTC,SHP-191973,transport-order,CarrierConfirmed,2026-08-28 09:27:50.263000 UTC
1,CREF-033972,CB-000633,BLUX,Blue Line Shipping,[22G0],2026-07-14 13:57:01.454000 UTC,FALSE,TRUE,FALSE,api,FALSE,FALSE,2026-08-21 12:53:17.616000 UTC,SHP-067351,transport-order,CarrierConfirmed,2026-07-16 13:11:01.454000 UTC
3,,CB-000012,BLUX,Blue Line Shipping,[45G0],2026-07-24 07:57:08.650000 UTC,FALSE,TRUE,FALSE,api,FALSE,TRUE,2026-08-21 12:53:19.178000 UTC,SHP-169219,transport-order,failed,2026-07-24 07:57:10.655000 UTC
1,CREF-067712,CB-000180,BLUX,Blue Line Shipping,[45G0],2026-07-22 07:54:35.670000 UTC,FALSE,TRUE,FALSE,api,FALSE,FALSE,2026-08-21 12:53:18.904000 UTC,SHP-156997,flash,CarrierConfirmed,2026-07-22 08:07:11.155000 UTC
1,CREF-033498,CB-000773,BLUX,Blue Line Shipping,[45G0],2026-07-31 10:39:01.630000 UTC,FALSE,TRUE,FALSE,api,FALSE,FALSE,2026-08-21 12:53:22.270000 UTC,SHP-071050,transport-order,CarrierCancelled,2026-08-04 06:35:32.012000 UTC
1,CREF-041805,CB-000337,BLUX,Blue Line Shipping,[],2026-07-31 06:51:14.545000 UTC,FALSE,FALSE,FALSE,,FALSE,FALSE,2026-08-21 12:53:21.897000 UTC,SHP-163928,partner-booking,CarrierConfirmed,2026-07-31 06:51:14.545000 UTC
1,CREF-113214,CB-000846,BLUX,Blue Line Shipping,[],2026-08-26 00:55:24.080000 UTC,FALSE,FALSE,FALSE,,FALSE,FALSE,2026-08-26 00:55:24.407000 UTC,SHP-111237,partner-booking,CarrierConfirmed,2026-08-26 00:55:24.080000 UTC
1,CREF-035328,CB-000108,Blux,Blue Line Shipping,[],2026-07-28 02:21:48.201000 UTC,FALSE,FALSE,FALSE,,FALSE,FALSE,2026-08-21 12:53:20.028000 UTC,SHP-217089,partner-booking,carrierconfirmed,2026-08-13 01:06:44.052000 UTC
1,CREF-064533,CB-001046,Blux,Blue Line Shipping,[],2026-08-14 09:44:00.393000 UTC,FALSE,FALSE,FALSE,,FALSE,FALSE,2026-08-21 12:53:26.661000 UTC,SHP-080971,partner-booking,CarrierConfirmed,2026-08-14 09:44:00.393000 UTC
1,CREF-037207,CB-000225,blux,Blue Line Shipping,[42G0],2026-09-08 07:27:18.679000 UTC,FALSE,TRUE,FALSE,api,FALSE,FALSE,2026-09-10 06:58:24.962000 UTC,SHP-132990,transport-order,carrier_confirmed,2026-09-08 23:17:18.679000 UTC
1,,CB-000293,NSTR,Northstar Container Lines,[45G0],2026-09-07 03:32:54.235000 UTC,FALSE,TRUE,FALSE,edi,FALSE,FALSE,2026-09-18 09:03:15.910000 UTC,SHP-036336,transport-order,CarrierContacted,2026-09-10 21:22:54.235000 UTC
1,CREF-015770,CB-000975,BLUX,Blue Line Shipping,[45G0],2026-09-01 01:39:49.624000 UTC,FALSE,TRUE,FALSE,api,FALSE,FALSE,2026-09-01 01:56:46.205000 UTC,SHP-166459,transport-order,CarrierConfirmed,2026-09-01 01:56:45.612000 UTC
1,CREF-073290,CB-000762,BLUX,Blue Line Shipping,[45G0],2026-05-08 11:32:32.671000 UTC,FALSE,TRUE,FALSE,api,FALSE,FALSE,2026-08-21 12:53:11.917000 UTC,SHP-101722,,CarrierConfirmed,2026-05-09 11:48:05.325000 UTC
1,CREF-036498,CB-000607,BLUX,Blue Line Shipping,[45G0],2026-03-05 10:27:18.027000 UTC,FALSE,TRUE,FALSE,api,FALSE,FALSE,2026-08-04 18:03:57.576000 UTC,,,CarrierConfirmed,2026-03-05 16:31:47.492000 UTC
1,CREF-013781,CB-000523,BLUX,Blue Line Shipping,[],2026-09-11 08:42:36.963000 UTC,FALSE,FALSE,FALSE,,FALSE,FALSE,2026-09-17 15:29:37.537000 UTC,SHP-129080,partner-booking,carrierconfirmed,2026-09-17 15:29:36.649000 UTC
1,CREF-115523,CB-000078,BLUX,Blue Line Shipping,[22G0],2026-08-25 09:02:09.341000 UTC,FALSE,TRUE,FALSE,api,FALSE,FALSE,2026-08-31 09:48:27.043000 UTC,SHP-214611,transport-order,CarrierConfirmed,2026-08-27 09:17:09.341000 UTC
1,CREF-094182,CB-000051,blux,Blue Line Shipping,[22G0],2026-05-29 09:18:45.415000 UTC,FALSE,TRUE,FALSE,api,FALSE,FALSE,2026-08-21 12:53:13.029000 UTC,SHP-159326,,CarrierConfirmed,2026-05-29 09:34:01.871000 UTC
1,CREF-100080,CB-000443,BLUX,Blue Line Shipping,[],2026-08-31 01:54:04.442000 UTC,FALSE,FALSE,FALSE,,FALSE,FALSE,2026-09-11 04:13:56.985000 UTC,SHP-199268,partner-booking,carrierconfirmed,2026-09-11 04:13:56.401000 UTC
1,CREF-019109,CB-000859,BLUX,Blue Line Shipping,[45G0],2026-08-19 01:33:37.157000 UTC,FALSE,TRUE,FALSE,api,FALSE,FALSE,2026-08-31 13:28:27.674000 UTC,SHP-197941,transport-order,CarrierConfirmed,2026-08-31 13:28:27.324000 UTC
1,CREF-093324,CB-000198,BLUX,Blue Line Shipping,[],2026-09-03 01:34:30.268000 UTC,FALSE,FALSE,FALSE,,TRUE,FALSE,2026-09-03 01:34:30.955000 UTC,SHP-047900,partner-booking,carrier_confirmed,2026-09-03 01:34:30.268000 UTC
1,CREF-031077,CB-000776,BLUX,Blue Line Shipping,[],2026-09-01 00:48:47.562000 UTC,FALSE,FALSE,FALSE,,FALSE,FALSE,2026-09-03 09:45:49.160000 UTC,SHP-222329,partner-booking,CarrierCancelled,2026-09-03 09:45:48.666000 UTC
1,CREF-041402,CB-000172,BLUX,Blue Line Shipping,[],2026-09-07 02:04:54.158000 UTC,FALSE,FALSE,FALSE,,FALSE,FALSE,2026-09-07 02:04:55.154000 UTC,SHP-013553,partner-booking,CarrierConfirmed,2026-09-07 02:04:54.158000 UTC
1,,CB-000466,BLUX,Blue Line Shipping,[22G0],2026-07-01 11:37:01.051000 UTC,FALSE,TRUE,FALSE,api,FALSE,FALSE,2026-08-21 12:53:17.068000 UTC,SHP-070038,flash,Failed,2026-07-01 11:37:02.549000 UTC
1,CREF-107967,CB-000910,NSTR,Northstar Container Lines,[45G0],2026-08-28 06:02:23.949000 UTC,FALSE,TRUE,FALSE,edi,FALSE,FALSE,2026-09-14 18:25:55.586000 UTC,SHP-097281,transport-order,CarrierConfirmed,2026-09-14 18:25:55.011000 UTC
2,CREF-095846,CB-001007,BLUX,Blue Line Shipping,[],2026-09-17 02:50:24.171000 UTC,FALSE,FALSE,FALSE,,FALSE,FALSE,2026-09-17 02:50:24.581000 UTC,SHP-126537,partner-booking,CARRIER_CONFIRMED,2026-09-17 02:50:24.171000 UTC
1,CREF-144761,CB-000446,BLUX,Blue Line Shipping,[45G0],2026-07-16 07:36:51.725000 UTC,FALSE,TRUE,FALSE,api,FALSE,FALSE,2026-08-21 12:53:17.873000 UTC,SHP-135145,transport-order,CarrierCancelled,2026-07-17 06:46:00.299000 UTC
1,CREF-062582,CB-000275,Blux,Blue Line Shipping,[22G0],2026-02-25 07:29:37.794000 UTC,FALSE,TRUE,FALSE,api,FALSE,FALSE,2026-08-04 18:03:57.303000 UTC,,,CarrierConfirmed,2026-02-25 10:10:58.843000 UTC
1,CREF-152202,CB-000125,BLUX,Blue Line Shipping,[22G0],2026-02-18 13:22:17.186000 UTC,FALSE,TRUE,FALSE,api,FALSE,FALSE,2026-08-04 18:03:56.897000 UTC,,,CarrierConfirmed,2026-02-18 13:42:25.490000 UTC
1,CREF-085719,CB-000707,BLUX,Blue Line Shipping,[],2026-08-17 00:51:24.787000 UTC,FALSE,FALSE,FALSE,,FALSE,FALSE,2026-09-04 07:43:49.980000 UTC,SHP-029523,partner-booking,Carrier Confirmed,2026-09-04 07:43:49.602000 UTC
1,CREF-096062,CB-000126,blux,Blue Line Shipping,[],2026-09-07 09:02:04.277000 UTC,FALSE,FALSE,FALSE,,FALSE,FALSE,2026-09-10 12:35:37.726000 UTC,SHP-117816,partner-booking,CarrierConfirmed,2026-09-10 12:35:37.367000 UTC
1,CREF-139508,CB-000351,BLUX,Blue Line Shipping,[],2026-09-07 01:32:57.891000 UTC,FALSE,FALSE,FALSE,,FALSE,FALSE,2026-09-07 01:33:00.081000 UTC,SHP-200489,partner-booking,CarrierConfirmed,2026-09-07 01:32:57.891000 UTC
1,CREF-049707,CB-000101,NSTR,Northstar Container Lines,[22G0],2026-09-07 09:59:03.914000 UTC,FALSE,TRUE,FALSE,edi,FALSE,FALSE,2026-09-09 08:08:34.421000 UTC,SHP-101083,transport-order,CarrierConfirmed,2026-09-08 01:22:03.914000 UTC
1,CREF-005118,CB-000770,BLUX,Blue Line Shipping,[45G0],2026-01-15 09:29:58.989000 UTC,FALSE,TRUE,FALSE,api,FALSE,FALSE,2026-08-04 18:03:52.759000 UTC,,,CarrierCancelled,2026-01-16 20:10:35.994000 UTC
1,CREF-126457,CB-000175,BLUX,Blue Line Shipping,[42G0],2026-02-13 06:57:16.307000 UTC,FALSE,TRUE,FALSE,api,FALSE,FALSE,2026-08-04 18:03:56.475000 UTC,,,CarrierConfirmed,2026-02-13 11:12:24.289000 UTC
3,,CB-000330,BLUX,Blue Line Shipping,[45G0],2026-05-28 13:28:29.319000 UTC,FALSE,TRUE,FALSE,api,FALSE,TRUE,2026-08-21 12:53:12.519000 UTC,SHP-053217,,Failed,2026-05-28 13:28:31.438000 UTC
1,CREF-077665,CB-000091,BLUX,Blue Line Shipping,[45G0],2026-08-03 05:46:05.860000 UTC,FALSE,TRUE,FALSE,api,FALSE,FALSE,2026-08-21 12:53:22.417000 UTC,SHP-014648,transport-order,CarrierConfirmed,2026-08-13 08:05:14.024000 UTC
1,,CB-000998,BLUX,Blue Line Shipping,[45G0],2026-08-28 14:51:00.717000 UTC,FALSE,TRUE,FALSE,api,FALSE,TRUE,2026-09-09 14:57:55.995000 UTC,SHP-027310,transport-order,CarrierContacted,2026-09-01 14:53:00.717000 UTC
1,CREF-043237,CB-000815,BLUX,Blue Line Shipping,[22G0],2026-08-17 06:44:28.297000 UTC,FALSE,TRUE,FALSE,api,FALSE,FALSE,2026-08-21 12:53:26.833000 UTC,SHP-093808,transport-order,CarrierCanceled,2026-08-17 06:48:42.018000 UTC
1,,CB-000657,BLUX,Blue Line Shipping,[],2026-08-20 02:08:47.908000 UTC,FALSE,FALSE,FALSE,,FALSE,FALSE,2026-09-02 04:16:51.218000 UTC,SHP-177173,partner-booking,Pending,2026-08-24 10:51:47.908000 UTC
3,CREF-099439,CB-000188,BLUX,Blue Line Shipping,[45G0],2026-06-03 06:20:41.797000 UTC,FALSE,TRUE,FALSE,api,FALSE,FALSE,2026-08-21 12:53:13.653000 UTC,SHP-131503,,CarrierCancelled,2026-06-04 08:53:18.276000 UTC
1,CREF-124478,CB-000422,NSTR,Northstar Container Lines,[],2026-07-27 07:27:09.888000 UTC,FALSE,FALSE,FALSE,,FALSE,FALSE,2026-08-21 12:53:19.521000 UTC,SHP-030627,partner-booking,CarrierConfirmed,2026-07-27 07:27:09.888000 UTC
1,CREF-138829,CB-000906,BLUX,Blue Line Shipping,[42G0],2026-07-30 08:57:57.297000 UTC,FALSE,TRUE,FALSE,api,FALSE,FALSE,2026-08-21 12:53:21.345000 UTC,SHP-142777,transport-order,CarrierConfirmed,2026-08-20 13:30:38.924000 UTC
1,CREF-132137,CB-000221,BLUX,Blue Line Shipping,[22G0],2026-03-11 11:51:51.928000 UTC,FALSE,TRUE,FALSE,api,FALSE,FALSE,2026-08-04 18:03:57.929000 UTC,SHP-062867,,CarrierConfirmed,2026-03-11 12:51:58.689000 UTC
1,CREF-087826,CB-000953,BLUX,Blue Line Shipping,[],2026-07-30 14:04:08.446000 UTC,FALSE,FALSE,FALSE,,FALSE,FALSE,2026-08-21 12:53:21.536000 UTC,SHP-130822,partner-booking,CarrierConfirmed,2026-08-18 09:53:13.649000 UTC
1,CREF-043308,CB-000515,BLUX,Blue Line Shipping,[],2026-09-08 07:49:25.289000 UTC,FALSE,FALSE,FALSE,,FALSE,FALSE,2026-09-08 07:49:25.753000 UTC,SHP-021609,partner-booking,CARRIER_CONFIRMED,2026-09-08 07:49:25.289000 UTC
1,,CB-000107,BLUX,Blue Line Shipping,[22G0],2026-07-17 09:58:35.758000 UTC,FALSE,TRUE,FALSE,api,FALSE,FALSE,2026-08-21 12:53:18.068000 UTC,SHP-173444,transport-order,Pending,2026-07-21 18:18:35.758000 UTC
1,,CB-000284,NSTR,Northstar Container Lines,[45G0],2026-08-31 07:29:00.256000 UTC,FALSE,TRUE,FALSE,edi,FALSE,FALSE,2026-09-16 23:46:35.544000 UTC,SHP-057742,transport-order,CarrierContacted,2026-09-05 20:55:00.256000 UTC
1,CREF-157135,CB-000495,BLUX,Blue Line Shipping,[42G0],2026-07-01 11:46:18.281000 UTC,FALSE,TRUE,FALSE,api,FALSE,FALSE,2026-08-21 12:53:17.163000 UTC,SHP-094100,flash,CarrierConfirmed,2026-07-01 13:01:25.725000 UTC
1,CREF-119219,CB-000934,BLUX,Blue Line Shipping,[],2026-07-28 03:09:26.949000 UTC,FALSE,FALSE,FALSE,,FALSE,FALSE,2026-08-25 05:11:11.708000 UTC,SHP-101414,partner-booking,CarrierConfirmed,2026-08-25 05:11:11.216000 UTC
1,CREF-064325,CB-000449,Blux,Blue Line Shipping,[45G0],2026-06-05 14:40:05.743000 UTC,FALSE,TRUE,FALSE,api,FALSE,FALSE,2026-08-21 12:53:15.810000 UTC,SHP-046438,,CarrierConfirmed,2026-06-05 14:40:05.743000 UTC
5,,CB-000954,BLUX,Blue Line Shipping,[45G0],2026-07-24 08:54:17.115000 UTC,FALSE,TRUE,FALSE,api,FALSE,TRUE,2026-08-21 12:53:19.229000 UTC,SHP-169219,transport-order,Failed,2026-07-24 08:54:20.229000 UTC
1,CREF-003851,CB-000341,BLUX,Blue Line Shipping,[45G0],2026-02-13 15:33:33.806000 UTC,FALSE,TRUE,FALSE,api,FALSE,FALSE,2026-08-04 18:03:56.577000 UTC,,,CarrierCancelled,2026-02-19 15:21:15.764000 UTC
1,CREF-121657,CB-000457,BLUX,Blue Line Shipping,[45G0],2026-07-31 03:20:39.488000 UTC,FALSE,TRUE,FALSE,api,FALSE,FALSE,2026-08-21 12:53:21.752000 UTC,SHP-084208,transport-order,CarrierConfirmed,2026-08-13 08:03:35.154000 UTC
2,,CB-000123,BLUX,Blue Line Shipping,[42G0],2026-08-13 05:34:28.033000 UTC,FALSE,TRUE,FALSE,api,FALSE,FALSE,2026-08-21 12:53:26.109000 UTC,SHP-203680,transport-order,Failed,2026-08-13 05:34:29.634000 UTC
1,CREF-160701,CB-000860,BLUX,Blue Line Shipping,[45G0],2026-03-18 13:29:32.756000 UTC,FALSE,TRUE,FALSE,api,FALSE,FALSE,2026-08-04 18:03:58.075000 UTC,SHP-191996,,CarrierConfirmed,2026-03-18 14:44:39.922000 UTC
1,CREF-085499,CB-000505,BLUX,Blue Line Shipping,[45G0],2026-08-04 06:25:51.292000 UTC,FALSE,TRUE,FALSE,api,FALSE,FALSE,2026-08-21 12:53:22.849000 UTC,SHP-055398,transport-order,CarrierCancelled,2026-08-04 10:32:37.937000 UTC
1,,CB-000266,Blux,Blue Line Shipping,[42G0],2026-02-18 10:25:53.640000 UTC,FALSE,TRUE,FALSE,api,FALSE,TRUE,2026-08-04 18:03:56.818000 UTC,,,Failed,2026-02-20 09:21:58.619000 UTC
1,,CB-000624,BLUX,Blue Line Shipping,[45G0],2026-05-05 08:08:38.126000 UTC,FALSE,TRUE,FALSE,api,FALSE,FALSE,2026-08-21 12:53:11.330000 UTC,SHP-062743,,Failed,2026-05-05 08:08:40.296000 UTC
1,CREF-091418,CB-000263,BLUX,Blue Line Shipping,[],2026-07-28 02:53:26.059000 UTC,FALSE,FALSE,FALSE,,FALSE,FALSE,2026-08-21 12:53:20.096000 UTC,SHP-115808,partner-booking,CarrierConfirmed,2026-08-13 01:06:26.445000 UTC
1,CREF-002861,CB-000820,BLUX,Blue Line Shipping,[22G0],2026-07-23 09:50:28.341000 UTC,FALSE,TRUE,FALSE,api,FALSE,FALSE,2026-08-21 12:53:19.081000 UTC,SHP-049212,transport-order,CarrierCancelled,2026-08-11 10:54:07.427000 UTC
1,CREF-067471,CB-000013,BLUX,Blue Line Shipping,[45G0],2026-02-12 10:41:01.476000 UTC,FALSE,TRUE,FALSE,api,FALSE,FALSE,2026-08-04 18:03:56.272000 UTC,,,CarrierConfirmed,2026-02-12 10:56:06.943000 UTC
1,CREF-078631,CB-000040,Blux,Blue Line Shipping,[45G0],2026-01-22 08:10:14.173000 UTC,FALSE,TRUE,FALSE,api,FALSE,FALSE,2026-08-04 18:03:53.857000 UTC,,,CarrierConfirmed,2026-01-22 08:45:23.191000 UTC
1,CREF-157201,CB-000978,BLUX,Blue Line Shipping,[45G0],2026-03-11 14:52:40.315000 UTC,FALSE,TRUE,FALSE,api,FALSE,FALSE,2026-08-04 18:03:57.972000 UTC,SHP-196912,,CarrierConfirmed,2026-03-11 15:27:46.311000 UTC
1,CREF-149424,CB-000551,BLUX,Blue Line Shipping,[],2026-08-11 05:47:06.864000 UTC,FALSE,FALSE,FALSE,,FALSE,FALSE,2026-08-21 12:53:25.178000 UTC,SHP-049513,partner-booking,CarrierConfirmed,2026-08-11 05:47:06.864000 UTC
1,,CB-000179,BLUX,Blue Line Shipping,[42G0],2026-05-08 10:49:15.617000 UTC,FALSE,TRUE,FALSE,api,FALSE,TRUE,2026-08-21 12:53:11.872000 UTC,SHP-036076,,Failed,2026-05-08 10:49:20.044000 UTC
2,CREF-054423,CB-000748,blux,Blue Line Shipping,[],2026-08-14 10:25:35.154000 UTC,FALSE,FALSE,FALSE,,FALSE,FALSE,2026-08-21 12:53:26.715000 UTC,SHP-134585,partner-booking,CarrierConfirmed,2026-08-14 10:25:35.154000 UTC
1,CREF-150622,CB-000980,BLUX,Blue Line Shipping,[45G0],2026-05-20 07:57:43.494000 UTC,FALSE,TRUE,FALSE,api,FALSE,TRUE,2026-08-21 12:53:12.219000 UTC,SHP-127894,,Carrier Confirmed,2026-05-21 08:13:13.374000 UTC
1,CREF-016976,CB-000673,BLUX,Blue Line Shipping,[45R1],2026-01-16 13:35:31.759000 UTC,FALSE,FALSE,TRUE,api,FALSE,FALSE,2026-08-04 18:03:53.187000 UTC,,,CarrierConfirmed,2026-01-19 14:43:20.712000 UTC
1,CREF-123504,CB-000911,NSTR,Northstar Container Lines,[22G0],2026-07-29 02:49:37.607000 UTC,FALSE,TRUE,FALSE,edi,FALSE,FALSE,2026-08-21 12:53:20.495000 UTC,SHP-217253,transport-order,CarrierConfirmed,2026-07-29 12:05:37.607000 UTC
1,CREF-106450,CB-000234,Nstr,Northstar Container Lines,[],2026-07-29 09:18:06.395000 UTC,FALSE,FALSE,FALSE,,FALSE,FALSE,2026-08-21 12:53:20.746000 UTC,SHP-124343,partner-booking,CarrierConfirmed,2026-07-29 09:18:06.395000 UTC
1,CREF-042538,CB-000971,NSTR,Northstar Container Lines,[],2026-08-05 03:00:26.230000 UTC,FALSE,FALSE,FALSE,,FALSE,FALSE,2026-08-21 12:53:23.448000 UTC,SHP-075106,partner-booking,CARRIER_CONFIRMED,2026-08-05 03:00:26.230000 UTC
1,CREF-112126,CB-000382,BLUX,Blue Line Shipping,[],2026-09-14 10:43:26.673000 UTC,FALSE,FALSE,FALSE,,FALSE,FALSE,2026-09-14 10:43:27.076000 UTC,SHP-088811,partner-booking,CarrierConfirmed,2026-09-14 10:43:26.673000 UTC
1,CREF-121353,CB-000930,Blux,Blue Line Shipping,[45G0],2026-01-15 15:48:26.751000 UTC,FALSE,TRUE,FALSE,api,FALSE,FALSE,2026-08-04 18:03:53.108000 UTC,,,CarrierConfirmed,2026-01-15 16:25:09.867000 UTC
1,CREF-003064,CB-000588,BLUX,Blue Line Shipping,[],2026-08-27 08:58:16.354000 UTC,FALSE,FALSE,FALSE,,FALSE,FALSE,2026-08-27 08:58:16.844000 UTC,SHP-208816,partner-booking,CarrierConfirmed,2026-08-27 08:58:16.354000 UTC
1,CREF-113220,CB-000472,BLUX,Blue Line Shipping,[],2026-08-06 05:51:37.083000 UTC,FALSE,FALSE,FALSE,,FALSE,FALSE,2026-09-01 02:47:36.532000 UTC,SHP-164676,partner-booking,CarrierConfirmed,2026-09-01 02:47:36.041000 UTC
1,CREF-123719,CB-000810,BLUX,Blue Line Shipping,[42G0],2026-02-23 12:29:59.456000 UTC,FALSE,TRUE,FALSE,api,FALSE,TRUE,2026-08-04 18:03:57.265000 UTC,,,CarrierConfirmed,2026-02-23 13:45:14.172000 UTC
1,CREF-089844,CB-000841,BLUX,Blue Line Shipping,[45G0],2026-07-13 12:34:30.529000 UTC,FALSE,TRUE,FALSE,api,FALSE,FALSE,2026-08-21 12:53:17.570000 UTC,SHP-088820,flash,CarrierConfirmed,2026-07-13 12:53:24.422000 UTC
1,CREF-049707,CB-000101,NSTR,Northstar Container Lines,[22G0],2026-09-07 09:59:03.914000 UTC,FALSE,TRUE,FALSE,edi,FALSE,FALSE,2026-09-09 08:08:34.421000 UTC,SHP-101083,transport-order,CarrierCancelled,2026-09-09 08:08:34.056000 UTC
1,CREF-046859,CB-000543,BLUX,Blue Line Shipping,[],2026-08-13 07:35:50.252000 UTC,FALSE,FALSE,FALSE,,FALSE,FALSE,2026-08-21 12:53:26.276000 UTC,SHP-006182,partner-booking,CarrierConfirmed,2026-08-13 07:35:50.252000 UTC
1,CREF-078714,CB-000106,BLUX,Blue Line Shipping,[45R9],2026-01-20 14:57:48.089000 UTC,FALSE,FALSE,TRUE,api,FALSE,FALSE,2026-08-04 18:03:53.489000 UTC,,,CarrierConfirmed,2026-01-21 14:58:39.335000 UTC
1,CREF-158749,CB-000451,blux,Blue Line Shipping,[22G0],2026-06-05 14:35:38.333000 UTC,FALSE,TRUE,FALSE,api,FALSE,FALSE,2026-08-21 12:53:15.692000 UTC,SHP-030521,,CarrierConfirmed,2026-06-05 14:35:38.333000 UTC
1,CREF-102437,CB-000281,BLUX,Blue Line Shipping,[45G0],2026-08-19 08:13:43.728000 UTC,FALSE,TRUE,FALSE,api,FALSE,FALSE,2026-08-21 12:53:27.548000 UTC,SHP-101661,flash,CarrierCancelled,2026-08-21 10:49:27.379000 UTC
1,CREF-107481,CB-000528,NSTR,Northstar Container Lines,[42G0],2026-08-21 09:41:14.762000 UTC,FALSE,TRUE,FALSE,edi,FALSE,FALSE,2026-09-14 14:26:21.007000 UTC,SHP-004277,transport-order,CarrierConfirmed,2026-09-14 14:26:20.691000 UTC
1,CREF-076498,CB-000436,blux,Blue Line Shipping,[42G0],2026-06-10 12:24:23.916000 UTC,FALSE,TRUE,FALSE,api,FALSE,FALSE,2026-08-21 12:53:16.218000 UTC,SHP-026808,,CarrierCancelled,2026-06-15 09:08:30.067000 UTC
1,CREF-067515,CB-001019,Blux,Blue Line Shipping,[45G0],2026-01-15 15:36:43.560000 UTC,FALSE,TRUE,FALSE,api,FALSE,FALSE,2026-08-04 18:03:52.986000 UTC,,,CarrierConfirmed,2026-01-15 16:11:49.089000 UTC
1,CREF-066443,CB-000372,BLUX,Blue Line Shipping,[],2026-07-28 05:35:04.347000 UTC,FALSE,FALSE,FALSE,,FALSE,FALSE,2026-08-21 12:53:20.189000 UTC,SHP-221676,partner-booking,CarrierConfirmed,2026-07-31 05:09:52.426000 UTC
