house_shipment_id,shipment_id,status,booking_id,booking_number,carrier_booking_status,transport_mode,transport_type,trade_class,incoterms,chargeable_weight,chargeable_cbm,teu,departure_date,canceled_at,is_confirmed_volume,created_at,updated_at,_etl_publish_time
HS-047793,SHP-154278,active,CBR-028484-0,,shipment,sea,fcl,EU Imp,FOB,,,6,2026-11-06,,FALSE,2026-09-09 12:03:38.290000 UTC,2026-09-09 12:04:12.708000 UTC,2026-09-09 12:37:12.708000 UTC
HS-078607,SHP-092141,active,,,,sea,fcl,EU Exp,CPT,,,1,2026-09-26,,,2026-09-09 09:31:09.153000 UTC,2026-09-17 12:42:36.599000 UTC,2026-09-17 13:24:36.599000 UTC
HS-078128,SHP-128084,active,,,,sea,fcl,EU Exp,CFR,,,2,2026-09-26,,,2026-09-08 12:43:21.995000 UTC,2026-09-08 13:58:03.820000 UTC,2026-09-08 15:28:03.820000 UTC
HS-127480,SHP-036336,active,,,,sea,fcl,EU Imp,FOB,,,2,2026-09-27,,,2026-09-04 09:00:13.559000 UTC,2026-09-17 19:04:15.848000 UTC,2026-09-17 21:35:15.848000 UTC
HS-076480,SHP-200451,active,,CREF-114510,,rail,lcl,EU Imp,DAP,,2.43,,2026-09-11,,TRUE,2026-09-03 16:43:45.266000 UTC,2026-09-17 12:35:50.342000 UTC,2026-09-17 15:59:50.342000 UTC
HS-181048,SHP-040576,active,,CREF-154541,,sea,lcl,EU Imp,FOB,,15.17,,2026-09-27,,TRUE,2026-09-01 11:57:25.345000 UTC,2026-09-03 05:55:47.479000 UTC,2026-09-03 06:34:47.479000 UTC
HS-222419,SHP-216977,active,,,,sea,fcl,EU Imp,FOB,,,2,2026-09-09,,,2026-08-21 09:13:05.819000 UTC,2026-09-11 07:24:49.483000 UTC,2026-09-11 10:25:49.483000 UTC
HS-006881,SHP-112326,active,,,,sea,fcl,EU Exp,CIF,,,2,2026-10-07,,,2026-08-19 07:13:31.445000 UTC,2026-09-16 07:27:05.241000 UTC,2026-09-16 10:29:05.241000 UTC
HS-058332,SHP-055046,completed,,,,air,lcl,EU Imp,EXW,6120,,,2026-08-21,,TRUE,2026-08-18 16:22:09.043000 UTC,2026-08-28 09:03:21.650000 UTC,2026-08-28 12:01:21.650000 UTC
HS-058587,SHP-186988,completed,,,,rail,fcl,EU Imp,CFR,,,2,2026-08-04,,TRUE,2026-08-17 07:12:05.593000 UTC,2026-08-31 14:07:49.669000 UTC,2026-08-31 17:36:49.669000 UTC
HS-069220,SHP-223845,active,,CREF-096284,,rail,lcl,EU Imp,FOB,,20.16,,2026-08-26,,TRUE,2026-08-11 08:23:43.700000 UTC,2026-09-15 15:51:10.064000 UTC,2026-09-15 18:36:10.064000 UTC
HS-009162,SHP-119047,active,,CREF-041995,,rail,lcl,EU Imp,FOB,,2.5503,,2026-08-25,,TRUE,2026-08-03 14:43:33.951000 UTC,2026-09-08 13:50:36.785000 UTC,2026-09-08 15:12:36.785000 UTC
HS-193672,SHP-210455,active,,,,sea,fcl,EU Exp,CFR,,,20,2026-08-29,,,2026-07-31 10:32:34.790000 UTC,2026-09-18 14:07:22.895000 UTC,2026-09-18 16:24:22.895000 UTC
HS-174490,SHP-170124,active,,,,sea,fcl,EU Imp,FOB,,,2,2026-08-22,,,2026-07-30 10:10:36.454000 UTC,2026-09-18 05:02:39.737000 UTC,2026-09-18 05:54:39.737000 UTC
HS-196134,SHP-090953,active,,CREF-093040,,sea,lcl,EU Imp,FOB,,13.8288,,2026-08-18,,TRUE,2026-07-28 16:02:38.756000 UTC,2026-08-13 07:36:14.511000 UTC,2026-08-13 08:32:14.511000 UTC
HS-161857,SHP-220962,active,,,,sea,fcl,EU Imp,FOB,,,2,2026-09-07,,,2026-07-17 07:54:33.654000 UTC,2026-09-18 13:10:50.233000 UTC,2026-09-18 16:19:50.233000 UTC
HS-077483,SHP-147477,active,,,,sea,fcl,EU Imp,FCA_T,,,1,2026-09-05,,,2026-07-15 10:22:39.475000 UTC,2026-09-18 04:00:12.617000 UTC,2026-09-18 06:12:12.617000 UTC
HS-000881,SHP-177103,active,,,,sea,fcl,EU Imp,FOB,,,4,2026-08-26,,,2026-07-14 15:30:40.816000 UTC,2026-09-14 14:00:07.467000 UTC,2026-09-14 16:10:07.467000 UTC
HS-068287,SHP-106866,completed,,,,air,lcl,EU Imp,FOB,943,,,2026-07-08,,TRUE,2026-06-30 08:03:04.059000 UTC,2026-09-03 13:16:53.147000 UTC,2026-09-03 13:53:53.147000 UTC
HS-123248,SHP-182422,completed,,CREF-016023,,sea,lcl,EU Imp,FOB,,9.3002,,2026-06-29,,TRUE,2026-06-12 07:42:42.676000 UTC,2026-08-27 08:48:13.646000 UTC,2026-08-27 11:49:13.646000 UTC
HS-041247,SHP-186285,active,,,,sea,fcl,EU Imp,FOB,,,8,2026-08-14,,,2026-06-10 17:15:00.684000 UTC,2026-08-27 03:00:22.292000 UTC,2026-08-27 06:30:22.292000 UTC
HS-181194,SHP-069243,completed,,,,sea,fcl,EU Exp,CFR,,,2,2026-06-16,,,2026-05-26 10:33:08.621000 UTC,2026-09-16 08:29:49.665000 UTC,2026-09-16 11:57:49.665000 UTC
HS-179139,SHP-095216,completed,,CREF-063540,,rail,lcl,EU Imp,FOB,,3.2448,,2026-05-06,,TRUE,2026-05-12 08:36:01.317000 UTC,2026-06-17 10:41:39.089000 UTC,2026-06-17 11:15:39.089000 UTC
HS-067481,SHP-163196,completed,,,,air,lcl,EU Imp,EXW,672,,,2026-05-03,,TRUE,2026-04-24 00:55:53.309000 UTC,2026-06-02 09:44:22.932000 UTC,2026-06-02 11:00:22.932000 UTC
HS-111422,SHP-114952,completed,CBR-001171-0,CREF-065618,carrierConfirmed,sea,fcl,EU Exp,CFR,,,4,2026-04-30,,TRUE,2026-04-17 16:14:18.578000 UTC,2026-07-30 06:25:08.603000 UTC,2026-07-30 09:45:08.603000 UTC
HS-115463,SHP-212563,canceled,,CREF-140134,,sea,fcl,EU Exp,FCA_LW,,,8,2026-05-12,2026-04-28 12:37:31.429000 UTC,TRUE,2026-04-15 15:47:44.889000 UTC,2026-04-28 12:37:33.572000 UTC,2026-04-28 15:52:33.572000 UTC
HS-211396,SHP-167535,completed,,,,sea,fcl,EU Exp,CFR,,,14,2026-04-26,,,2026-04-10 10:00:03.015000 UTC,2026-07-19 10:27:38.262000 UTC,2026-07-19 13:00:38.262000 UTC
HS-095044,SHP-042532,canceled,,,,air,lcl,EU Imp,EXW,1180,,,2026-04-01,2026-03-27 12:34:52.713000 UTC,TRUE,2026-03-18 15:28:21.679000 UTC,2026-03-27 12:34:53.087000 UTC,2026-03-27 13:24:53.087000 UTC
HS-065055,SHP-008122,completed,CBR-002218-0,CREF-019260,shipment,sea,fcl,EU Exp,CFR,,,2,2026-03-29,,TRUE,2026-03-03 10:46:24.145000 UTC,2026-04-27 06:13:58.687000 UTC,2026-04-27 07:47:58.687000 UTC
HS-002956,SHP-193463,completed,,CREF-047467,,sea,lcl,EU Imp,FOB,,3.9982,,2026-02-20,,TRUE,2026-02-03 10:18:01.168000 UTC,2026-04-17 15:44:02.676000 UTC,2026-04-17 18:24:02.676000 UTC
HS-143900,SHP-206287,canceled,BKG-000735,,carrierConfirmed,sea,fcl,EU Imp,EXW,,,3,2026-02-20,2026-02-10 07:08:32.424000 UTC,TRUE,2026-02-03 08:18:39.386000 UTC,2026-02-10 07:08:32.445000 UTC,2026-02-10 08:29:32.445000 UTC
HS-084341,SHP-028493,completed,BKG-017617,CREF-136373,carrierConfirmed,sea,fcl,EU Imp,FOB,,,2,2026-02-19,,TRUE,2026-01-28 10:25:55.222000 UTC,2026-05-11 15:30:34.988000 UTC,2026-05-11 17:13:34.988000 UTC
HS-143628,SHP-082957,completed,,CREF-018518,,sea,lcl,EU Imp,FOB,,4.0402,,2026-01-31,,TRUE,2026-01-15 08:29:39.693000 UTC,2026-04-13 12:33:22.453000 UTC,2026-04-13 14:17:22.453000 UTC
HS-141466,SHP-102285,completed,,CREF-044694,,sea,lcl,EU Imp,FOB,,0.96,,2026-01-24,,TRUE,2026-01-13 12:05:20.413000 UTC,2026-03-17 07:32:08.708000 UTC,2026-03-17 09:10:08.708000 UTC
HS-173297,SHP-011031,completed,,,,air,lcl,EU Imp,FOB,560,,,2026-09-13,,TRUE,2026-09-09 08:48:24.427000 UTC,2026-09-17 14:28:44.373000 UTC,2026-09-17 15:48:44.373000 UTC
HS-009271,SHP-061799,active,,CREF-024399,,sea,lcl,EU Imp,FOB,,3.4445,,2026-09-17,,TRUE,2026-08-25 06:43:41.733000 UTC,2026-09-18 09:07:05.325000 UTC,2026-09-18 10:08:05.325000 UTC
HS-146316,SHP-026156,canceled,,CREF-122731,,rail,lcl,EU Imp,FCA_T,,10.2147,,2026-09-05,2026-08-31 07:05:33.766000 UTC,TRUE,2026-08-20 12:58:38.927000 UTC,2026-08-31 07:05:34.082000 UTC,2026-08-31 08:00:34.082000 UTC
HS-031179,SHP-148382,completed,,,,air,lcl,EU Imp,EXW,453.87,,,2026-08-11,,TRUE,2026-08-05 10:49:38.427000 UTC,2026-08-28 08:55:20.856000 UTC,2026-08-28 09:39:20.856000 UTC
HS-191957,SHP-084026,active,,,,sea,fcl,EU Imp,FOB,,,2,2026-09-03,,,2026-08-05 07:10:16.352000 UTC,2026-09-18 02:03:40.859000 UTC,2026-09-18 03:53:40.859000 UTC
HS-223860,SHP-027320,active,,,,sea,fcl,EU Imp,FOB,,,2,2026-08-19,,,2026-07-27 07:32:26.113000 UTC,2026-09-17 09:55:56.099000 UTC,2026-09-17 12:27:56.099000 UTC
HS-212638,SHP-087033,active,,,,sea,fcl,EU Exp,CIF,,,10,2026-08-04,,,2026-07-22 14:22:57.498000 UTC,2026-09-17 19:18:47.087000 UTC,2026-09-17 22:24:47.087000 UTC
HS-005695,SHP-061683,active,BKG-033933,CREF-117387,carrierConfirmed,sea,fcl,EU Imp,FOB,,,2,2026-08-16,,TRUE,2026-07-14 14:17:19.110000 UTC,2026-09-18 05:00:05.732000 UTC,2026-09-18 05:51:05.732000 UTC
HS-219236,SHP-017944,active,,CREF-105975,,sea,lcl,EU Imp,FOB,,7.2562,,2026-07-20,,TRUE,2026-07-02 10:04:08.426000 UTC,2026-09-18 12:38:07.362000 UTC,2026-09-18 12:49:07.362000 UTC
HS-071798,SHP-205650,active,,,,sea,fcl,EU Imp,FOB,,,2,2026-09-21,,,2026-06-30 10:32:35.537000 UTC,2026-09-17 13:26:00.623000 UTC,2026-09-17 16:26:00.623000 UTC
HS-150010,SHP-063665,active,,,,sea,fcl,EU Exp,CFR,,,2,2026-07-05,,,2026-06-25 08:07:18.938000 UTC,2026-09-16 15:03:24.109000 UTC,2026-09-16 18:20:24.109000 UTC
HS-169745,SHP-196292,completed,,CREF-157530,,sea,lcl,EU Imp,FOB,,6.2901,,2026-07-03,,TRUE,2026-06-16 10:13:53.310000 UTC,2026-08-27 13:23:12.321000 UTC,2026-08-27 16:13:12.321000 UTC
HS-103213,SHP-013249,active,BKG-022048,CREF-119547,carrierConfirmed,sea,fcl,EU Imp,FOB,,,1,2026-07-02,,TRUE,2026-06-15 16:18:05.003000 UTC,2026-09-17 11:08:38.958000 UTC,2026-09-17 14:49:38.958000 UTC
HS-086167,SHP-056857,active,,,,sea,fcl,EU Imp,FOB,,,8,2026-08-16,,,2026-06-15 16:15:15.472000 UTC,2026-09-17 19:44:58.752000 UTC,2026-09-17 22:31:58.752000 UTC
HS-013456,SHP-185535,completed,,,,air,lcl,EU Imp,EXW,57,,,2026-06-07,,TRUE,2026-06-02 07:43:57.936000 UTC,2026-06-30 09:27:48.730000 UTC,2026-06-30 09:44:48.730000 UTC
HS-211539,SHP-087332,canceled,,CREF-032271,,rail,lcl,EU Imp,FCA_T,,5.4086,,2026-06-24,2026-06-12 11:00:06.317000 UTC,TRUE,2026-06-02 06:11:12.302000 UTC,2026-06-12 11:00:07.477000 UTC,2026-06-12 12:14:07.477000 UTC
HS-131110,SHP-220300,completed,,CREF-061505,,rail,lcl,EU Imp,FOB,,9.508,,2026-06-18,,TRUE,2026-06-02 05:08:59.284000 UTC,2026-08-07 11:54:47.352000 UTC,2026-08-07 11:59:47.352000 UTC
HS-011007,SHP-092236,canceled,BKG-001444,CREF-115040,renomination,sea,fcl,EU Imp,FOB,,,2,2026-06-19,2026-06-22 08:46:44.168000 UTC,FALSE,2026-05-25 13:17:07.247000 UTC,2026-06-22 08:46:54.799000 UTC,2026-06-22 10:30:54.799000 UTC
HS-118459,SHP-001980,completed,,,,air,lcl,EU Imp,EXW,156,,,2026-05-28,,TRUE,2026-05-22 15:10:29.372000 UTC,2026-06-02 10:24:10.530000 UTC,2026-06-02 13:20:10.530000 UTC
HS-000203,SHP-088991,completed,,,,sea,fcl,EU Exp,CFR,,,2,2026-06-08,,,2026-05-22 14:29:32.521000 UTC,2026-07-31 07:26:36.115000 UTC,2026-07-31 09:48:36.115000 UTC
HS-116868,SHP-109907,canceled,CBR-011039-0,,carrierContacted,sea,fcl,EU Imp,CFR,,,2,2026-06-05,2026-06-05 03:15:29.316000 UTC,FALSE,2026-05-22 04:56:47.114000 UTC,2026-06-05 03:15:33.833000 UTC,2026-06-05 07:11:33.833000 UTC
HS-167593,SHP-064827,completed,,,,air,lcl,EU Exp,CPT,190,,,2026-05-24,,TRUE,2026-05-19 14:40:28.938000 UTC,2026-06-09 07:10:19.937000 UTC,2026-06-09 09:35:19.937000 UTC
HS-006564,SHP-137453,completed,CBR-001009-0,CREF-140177,carrierConfirmed,sea,fcl,EU Exp,CFR,,,1,2026-05-26,,TRUE,2026-05-18 09:53:21.806000 UTC,2026-08-10 11:42:35.485000 UTC,2026-08-10 15:12:35.485000 UTC
HS-163233,SHP-046438,completed,,,,sea,fcl,EU Imp,FOB,,,6,2026-06-27,,,2026-05-15 05:42:05.614000 UTC,2026-09-11 01:10:22.117000 UTC,2026-09-11 01:32:22.117000 UTC
HS-033498,SHP-074407,canceled,CBR-022656-0,,authorized,sea,fcl,EU Imp,CIF,,,2,2026-03-24,2026-04-16 09:56:27.657000 UTC,TRUE,2026-04-16 09:47:23.300000 UTC,2026-06-12 14:01:03.825000 UTC,2026-06-12 15:57:03.825000 UTC
HS-012625,SHP-210598,completed,,,,air,lcl,EU Imp,EXW,949.36,,,2026-04-21,,TRUE,2026-04-15 08:03:52.082000 UTC,2026-05-22 08:27:20.741000 UTC,2026-05-22 12:15:20.741000 UTC
HS-100744,SHP-212940,completed,,,,sea,fcl,EU Exp,CFR,,,2,2026-04-26,,,2026-04-13 10:10:30.368000 UTC,2026-07-19 17:24:40.583000 UTC,2026-07-19 20:43:40.583000 UTC
HS-116279,SHP-109372,completed,,,,air,lcl,EU Imp,EXW,3186.34,,,2026-04-14,,TRUE,2026-04-13 08:18:12.643000 UTC,2026-05-19 12:55:32.084000 UTC,2026-05-19 15:55:32.084000 UTC
HS-129222,SHP-209514,completed,,,,air,lcl,EU Exp,FOB,517,,,2026-04-02,,TRUE,2026-03-30 09:46:53.750000 UTC,2026-06-26 20:53:25.853000 UTC,2026-06-26 21:10:25.853000 UTC
HS-013280,SHP-049044,completed,,CREF-048552,,sea,lcl,EU Imp,FOB,,3.3046,,2026-04-01,,TRUE,2026-03-19 14:43:14.488000 UTC,2026-06-23 15:15:02.935000 UTC,2026-06-23 16:27:02.935000 UTC
HS-077043,SHP-169764,completed,,CREF-141374,,sea,fcl,EU Imp,EXW,,,2,2026-03-07,,TRUE,2026-02-26 10:31:15.545000 UTC,2026-04-16 13:30:59.828000 UTC,2026-04-16 16:41:59.828000 UTC
HS-196507,SHP-179869,canceled,,,,air,lcl,EU Exp,CPT,300,,,2026-03-02,2026-03-02 07:27:23.369000 UTC,TRUE,2026-02-25 07:43:56.996000 UTC,2026-03-02 07:27:23.864000 UTC,2026-03-02 09:40:23.864000 UTC
HS-111340,SHP-050925,completed,,,,air,lcl,EU Imp,EXW,632,,,2026-02-05,,TRUE,2026-02-02 11:12:26.862000 UTC,2026-04-01 12:10:48.269000 UTC,2026-04-01 12:58:48.269000 UTC
HS-217843,SHP-066361,completed,,CREF-091512,,sea,lcl,EU Imp,EXW,,8.624,,2026-03-06,,TRUE,2026-01-30 07:58:00.742000 UTC,2026-05-28 13:07:57.049000 UTC,2026-05-28 15:53:57.049000 UTC
HS-187645,SHP-058339,completed,,CREF-073710,,rail,lcl,EU Imp,FOB,,16.5902,,2026-02-11,,TRUE,2026-01-29 08:49:41.306000 UTC,2026-03-19 15:38:23.331000 UTC,2026-03-19 17:17:23.331000 UTC
HS-079151,SHP-054546,completed,,CREF-137119,,sea,lcl,EU Imp,FOB,,6.048,,2026-01-26,,TRUE,2026-01-16 08:37:00.204000 UTC,2026-05-06 08:49:44.688000 UTC,2026-05-06 09:19:44.688000 UTC
HS-098257,SHP-106013,active,,CREF-005027,,sea,fcl,EU Imp,CFR,,,12,2026-02-19,,TRUE,2026-01-06 03:10:09.788000 UTC,2026-02-20 19:45:48.505000 UTC,2026-02-20 21:45:48.505000 UTC
HS-164399,SHP-210327,completed,,CREF-135877,,sea,lcl,EU Imp,FOB,,0.7699,,2026-01-15,,TRUE,2025-12-12 13:14:09.247000 UTC,2026-05-18 13:19:36.784000 UTC,2026-05-18 17:14:36.784000 UTC
HS-134134,SHP-181563,canceled,CBR-013337-0,CREF-047959,shipment,sea,fcl,EU Exp,CFR,,,2,2026-01-08,2025-12-17 10:41:08.594000 UTC,TRUE,2025-11-11 15:17:19.582000 UTC,2025-12-17 10:41:09.186000 UTC,2025-12-17 11:45:09.186000 UTC
HS-031027,SHP-157524,active,,,,sea,fcl,EU Exp,CFR,,,10,2026-10-01,,,2026-09-14 06:44:32.643000 UTC,2026-09-18 14:08:44.569000 UTC,2026-09-18 14:15:44.569000 UTC
HS-204949,SHP-144515,active,,,,rail,lcl,EU Imp,FOB,,0.592,,2026-09-23,,TRUE,2026-09-10 11:02:10.824000 UTC,2026-09-11 06:28:15.120000 UTC,2026-09-11 09:09:15.120000 UTC
HS-111766,SHP-021609,active,,,,sea,fcl,EU Exp,CFR,,,2,2026-09-18,,,2026-09-07 07:55:47.601000 UTC,2026-09-18 12:01:29.338000 UTC,2026-09-18 14:52:29.338000 UTC
HS-217786,SHP-185759,completed,,,,air,lcl,EU Imp,FOB,748,,,2026-09-09,,TRUE,2026-09-01 12:08:36.592000 UTC,2026-09-18 06:37:40.461000 UTC,2026-09-18 10:34:40.461000 UTC
HS-165499,SHP-166459,active,,,,sea,fcl,EU Imp,FOB,,,2,2026-09-22,,,2026-08-31 11:56:13.692000 UTC,2026-09-02 10:57:38.902000 UTC,2026-09-02 14:08:38.902000 UTC
HS-150650,SHP-174788,active,,,,air,lcl,EU Imp,EXW,800.09,,,2026-08-31,,TRUE,2026-08-27 05:39:02.123000 UTC,2026-09-16 06:37:20.467000 UTC,2026-09-16 08:55:20.467000 UTC
HS-056101,SHP-090411,active,,,,sea,fcl,EU Imp,FOB,,,1,2026-09-22,,,2026-08-24 13:32:54.611000 UTC,2026-09-18 11:50:46.753000 UTC,2026-09-18 13:40:46.753000 UTC
HS-078035,SHP-179493,active,BKG-001033,CREF-162600,carrierConfirmed,sea,fcl,EU Imp,FOB,,,2,2026-09-07,,TRUE,2026-08-21 07:10:53.913000 UTC,2026-09-18 02:01:38.786000 UTC,2026-09-18 02:59:38.786000 UTC
HS-177062,SHP-140803,active,,,,rail,fcl,EU Imp,FOB,,,2,2026-09-23,,TRUE,2026-08-20 08:48:21.187000 UTC,2026-08-24 15:16:06.532000 UTC,2026-08-24 18:03:06.532000 UTC
HS-146889,SHP-036362,completed,,,,air,lcl,EU Imp,FOB,206,,,2026-08-29,,TRUE,2026-08-18 10:50:11.852000 UTC,2026-09-03 07:45:02.666000 UTC,2026-09-03 09:11:02.666000 UTC
HS-165879,SHP-174061,active,,CREF-115085,,sea,lcl,EU Imp,FOB,,6.8602,,2026-09-17,,TRUE,2026-08-10 12:57:46.344000 UTC,2026-09-17 15:37:05.058000 UTC,2026-09-17 17:49:05.058000 UTC
HS-019924,SHP-007067,active,,,,sea,fcl,EU Imp,FOB,,,4,2026-08-30,,,2026-08-10 10:58:55.539000 UTC,2026-09-17 19:00:32.275000 UTC,2026-09-17 21:06:32.275000 UTC
HS-206923,SHP-130915,active,,,,sea,fcl,EU Imp,FOB,,,6,2026-09-19,,,2026-08-10 06:56:57.331000 UTC,2026-09-18 14:10:58.697000 UTC,2026-09-18 15:36:58.697000 UTC
HS-161366,SHP-108381,completed,,,,air,lcl,EU Imp,EXW,336.2,,,2026-08-07,,TRUE,2026-08-04 07:23:53.762000 UTC,2026-08-28 08:49:15.237000 UTC,2026-08-28 12:03:15.237000 UTC
HS-037057,SHP-089797,completed,,,,sea,fcl,EU Exp,CIF,,,1,2026-08-14,,,2026-07-24 10:39:13.614000 UTC,2026-08-28 05:51:08.560000 UTC,2026-08-28 06:31:08.560000 UTC
HS-029534,SHP-169219,active,,,,sea,fcl,EU Exp,CFR,,,2,2026-08-11,,,2026-07-16 10:12:40.248000 UTC,2026-09-13 23:00:09.911000 UTC,2026-09-14 02:01:09.911000 UTC
HS-204524,SHP-192928,active,,CREF-163956,,sea,lcl,EU Imp,FOB,,1.5456,,2026-07-28,,TRUE,2026-07-15 08:09:19.607000 UTC,2026-09-12 21:31:06.968000 UTC,2026-09-13 00:28:06.968000 UTC
HS-137914,SHP-190362,completed,,,,air,lcl,EU Exp,EXW,245,,,2026-07-17,,TRUE,2026-07-13 12:23:01.127000 UTC,2026-08-14 11:49:46.464000 UTC,2026-08-14 13:16:46.464000 UTC
HS-198745,SHP-183080,completed,CBR-001708-0,CREF-128126,shipment,sea,fcl,EU Imp,CFR,,,2,2026-08-16,,TRUE,2026-07-13 09:54:21.773000 UTC,2026-08-20 16:21:54.502000 UTC,2026-08-20 16:37:54.502000 UTC
HS-049879,SHP-053639,active,,,,sea,fcl,EU Imp,FOB,,,6,2026-08-31,,,2026-06-30 14:55:35.491000 UTC,2026-09-10 17:00:44.306000 UTC,2026-09-10 17:20:44.306000 UTC
HS-109449,SHP-172217,completed,,,,sea,fcl,EU Exp,FCA_LW,,,4,2026-07-14,,,2026-06-30 07:10:52.220000 UTC,2026-08-13 06:52:55.097000 UTC,2026-08-13 07:04:55.097000 UTC
HS-171560,SHP-039674,completed,,,,sea,fcl,EU Exp,CPT,,,2,2026-06-25,,,2026-06-10 06:28:04.080000 UTC,2026-07-13 05:30:41.710000 UTC,2026-07-13 09:00:41.710000 UTC
HS-054466,SHP-217217,active,,,,sea,fcl,EU Imp,FOB,,,1,2026-08-27,,,2026-06-08 10:15:28.110000 UTC,2026-09-17 14:00:31.596000 UTC,2026-09-17 17:51:31.596000 UTC
HS-036149,SHP-069541,completed,BKG-008640,CREF-079817,carrierConfirmed,sea,fcl,EU Imp,FOB,,,1,2026-06-23,,TRUE,2026-05-29 06:56:02.265000 UTC,2026-08-24 12:51:10.115000 UTC,2026-08-24 16:33:10.115000 UTC
HS-153347,SHP-088814,canceled,BKG-033773,,authorized,sea,fcl,EU Exp,EXW,,,1,2026-05-20,2026-09-17 07:10:19.100000 UTC,FALSE,2026-05-20 10:57:55.789000 UTC,2026-09-17 07:10:27.575000 UTC,2026-09-17 08:45:27.575000 UTC
HS-171122,SHP-075603,completed,,,,air,lcl,EU Imp,EXW,353.39,,,2026-05-11,,TRUE,2026-05-06 07:58:14.192000 UTC,2026-06-01 11:24:22.068000 UTC,2026-06-01 14:36:22.068000 UTC
HS-201701,SHP-100332,completed,,,,air,lcl,EU Imp,EXW,689.21,,,2026-05-08,,TRUE,2026-05-05 05:40:09.998000 UTC,2026-05-15 11:03:00.673000 UTC,2026-05-15 11:56:00.673000 UTC
HS-057908,SHP-142994,canceled,,CREF-118458,,rail,fcl,EU Imp,FOB,,,4,2026-03-25,2026-04-21 07:31:44.174000 UTC,TRUE,2026-03-17 07:43:12.973000 UTC,2026-04-21 07:31:45.329000 UTC,2026-04-21 11:28:45.329000 UTC
HS-012190,SHP-073851,completed,,CREF-097694,,sea,lcl,EU Imp,FOB,,3.402,,2026-04-02,,TRUE,2026-03-16 15:24:55.727000 UTC,2026-06-08 08:22:47.735000 UTC,2026-06-08 10:38:47.735000 UTC
HS-067201,SHP-097605,completed,,,,rail,fcl,EU Imp,CFR,,,2,2026-02-09,,TRUE,2026-03-16 12:57:12.486000 UTC,2026-03-18 11:50:26.153000 UTC,2026-03-18 13:52:26.153000 UTC
HS-063663,SHP-045069,completed,,CREF-030760,,sea,lcl,EU Imp,FOB,,1.7107,,2026-03-30,,TRUE,2026-03-09 14:26:15.549000 UTC,2026-06-02 10:20:08.932000 UTC,2026-06-02 12:50:08.932000 UTC
HS-137391,SHP-202745,canceled,,CREF-154541,,sea,fcl,EU Imp,FOB,,,12,2026-02-14,2026-02-11 08:04:34.224000 UTC,TRUE,2026-01-20 12:03:31.206000 UTC,2026-02-17 02:07:48.774000 UTC,2026-02-17 05:22:48.774000 UTC
HS-161451,SHP-204423,completed,BKG-009852,CREF-135051,carrierConfirmed,sea,fcl,EU Imp,FOB,,,1,2026-02-01,,TRUE,2026-01-20 07:44:43.978000 UTC,2026-04-02 15:14:05.976000 UTC,2026-04-02 16:56:05.976000 UTC
HS-065010,SHP-109008,completed,,CREF-080992,,sea,lcl,EU Imp,FOB,,7.08,,2026-01-26,,TRUE,2026-01-15 13:27:49.221000 UTC,2026-04-20 05:06:11.201000 UTC,2026-04-20 07:41:11.201000 UTC
HS-076780,SHP-208574,completed,,,,air,lcl,EU Imp,CPT,3129,,,2026-01-03,,TRUE,2026-01-05 12:07:11.622000 UTC,2026-02-04 14:47:46.409000 UTC,2026-02-04 18:03:46.409000 UTC
HS-119411,SHP-189981,active,,,,sea,fcl,EU Imp,FOB,,,5,2026-10-01,,,2026-08-31 07:56:11.530000 UTC,2026-09-16 01:22:44.030000 UTC,2026-09-16 01:39:44.030000 UTC
HS-177251,SHP-119590,active,CBR-032720-0,CREF-060187,carrierConfirmed,sea,fcl,EU Imp,FOB,,,2,2026-09-06,,TRUE,2026-08-19 06:41:46.897000 UTC,2026-09-18 07:40:28.656000 UTC,2026-09-18 09:13:28.656000 UTC
HS-059516,SHP-066475,active,,CREF-145814,,sea,lcl,EU Imp,FOB,,8.67,,2026-09-13,,TRUE,2026-08-17 14:46:04.465000 UTC,2026-09-18 10:27:38.749000 UTC,2026-09-18 13:03:38.749000 UTC
HS-101389,SHP-139798,completed,,,,sea,fcl,EU Exp,CFR,,,2,2026-08-30,,,2026-08-13 06:38:41.526000 UTC,2026-09-15 06:40:33.333000 UTC,2026-09-15 09:35:33.333000 UTC
HS-025736,SHP-056400,completed,,,,air,lcl,EU Imp,EXW,976,,,2026-09-11,,TRUE,2026-08-11 09:37:08.063000 UTC,2026-09-16 06:55:52.044000 UTC,2026-09-16 07:34:52.044000 UTC
HS-166721,SHP-151178,completed,CBR-008319-0,CREF-081532,shipment,sea,fcl,EU Imp,CIF,,,2,2026-07-30,,TRUE,2026-07-31 13:05:10.227000 UTC,2026-08-11 05:59:59.291000 UTC,2026-08-11 08:52:59.291000 UTC
HS-218015,SHP-000054,active,,,,sea,fcl,EU Imp,FOB,,,1,2026-08-15,,,2026-07-31 12:55:05.850000 UTC,2026-09-17 23:28:05.204000 UTC,2026-09-18 01:46:05.204000 UTC
HS-114109,SHP-160665,active,,,,sea,fcl,EU Exp,FCA_LW,,,2,2026-09-10,,,2026-07-27 08:05:20.070000 UTC,2026-09-15 15:38:52.810000 UTC,2026-09-15 19:22:52.810000 UTC
HS-137696,SHP-132271,completed,,,,air,lcl,EU Imp,FOB,546,,,2026-07-30,,TRUE,2026-07-22 11:29:14.863000 UTC,2026-09-15 09:34:42.391000 UTC,2026-09-15 11:38:42.391000 UTC
HS-083043,SHP-132165,completed,,,,sea,fcl,EU Exp,FCA_LW,,,2,2026-08-15,,,2026-07-22 07:32:16.988000 UTC,2026-09-04 09:17:51.251000 UTC,2026-09-04 12:05:51.251000 UTC
HS-206769,SHP-203460,active,,,,sea,fcl,EU Imp,FOB,,,2,2026-09-07,,,2026-07-22 06:56:22.442000 UTC,2026-09-17 17:00:08.335000 UTC,2026-09-17 17:27:08.335000 UTC
HS-053906,SHP-162100,active,,CREF-078117,,sea,lcl,EU Imp,FOB,,3.2202,,2026-08-04,,TRUE,2026-07-17 02:38:15.012000 UTC,2026-09-17 05:00:35.221000 UTC,2026-09-17 07:54:35.221000 UTC
HS-133615,SHP-109324,active,,CREF-152200,,sea,lcl,EU Imp,FOB,,2.5056,,2026-08-08,,TRUE,2026-07-14 11:14:54.660000 UTC,2026-09-17 12:15:10.783000 UTC,2026-09-17 13:55:10.783000 UTC
HS-062345,SHP-089090,canceled,,,,sea,fcl,EU Exp,CFR,,,2,2026-07-24,2026-07-15 13:00:40.077000 UTC,,2026-07-10 11:21:05.289000 UTC,2026-07-15 13:06:52.604000 UTC,2026-07-15 16:23:52.604000 UTC
HS-115282,SHP-178875,active,,CREF-015929,,sea,lcl,EU Imp,FOB,,0.2511,,2026-08-03,,TRUE,2026-07-09 08:07:10.976000 UTC,2026-09-18 11:46:22.174000 UTC,2026-09-18 12:46:22.174000 UTC
HS-012737,SHP-146243,completed,,CREF-093685,,sea,lcl,EU Imp,FOB,,2.832,,2026-07-19,,TRUE,2026-07-06 07:02:10.920000 UTC,2026-09-16 11:35:38.419000 UTC,2026-09-16 14:07:38.419000 UTC
HS-014982,SHP-163981,completed,CBR-013405-0,CREF-138077,carrierConfirmed,sea,fcl,EU Exp,CFR,,,1,2026-06-29,,TRUE,2026-06-10 09:29:45.242000 UTC,2026-08-19 05:52:45.779000 UTC,2026-08-19 07:51:45.779000 UTC
HS-123549,SHP-121968,completed,,CREF-050777,,sea,lcl,EU Imp,FOB,,4.098,,2026-06-15,,TRUE,2026-06-02 12:13:07.866000 UTC,2026-09-02 13:38:50.572000 UTC,2026-09-02 14:27:50.572000 UTC
HS-010539,SHP-088204,completed,BKG-017531,CREF-141051,carrierConfirmed,sea,fcl,EU Imp,FOB,,,2,2026-07-10,,TRUE,2026-05-29 14:17:32.946000 UTC,2026-09-11 01:13:44.732000 UTC,2026-09-11 02:39:44.732000 UTC
HS-159210,SHP-203195,completed,,CREF-065364,,rail,lcl,EU Imp,FOB,,0.2799,,2026-05-29,,TRUE,2026-05-15 09:58:24.884000 UTC,2026-07-10 06:22:20.905000 UTC,2026-07-10 10:09:20.905000 UTC
HS-034090,SHP-066743,canceled,CBR-004477-0,,shipment,sea,fcl,EU Imp,CIF,,,2,2026-03-30,2026-04-15 13:10:53.071000 UTC,TRUE,2026-04-15 13:10:21.858000 UTC,2026-06-12 14:04:08.844000 UTC,2026-06-12 17:53:08.844000 UTC
HS-023922,SHP-217048,canceled,BKG-010042,,nominated,sea,fcl,EU Imp,FOB,,,2,2026-04-29,2026-04-28 07:37:22.408000 UTC,FALSE,2026-04-10 07:41:23.871000 UTC,2026-07-14 11:45:38.551000 UTC,2026-07-14 12:44:38.551000 UTC
HS-178324,SHP-014942,completed,,CREF-001703,,sea,lcl,EU Imp,FOB,,7.8596,,2026-04-23,,TRUE,2026-04-01 09:41:25.623000 UTC,2026-06-26 14:07:30.738000 UTC,2026-06-26 15:34:30.738000 UTC
HS-143939,SHP-117016,completed,,CREF-144297,,sea,lcl,EU Imp,FOB,,5.5215,,2026-03-26,,TRUE,2026-03-04 09:59:03.812000 UTC,2026-06-02 16:48:08.354000 UTC,2026-06-02 17:07:08.354000 UTC
HS-067340,SHP-160148,completed,,,,air,lcl,EU Imp,FCA_T,6707.06,,,2026-03-07,,TRUE,2026-03-02 10:54:23.459000 UTC,2026-04-28 14:23:26.034000 UTC,2026-04-28 16:21:26.034000 UTC
HS-012951,SHP-073931,canceled,,,,sea,fcl,EU Exp,CFR,,,16,2026-02-11,2026-02-19 15:48:15.241000 UTC,TRUE,2026-02-05 15:07:55.801000 UTC,2026-02-19 15:48:17.735000 UTC,2026-02-19 19:14:17.735000 UTC
HS-014014,SHP-047920,canceled,CBR-018624-0,CREF-125495,shipment,sea,fcl,EU Exp,CFR,,,2,2026-03-11,2026-02-24 10:18:40.979000 UTC,FALSE,2026-02-05 12:36:04.179000 UTC,2026-02-24 10:18:41.664000 UTC,2026-02-24 13:49:41.664000 UTC
HS-218085,SHP-167674,completed,,CREF-041377,,sea,lcl,EU Imp,FOB,,8.9605,,2026-01-30,,TRUE,2026-01-09 10:29:05.915000 UTC,2026-04-20 05:06:09.860000 UTC,2026-04-20 07:13:09.860000 UTC
HS-073417,SHP-207350,completed,,CREF-012146,,rail,lcl,EU Imp,EXW,,26.9998,,2026-01-31,,TRUE,2026-01-08 15:00:07.769000 UTC,2026-03-06 14:39:16.514000 UTC,2026-03-06 17:26:16.514000 UTC
HS-054904,SHP-193516,active,,,,sea,lcl,EU Imp,FOB,,2.7264,,2026-10-06,,TRUE,2026-09-16 10:14:03.959000 UTC,2026-09-17 05:20:37.291000 UTC,2026-09-17 06:41:37.291000 UTC
HS-016937,SHP-083530,active,,,,sea,fcl,EU Imp,FOB,,,2,2026-09-20,,,2026-08-26 08:07:30.799000 UTC,2026-09-18 11:54:42.950000 UTC,2026-09-18 12:52:42.950000 UTC
HS-021980,SHP-040765,completed,,,,sea,fcl,EU Exp,CFR,,,20,2026-08-09,,,2026-07-31 05:59:56.555000 UTC,2026-08-31 06:48:35.009000 UTC,2026-08-31 07:46:35.009000 UTC
HS-220110,SHP-176531,active,,,,sea,fcl,EU Imp,FOB,,,1,2026-09-19,,,2026-07-30 11:59:43.726000 UTC,2026-09-18 09:13:14.689000 UTC,2026-09-18 09:49:14.689000 UTC
HS-006569,SHP-066348,completed,,,,air,lcl,EU Imp,EXW,509,,,2026-08-07,,TRUE,2026-07-29 07:13:02.714000 UTC,2026-08-25 10:48:35.760000 UTC,2026-08-25 11:00:35.760000 UTC
HS-051761,SHP-015530,active,,,,sea,lcl,EU Imp,FOB,,10.2997,,2026-08-14,,TRUE,2026-07-28 09:09:12.225000 UTC,2026-08-11 04:07:07.149000 UTC,2026-08-11 04:35:07.149000 UTC
HS-222777,SHP-195171,completed,,,,air,lcl,EU Exp,DAP,1084.5,,,2026-07-31,,TRUE,2026-07-21 13:46:37.325000 UTC,2026-08-28 08:13:46.343000 UTC,2026-08-28 10:59:46.343000 UTC
HS-094773,SHP-101414,active,,,,sea,fcl,EU Imp,FOB,,,6,2026-09-06,,,2026-07-21 01:38:44.561000 UTC,2026-09-14 11:36:17.783000 UTC,2026-09-14 12:01:17.783000 UTC
HS-006638,SHP-138437,active,,CREF-022410,,rail,lcl,EU Imp,FCA_T,,13.2581,,2026-08-18,,TRUE,2026-07-20 09:36:08.303000 UTC,2026-09-18 07:16:02.348000 UTC,2026-09-18 09:08:02.348000 UTC
HS-175638,SHP-170649,active,,,,sea,fcl,EU Imp,FOB,,,1,2026-09-22,,,2026-07-14 15:37:42.604000 UTC,2026-09-17 18:50:45.310000 UTC,2026-09-17 22:03:45.310000 UTC
HS-094296,SHP-196385,completed,,CREF-026422,,sea,lcl,EU Imp,FOB,,7.461,,2026-06-30,,TRUE,2026-06-16 14:03:02.970000 UTC,2026-09-02 15:51:13.926000 UTC,2026-09-02 17:49:13.926000 UTC
HS-216488,SHP-026808,completed,,,,sea,fcl,EU Exp,DAP,,,2,2026-07-17,,,2026-06-09 13:03:24.446000 UTC,2026-08-20 18:40:52.981000 UTC,2026-08-20 20:29:52.981000 UTC
HS-201261,SHP-189745,completed,,,,air,lcl,EU Imp,FCA_T,336,,,2026-06-19,,TRUE,2026-06-09 08:44:26.768000 UTC,2026-07-07 14:26:03.465000 UTC,2026-07-07 17:37:03.465000 UTC
HS-100658,SHP-080284,completed,,CREF-141428,,rail,lcl,EU Imp,FOB,,34.416,,2026-05-29,,TRUE,2026-05-15 14:10:11.895000 UTC,2026-07-07 08:21:13.652000 UTC,2026-07-07 09:45:13.652000 UTC
HS-206095,SHP-020290,completed,,,,air,lcl,CrossT,EXW,3,,,2026-05-23,,TRUE,2026-05-15 11:02:47.900000 UTC,2026-06-30 09:35:20.658000 UTC,2026-06-30 11:17:20.658000 UTC
HS-200914,SHP-217294,completed,,,,sea,fcl,EU Exp,FOB,,,4,2026-05-10,,,2026-04-21 09:33:14.418000 UTC,2026-06-29 06:44:01.459000 UTC,2026-06-29 06:50:01.459000 UTC
HS-014068,SHP-101171,completed,BKG-023420,CREF-096686,carrierConfirmed,sea,fcl,EU Imp,FOB,,,2,2026-04-27,,TRUE,2026-04-07 08:02:24.158000 UTC,2026-07-23 13:09:34.403000 UTC,2026-07-23 14:50:34.403000 UTC
HS-022521,SHP-005538,completed,,CREF-116441,,sea,lcl,EU Imp,FOB,,7.03,,2026-05-18,,TRUE,2026-04-01 09:19:29.705000 UTC,2026-07-16 08:40:29.855000 UTC,2026-07-16 11:45:29.855000 UTC
HS-188233,SHP-179623,completed,,CREF-142770,,sea,fcl,EU Exp,CFR,,,8,2026-04-16,,TRUE,2026-03-19 17:23:08.826000 UTC,2026-05-26 10:35:27.011000 UTC,2026-05-26 12:26:27.011000 UTC
HS-216582,SHP-008605,completed,,CREF-143744,,sea,fcl,EU Imp,CIF,,,2,2026-02-25,,TRUE,2026-02-20 10:56:29.492000 UTC,2026-03-05 11:56:15.116000 UTC,2026-03-05 13:08:15.116000 UTC
HS-013425,SHP-092337,active,,CREF-147083,,sea,fcl,EU Exp,CFR,,,1,2026-03-05,,TRUE,2026-02-10 11:22:15.371000 UTC,2026-03-26 06:21:52.905000 UTC,2026-03-26 09:56:52.905000 UTC
HS-125754,SHP-022632,canceled,,,,sea,lcl,EU Imp,FOB,,2.5254,,2026-01-01,2025-12-22 07:53:47.637000 UTC,TRUE,2025-12-15 16:38:28.237000 UTC,2025-12-22 07:53:47.948000 UTC,2025-12-22 10:19:47.948000 UTC
HS-117605,SHP-016827,active,,,,air,lcl,EU Imp,EXW,677.38,,,2026-09-22,,TRUE,2026-09-17 07:37:45.012000 UTC,2026-09-18 07:50:35.713000 UTC,2026-09-18 10:15:35.713000 UTC
HS-124440,SHP-169878,active,,,,sea,lcl,EU Imp,FOB,,4.4928,,2026-09-27,,TRUE,2026-09-15 07:50:17.960000 UTC,2026-09-18 06:37:26.970000 UTC,2026-09-18 06:46:26.970000 UTC
HS-044015,SHP-089649,canceled,CBR-014734-0,,renomination,sea,fcl,EU Imp,FOB,,,6,2026-09-10,2026-08-31 14:52:48.322000 UTC,FALSE,2026-08-31 08:10:22.224000 UTC,2026-08-31 14:53:02.070000 UTC,2026-08-31 16:42:02.070000 UTC
HS-147051,SHP-059095,canceled,,,,sea,fcl,EU Exp,CFR,,,46,2026-09-21,2026-09-01 06:22:56.632000 UTC,,2026-08-28 08:31:01.443000 UTC,2026-09-01 06:23:40.585000 UTC,2026-09-01 09:23:40.585000 UTC
HS-111402,SHP-191702,active,,,,sea,fcl,EU Imp,FOB,,,2,2026-09-27,,,2026-08-26 07:36:54.452000 UTC,2026-09-18 12:05:42.867000 UTC,2026-09-18 15:38:42.867000 UTC
HS-071479,SHP-027448,active,,,,sea,fcl,EU Imp,FOB,,,2,2026-10-07,,,2026-08-25 08:04:15.681000 UTC,2026-09-18 06:41:39.581000 UTC,2026-09-18 09:42:39.581000 UTC
HS-117722,SHP-209116,active,,,,air,lcl,EU Imp,FOB,3914.67,,,2026-09-13,,TRUE,2026-08-24 15:18:33.575000 UTC,2026-09-17 07:45:46.142000 UTC,2026-09-17 11:13:46.142000 UTC
HS-020329,SHP-127609,active,,,,sea,fcl,EU Exp,EXW,,,2,2026-09-12,,,2026-08-18 16:57:21.205000 UTC,2026-09-15 16:18:37.524000 UTC,2026-09-15 17:02:37.524000 UTC
HS-194332,SHP-002819,completed,,,,air,lcl,EU Imp,CPT,5621.8,,,2026-08-18,,TRUE,2026-08-18 15:45:59.440000 UTC,2026-08-28 09:01:18.686000 UTC,2026-08-28 10:20:18.686000 UTC
HS-106699,SHP-032137,active,,CREF-121104,,sea,lcl,EU Imp,FOB,,1,,2026-09-08,,TRUE,2026-08-18 15:00:20.199000 UTC,2026-09-17 21:42:40.295000 UTC,2026-09-18 00:38:40.295000 UTC
HS-134847,SHP-061373,active,,CREF-072138,,sea,lcl,EU Imp,FOB,,15.179,,2026-08-24,,TRUE,2026-08-13 08:31:17.609000 UTC,2026-09-17 08:57:38.335000 UTC,2026-09-17 10:03:38.335000 UTC
HS-143146,SHP-002071,active,,,,sea,fcl,EU Exp,CFR,,,2,2026-09-08,,,2026-08-13 06:43:45.505000 UTC,2026-09-18 10:50:06.005000 UTC,2026-09-18 14:40:06.005000 UTC
HS-209859,SHP-065073,active,,CREF-133161,,rail,lcl,EU Imp,FCA_T,,2.4998,,2026-08-28,,TRUE,2026-08-11 07:06:30.507000 UTC,2026-09-17 14:49:32.527000 UTC,2026-09-17 16:29:32.527000 UTC
HS-078585,SHP-146226,active,,,,sea,fcl,EU Imp,FOB,,,1,2026-09-07,,,2026-08-06 06:50:12.410000 UTC,2026-09-18 03:00:11.020000 UTC,2026-09-18 06:10:11.020000 UTC
HS-078311,SHP-030227,completed,,CREF-079607,,sea,lcl,EU Exp,CFR,,3.264,,2026-08-23,,TRUE,2026-08-05 09:10:32.780000 UTC,2026-09-15 08:17:02.361000 UTC,2026-09-15 11:38:02.361000 UTC
HS-012545,SHP-179603,active,,,,sea,fcl,EU Exp,FOB,,,1,2026-08-26,,,2026-08-05 08:19:26.124000 UTC,2026-09-09 14:00:28.020000 UTC,2026-09-09 15:15:28.020000 UTC
HS-003420,SHP-069180,completed,,,,air,lcl,EU Imp,EXW,163.06,,,2026-08-08,,TRUE,2026-07-30 04:22:31.503000 UTC,2026-09-16 10:20:58.471000 UTC,2026-09-16 13:17:58.471000 UTC
HS-173232,SHP-133315,active,,,,sea,fcl,EU Imp,FOB,,,6,2026-08-10,,,2026-07-28 11:39:50.299000 UTC,2026-09-03 20:00:19.861000 UTC,2026-09-03 23:50:19.861000 UTC
HS-129598,SHP-193216,completed,,,,air,lcl,EU Imp,FOB,1912,,,2026-08-11,,TRUE,2026-07-27 12:19:34.566000 UTC,2026-08-28 08:16:36.198000 UTC,2026-08-28 11:50:36.198000 UTC
HS-184256,SHP-163691,active,,,,sea,fcl,EU Imp,FOB,,,5,2026-08-23,,,2026-07-22 10:05:32.997000 UTC,2026-09-18 12:00:12.973000 UTC,2026-09-18 13:09:12.973000 UTC
HS-031722,SHP-009421,active,,,,sea,fcl,EU Imp,FOB,,,5,2026-08-18,,,2026-07-22 10:04:28.660000 UTC,2026-09-03 20:00:18.201000 UTC,2026-09-03 23:22:18.201000 UTC
HS-090209,SHP-091617,completed,,,,air,lcl,EU Imp,DAP,178,,,2026-07-12,,TRUE,2026-07-08 13:14:49.453000 UTC,2026-09-02 14:29:47.628000 UTC,2026-09-02 18:04:47.628000 UTC
HS-038548,SHP-044898,completed,,,,air,lcl,EU Exp,CPT,1400,,,2026-07-10,,TRUE,2026-07-02 08:41:33.009000 UTC,2026-08-14 11:39:59.145000 UTC,2026-08-14 12:59:59.145000 UTC
HS-205847,SHP-070257,completed,,,,air,lcl,EU Imp,FOB,430.37,,,2026-06-26,,TRUE,2026-06-24 07:22:49.854000 UTC,2026-07-27 13:12:13.001000 UTC,2026-07-27 17:11:13.001000 UTC
HS-140461,SHP-058155,completed,,,,sea,fcl,EU Imp,FOB,,,2,2026-06-26,,,2026-05-27 12:03:55.154000 UTC,2026-08-17 07:56:03.658000 UTC,2026-08-17 08:08:03.658000 UTC
HS-211620,SHP-172221,completed,,,,air,lcl,EU Imp,EXW,41.43,,,2026-06-03,,TRUE,2026-05-19 12:41:48.591000 UTC,2026-07-13 07:52:58.563000 UTC,2026-07-13 10:11:58.563000 UTC
HS-076768,SHP-176538,completed,,CREF-118886,,sea,lcl,EU Imp,CIF,,17.0001,,2026-05-19,,TRUE,2026-05-04 12:26:04.225000 UTC,2026-08-29 15:03:55.671000 UTC,2026-08-29 16:56:55.671000 UTC
HS-064210,SHP-145116,completed,,CREF-142533,,sea,lcl,EU Imp,FOB,,5.6203,,2026-05-20,,TRUE,2026-04-30 10:55:47.814000 UTC,2026-08-11 15:16:52.838000 UTC,2026-08-11 15:45:52.838000 UTC
HS-148948,SHP-112843,completed,,,,air,lcl,EU Exp,CPT,3213,,,2026-04-18,,TRUE,2026-04-16 09:08:52.454000 UTC,2026-05-19 09:11:00.366000 UTC,2026-05-19 10:25:00.366000 UTC
HS-152571,SHP-054300,completed,,CREF-087395,,sea,lcl,EU Imp,FOB,,9.8356,,2026-04-30,,TRUE,2026-04-13 08:25:03.343000 UTC,2026-07-23 14:01:54.855000 UTC,2026-07-23 16:19:54.855000 UTC
HS-058674,SHP-062402,completed,,,,rail,fcl,EU Imp,CFR,,,2,2026-03-16,,TRUE,2026-04-02 14:46:47.149000 UTC,2026-07-23 14:10:54.761000 UTC,2026-07-23 14:20:54.761000 UTC
HS-131619,SHP-088191,completed,,,,air,lcl,EU Imp,FOB,3711,,,2026-03-25,,TRUE,2026-03-13 10:41:16.137000 UTC,2026-03-31 13:35:27.131000 UTC,2026-03-31 17:19:27.131000 UTC
HS-217547,SHP-020791,canceled,,,,rail,fcl,EU Imp,FOB,,,2,2026-04-07,2026-03-23 07:57:11.734000 UTC,TRUE,2026-03-12 12:17:12.541000 UTC,2026-03-23 07:57:12.696000 UTC,2026-03-23 09:24:12.696000 UTC
HS-138745,SHP-190845,completed,,,,air,lcl,EU Imp,EXW,224,,,2026-03-05,,TRUE,2026-03-02 07:46:46.334000 UTC,2026-03-30 13:08:31.553000 UTC,2026-03-30 14:54:31.553000 UTC
HS-198240,SHP-158041,canceled,,,,rail,fcl,EU Imp,FOB,,,2,2026-03-14,2026-03-11 11:37:06.447000 UTC,TRUE,2026-02-25 12:43:16.680000 UTC,2026-03-11 11:37:07.030000 UTC,2026-03-11 11:47:07.030000 UTC
HS-115634,SHP-135285,completed,,CREF-120521,,sea,lcl,EU Imp,EXW,,9.37,,2026-02-28,,TRUE,2026-02-16 17:56:18.905000 UTC,2026-06-02 16:49:22.422000 UTC,2026-06-02 19:02:22.422000 UTC
HS-060593,SHP-046022,completed,BKG-013184,CREF-005618,carrierConfirmed,sea,fcl,EU Imp,FOB,,,4,2026-03-05,,TRUE,2026-02-10 13:27:57.598000 UTC,2026-07-03 11:42:10.510000 UTC,2026-07-03 14:54:10.510000 UTC
HS-152661,SHP-108012,canceled,,,,sea,fcl,EU Exp,CFR,,,2,2026-02-24,2026-02-10 10:53:09.755000 UTC,TRUE,2026-02-02 11:51:08.308000 UTC,2026-02-10 10:53:10.340000 UTC,2026-02-10 13:43:10.340000 UTC
HS-140267,SHP-143633,completed,,CREF-097303,,sea,lcl,EU Imp,FOB,,9.9998,,2026-02-12,,TRUE,2026-01-30 06:45:11.539000 UTC,2026-04-08 08:55:47.187000 UTC,2026-04-08 12:43:47.187000 UTC
HS-187922,SHP-209333,completed,,,,air,lcl,EU Imp,EXW,1059.03,,,2026-01-11,,TRUE,2026-01-08 03:48:43.243000 UTC,2026-01-29 13:37:06.059000 UTC,2026-01-29 16:16:06.059000 UTC
HS-080762,SHP-133195,active,,,,air,lcl,EU Imp,EXW,712.8,,,2026-09-18,,TRUE,2026-09-16 07:29:29.200000 UTC,2026-09-18 08:24:27.262000 UTC,2026-09-18 11:23:27.262000 UTC
HS-154780,SHP-161747,active,,,,air,lcl,EU Imp,EXW,491.42,,,2026-09-18,,TRUE,2026-09-14 03:06:16.358000 UTC,2026-09-17 09:17:10.212000 UTC,2026-09-17 10:53:10.212000 UTC
HS-151637,SHP-175718,completed,,,,air,lcl,EU Imp,EXW,146,,,2026-09-07,,TRUE,2026-09-02 10:52:40.486000 UTC,2026-09-15 06:54:26.831000 UTC,2026-09-15 10:48:26.831000 UTC
HS-135911,SHP-099696,active,,,,sea,fcl,EU Exp,EXW,,,4,2026-09-10,,,2026-09-02 07:46:47.950000 UTC,2026-09-16 20:00:21.161000 UTC,2026-09-16 20:35:21.161000 UTC
HS-126527,SHP-166240,active,,,,sea,fcl,EU Exp,CFR,,,2,2026-09-09,,,2026-08-09 18:30:46.466000 UTC,2026-09-18 12:07:45.818000 UTC,2026-09-18 12:30:45.818000 UTC
HS-091966,SHP-208619,active,,,,sea,fcl,EU Imp,FOB,,,2,2026-09-27,,,2026-08-06 08:20:54.633000 UTC,2026-09-17 12:10:25.113000 UTC,2026-09-17 13:18:25.113000 UTC
HS-104489,SHP-112571,active,,CREF-015609,,rail,lcl,EU Imp,EXW,,24.96,,2026-08-26,,TRUE,2026-07-30 11:24:23.116000 UTC,2026-08-28 07:12:30.235000 UTC,2026-08-28 07:33:30.235000 UTC
HS-105669,SHP-106641,canceled,,,,sea,fcl,EU Imp,FOB,,,1,2026-08-28,2026-09-01 09:25:19.429000 UTC,,2026-07-23 06:49:51.143000 UTC,2026-09-01 09:25:22.917000 UTC,2026-09-01 10:58:22.917000 UTC
HS-154387,SHP-126414,completed,,,,air,lcl,EU Imp,EXW,203,,,2026-07-15,,TRUE,2026-07-09 08:45:24.348000 UTC,2026-08-04 08:07:55.573000 UTC,2026-08-04 09:38:55.573000 UTC
HS-057788,SHP-024710,active,,CREF-013458,,sea,lcl,EU Imp,FOB,,25.6052,,2026-08-07,,TRUE,2026-07-07 08:28:02.717000 UTC,2026-09-17 23:17:38.348000 UTC,2026-09-18 02:18:38.348000 UTC
HS-148057,SHP-051136,completed,,CREF-013830,,rail,lcl,EU Imp,FOB,,3.697,,2026-07-18,,TRUE,2026-07-07 07:40:38.899000 UTC,2026-08-31 11:31:48.177000 UTC,2026-08-31 12:02:48.177000 UTC
HS-196305,SHP-053216,completed,,CREF-046526,,sea,lcl,EU Imp,FOB,,1.866,,2026-07-03,,TRUE,2026-06-17 13:36:51.823000 UTC,2026-09-02 08:11:08.156000 UTC,2026-09-02 11:57:08.156000 UTC
HS-156214,SHP-019659,completed,BKG-010896,CREF-098393,carrierConfirmed,sea,fcl,EU Imp,FOB,,,2,2026-07-07,,TRUE,2026-06-15 16:17:23.764000 UTC,2026-09-14 09:30:36.464000 UTC,2026-09-14 12:51:36.464000 UTC
HS-181959,SHP-156613,completed,,CREF-071721,,rail,fcl,EU Imp,EXW,,,4,2026-06-26,,TRUE,2026-06-05 08:20:49.633000 UTC,2026-08-05 11:06:58.160000 UTC,2026-08-05 11:26:58.160000 UTC
HS-103850,SHP-080303,completed,,CREF-063792,,sea,lcl,EU Imp,FOB,,2.3501,,2026-07-08,,TRUE,2026-06-04 15:17:30.117000 UTC,2026-08-26 10:18:15.499000 UTC,2026-08-26 13:44:15.499000 UTC
HS-171455,SHP-112378,completed,,CREF-032363,,sea,lcl,EU Imp,FOB,,0.668,,2026-07-02,,TRUE,2026-06-02 13:21:18.475000 UTC,2026-09-01 13:35:38.432000 UTC,2026-09-01 16:58:38.432000 UTC
HS-081231,SHP-100107,completed,,,,air,lcl,EU Imp,EXW,611,,,2026-05-29,,TRUE,2026-05-20 14:40:09.351000 UTC,2026-08-04 09:13:00.107000 UTC,2026-08-04 10:32:00.107000 UTC
HS-074927,SHP-022786,completed,,,,air,lcl,EU Imp,EXW,22,,,2026-05-23,,TRUE,2026-05-20 07:25:44.234000 UTC,2026-06-01 07:46:30.649000 UTC,2026-06-01 09:33:30.649000 UTC
HS-049595,SHP-146805,completed,,,,air,lcl,EU Imp,EXW,68,,,2026-04-14,,TRUE,2026-04-07 10:03:37.322000 UTC,2026-04-20 16:53:24.620000 UTC,2026-04-20 17:53:24.620000 UTC
HS-179579,SHP-050543,completed,,,,air,lcl,EU Imp,FOB,421.51,,,2026-04-07,,TRUE,2026-03-23 10:50:46.981000 UTC,2026-04-14 11:25:08.016000 UTC,2026-04-14 12:18:08.016000 UTC
HS-082229,SHP-035726,completed,,CREF-062700,,sea,lcl,EU Exp,CFR,,8.448,,2026-04-12,,TRUE,2026-03-19 12:44:18.931000 UTC,2026-05-18 10:48:11.115000 UTC,2026-05-18 13:16:11.115000 UTC
HS-090740,SHP-145339,completed,,CREF-098065,,sea,lcl,EU Imp,EXW,,3.403,,2026-03-13,,TRUE,2026-03-04 09:43:24.296000 UTC,2026-05-20 09:56:46.129000 UTC,2026-05-20 13:06:46.129000 UTC
HS-098350,SHP-160513,completed,,CREF-041319,,sea,lcl,EU Exp,CFR,,9.12,,2026-02-21,,TRUE,2026-02-11 14:39:46.622000 UTC,2026-03-09 15:09:14.799000 UTC,2026-03-09 18:35:14.799000 UTC
HS-218707,SHP-101063,completed,,,,air,lcl,EU Imp,FOB,5468.2,,,2026-02-16,,TRUE,2026-02-10 09:36:49.158000 UTC,2026-03-26 14:10:38.655000 UTC,2026-03-26 14:43:38.655000 UTC
HS-161945,SHP-034615,completed,,,,air,lcl,EU Imp,EXW,1883.72,,,2026-02-07,,TRUE,2026-01-30 12:20:02.355000 UTC,2026-03-03 15:07:50.677000 UTC,2026-03-03 16:06:50.677000 UTC
HS-184726,SHP-179956,completed,,CREF-085439,,rail,lcl,EU Imp,FOB,,17.329,,2026-02-06,,TRUE,2026-01-19 09:47:42.392000 UTC,2026-03-17 15:37:17.936000 UTC,2026-03-17 18:24:17.936000 UTC
HS-038289,SHP-172653,completed,,CREF-107958,,rail,lcl,EU Imp,EXW,,2.7725,,2026-01-24,,TRUE,2025-12-22 13:54:17.180000 UTC,2026-03-11 08:01:08.813000 UTC,2026-03-11 08:21:08.813000 UTC
HS-068070,SHP-048936,completed,,CREF-090084,,sea,lcl,EU Exp,EXW,,1.344,,2026-01-20,,TRUE,2025-12-16 13:05:25.224000 UTC,2026-03-23 07:27:17.367000 UTC,2026-03-23 10:09:17.367000 UTC
HS-096714,SHP-037635,active,,,,air,lcl,EU Exp,DAP,165,,,2026-09-17,,TRUE,2026-09-16 12:33:10.363000 UTC,2026-09-18 06:41:06.652000 UTC,2026-09-18 10:09:06.652000 UTC
HS-008304,SHP-148476,active,,,,air,lcl,EU Exp,CIP,5777.04,,,2026-09-16,,TRUE,2026-09-10 09:29:04.252000 UTC,2026-09-16 11:14:06.233000 UTC,2026-09-16 13:32:06.233000 UTC
HS-062564,SHP-175774,active,,,,air,lcl,EU Imp,EXW,493,,,2026-09-18,,TRUE,2026-09-10 09:14:10.236000 UTC,2026-09-18 09:48:11.919000 UTC,2026-09-18 11:26:11.919000 UTC
HS-036935,SHP-009107,active,,CREF-084205,,rail,fcl,EU Imp,DAP,,,2,2026-09-22,,TRUE,2026-09-09 06:10:52.242000 UTC,2026-09-14 07:23:15.627000 UTC,2026-09-14 08:05:15.627000 UTC
HS-145039,SHP-168855,active,,,,sea,fcl,EU Exp,EXW,,,4,2026-09-22,,,2026-08-28 09:03:26.765000 UTC,2026-09-18 08:57:00.834000 UTC,2026-09-18 12:47:00.834000 UTC
HS-168502,SHP-187101,active,,,,rail,fcl,EU Imp,FCA_T,,,2,2026-09-25,,TRUE,2026-08-24 09:07:36.513000 UTC,2026-09-10 06:10:27.804000 UTC,2026-09-10 06:43:27.804000 UTC
HS-158302,SHP-029638,active,,,,sea,fcl,EU Imp,FOB,,,2,2026-09-17,,,2026-08-14 08:07:42.218000 UTC,2026-09-17 18:47:25.262000 UTC,2026-09-17 19:00:25.262000 UTC
HS-129420,SHP-065689,active,,CREF-051730,,sea,lcl,EU Imp,FOB,,13.1299,,2026-09-02,,TRUE,2026-08-07 03:42:06.629000 UTC,2026-09-15 18:18:40.440000 UTC,2026-09-15 21:52:40.440000 UTC
HS-122172,SHP-218108,active,CBR-011819-0,CREF-055662,carrierConfirmed,sea,fcl,EU Imp,FOB,,,2,2026-08-26,,TRUE,2026-08-06 13:47:11.694000 UTC,2026-09-11 01:13:58.753000 UTC,2026-09-11 03:22:58.753000 UTC
HS-215522,SHP-041823,completed,,,,sea,fcl,EU Exp,CFR,,,2,2026-08-22,,,2026-07-30 12:14:32.769000 UTC,2026-09-18 12:35:33.824000 UTC,2026-09-18 16:22:33.824000 UTC
HS-149117,SHP-128644,active,,,,sea,fcl,EU Imp,FOB,,,6,2026-08-15,,,2026-07-30 07:45:33.809000 UTC,2026-09-18 13:16:20.744000 UTC,2026-09-18 13:54:20.744000 UTC
HS-013140,SHP-192134,completed,,,,air,lcl,EU Imp,CPT,1975.61,,,2026-07-28,,TRUE,2026-07-29 10:19:58.574000 UTC,2026-08-28 08:14:46.746000 UTC,2026-08-28 09:53:46.746000 UTC
HS-008185,SHP-127769,completed,,,,sea,fcl,EU Exp,CFR,,,2,2026-08-12,,,2026-07-24 09:30:24.800000 UTC,2026-09-07 06:15:51.857000 UTC,2026-09-07 10:07:51.857000 UTC
HS-144901,SHP-097743,active,,CREF-062236,,sea,lcl,EU Imp,FOB,,2.7198,,2026-08-12,,TRUE,2026-07-22 07:07:48.641000 UTC,2026-08-31 09:55:09.370000 UTC,2026-08-31 11:47:09.370000 UTC
HS-140870,SHP-063368,completed,,,,sea,fcl,EU Exp,EXW,,,2,2026-08-01,,,2026-07-15 08:33:13.477000 UTC,2026-09-09 08:05:22.288000 UTC,2026-09-09 10:57:22.288000 UTC
HS-044174,SHP-153321,active,,CREF-043176,,sea,lcl,EU Imp,EXW,,3.2718,,2026-08-01,,TRUE,2026-07-07 08:05:27.059000 UTC,2026-09-16 10:45:08.139000 UTC,2026-09-16 14:18:08.139000 UTC
HS-065888,SHP-112590,canceled,,,,sea,fcl,EU Exp,CFR,,,4,2026-07-26,2026-06-26 09:56:26.742000 UTC,,2026-06-25 13:17:12.151000 UTC,2026-06-26 10:01:02.312000 UTC,2026-06-26 10:31:02.312000 UTC
HS-002089,SHP-185018,active,,CREF-129203,,sea,lcl,EU Imp,FOB,,1.6503,,2026-07-09,,TRUE,2026-06-23 16:20:07.065000 UTC,2026-09-08 17:01:37.970000 UTC,2026-09-08 19:57:37.970000 UTC
HS-120976,SHP-176004,completed,,,,air,lcl,EU Imp,EXW,273.24,,,2026-06-12,,TRUE,2026-06-08 02:59:33.984000 UTC,2026-06-30 09:28:08.616000 UTC,2026-06-30 12:05:08.616000 UTC
HS-206263,SHP-200226,completed,,,,sea,fcl,EU Exp,EXW,,,1,2026-06-07,,,2026-05-27 13:46:03.558000 UTC,2026-07-20 09:38:35.441000 UTC,2026-07-20 11:14:35.441000 UTC
HS-162729,SHP-140566,completed,,,,sea,fcl,EU Imp,FOB,,,1,2026-06-06,,,2026-05-26 05:46:00.250000 UTC,2026-08-07 08:16:07.144000 UTC,2026-08-07 09:45:07.144000 UTC
HS-125271,SHP-108130,completed,,CREF-074564,,rail,lcl,CrossT,EXW,,0.1789,,2026-05-17,,TRUE,2026-05-08 07:58:46.968000 UTC,2026-06-29 18:25:38.145000 UTC,2026-06-29 22:24:38.145000 UTC
HS-065377,SHP-095032,completed,BKG-017969,CREF-108668,carrierConfirmed,sea,fcl,EU Imp,FOB,,,2,2026-05-29,,TRUE,2026-05-06 12:37:04.371000 UTC,2026-08-18 09:37:04.369000 UTC,2026-08-18 10:55:04.369000 UTC
HS-043727,SHP-087250,completed,,,,air,lcl,EU Imp,FOB,226,,,2026-05-10,,TRUE,2026-05-05 09:22:54.366000 UTC,2026-06-22 09:16:17.654000 UTC,2026-06-22 10:19:17.654000 UTC
HS-105332,SHP-211282,completed,,CREF-070348,,sea,lcl,EU Imp,EXW,,3,,2026-05-14,,TRUE,2026-05-05 08:43:36.226000 UTC,2026-08-05 08:14:25.453000 UTC,2026-08-05 11:38:25.453000 UTC
HS-009262,SHP-086661,completed,BKG-002572,CREF-075089,authorized,sea,fcl,EU Imp,CFR,,,2,2026-04-27,,TRUE,2026-04-29 12:24:00.098000 UTC,2026-05-20 11:16:24.250000 UTC,2026-05-20 13:00:24.250000 UTC
HS-138994,SHP-195716,completed,,,,air,lcl,EU Exp,DAP,0.4,,,2026-04-10,,TRUE,2026-04-13 09:33:33.410000 UTC,2026-05-28 08:40:28.607000 UTC,2026-05-28 10:40:28.607000 UTC
HS-042679,SHP-224204,completed,,CREF-126715,,sea,lcl,EU Imp,FOB,,14.5058,,2026-04-26,,TRUE,2026-04-10 10:03:12.789000 UTC,2026-08-07 15:15:28.150000 UTC,2026-08-07 18:08:28.150000 UTC
HS-036060,SHP-046134,completed,,,,air,lcl,EU Imp,FOB,115,,,2026-04-06,,TRUE,2026-03-31 07:53:22.025000 UTC,2026-05-06 08:40:30.817000 UTC,2026-05-06 10:15:30.817000 UTC
HS-149142,SHP-204224,completed,BKG-012806,CREF-123733,carrierConfirmed,sea,fcl,EU Imp,FOB,,,1,2026-04-21,,TRUE,2026-03-30 07:36:20.397000 UTC,2026-06-18 13:30:52.988000 UTC,2026-06-18 15:46:52.988000 UTC
HS-035754,SHP-031242,completed,,CREF-157450,,sea,lcl,EU Imp,FOB,,1.4399,,2026-04-12,,TRUE,2026-03-24 09:02:15.738000 UTC,2026-07-07 08:16:25.067000 UTC,2026-07-07 09:22:25.067000 UTC
HS-158814,SHP-125887,completed,BKG-006581,CREF-065702,authorized,sea,fcl,EU Imp,CFR,,,2,2026-03-19,,TRUE,2026-03-19 14:47:58.418000 UTC,2026-06-12 13:59:59.787000 UTC,2026-06-12 16:42:59.787000 UTC
HS-094548,SHP-093185,active,BKG-012870,CREF-030256,carrierConfirmed,sea,fcl,EU Imp,FOB,,,8,2026-03-26,,TRUE,2026-03-10 08:25:58.031000 UTC,2026-06-30 12:35:57.160000 UTC,2026-06-30 14:46:57.160000 UTC
HS-048306,SHP-113356,completed,,CREF-072810,,rail,lcl,EU Imp,EXW,,0.96,,2026-03-14,,TRUE,2026-02-26 07:44:39.883000 UTC,2026-04-14 13:28:03.824000 UTC,2026-04-14 13:48:03.824000 UTC
HS-190007,SHP-059175,completed,,,,air,lcl,EU Exp,CPT,653,,,2026-02-21,,TRUE,2026-02-17 13:31:40.350000 UTC,2026-03-18 15:11:20.450000 UTC,2026-03-18 16:24:20.450000 UTC
HS-012409,SHP-134092,completed,,,,air,lcl,EU Imp,EXW,797,,,2026-02-05,,TRUE,2026-01-29 06:44:01.769000 UTC,2026-03-03 15:05:36.769000 UTC,2026-03-03 15:59:36.769000 UTC
HS-099387,SHP-137171,completed,,,,air,lcl,EU Imp,DAP,184.96,,,2026-01-24,,TRUE,2026-01-20 14:11:39.735000 UTC,2026-03-20 08:49:32.475000 UTC,2026-03-20 09:20:32.475000 UTC
HS-098215,SHP-005753,completed,BKG-012337,CREF-136985,carrierConfirmed,sea,fcl,EU Imp,FOB,,,1,2026-02-16,,TRUE,2026-01-06 09:47:57.728000 UTC,2026-06-01 05:06:09.306000 UTC,2026-06-01 06:04:09.306000 UTC
HS-207018,SHP-012746,completed,,,,air,lcl,EU Imp,FOB,2810,,,2026-01-09,,TRUE,2026-01-05 10:24:49.621000 UTC,2026-03-02 10:51:29.684000 UTC,2026-03-02 14:14:29.684000 UTC
HS-196985,SHP-134612,completed,,CREF-164834,,sea,lcl,EU Imp,FOB,,2.7234,,2026-01-15,,TRUE,2025-12-29 14:14:33.467000 UTC,2026-04-17 10:16:04.000000 UTC,2026-04-17 12:19:04.000000 UTC
HS-154339,SHP-095812,completed,BKG-025845,CREF-049414,carrierConfirmed,sea,fcl,EU Imp,FOB,,,2,2026-01-03,,TRUE,2025-12-29 07:41:38.005000 UTC,2026-03-11 15:20:55.651000 UTC,2026-03-11 16:13:55.651000 UTC
HS-108855,SHP-104425,canceled,,CREF-137574,,rail,lcl,EU Imp,EXW,,2.835,,2026-02-15,2026-02-03 08:11:49.970000 UTC,TRUE,2025-12-20 18:06:10.857000 UTC,2026-02-03 08:11:50.609000 UTC,2026-02-03 09:42:50.609000 UTC
HS-186681,SHP-100520,active,CBR-028771-0,CREF-122868,carrierConfirmed,sea,fcl,EU Imp,FOB,,,2,2026-09-29,,TRUE,2026-09-14 10:21:16.976000 UTC,2026-09-16 08:02:19.566000 UTC,2026-09-16 10:16:19.566000 UTC
HS-073534,SHP-182849,active,,,,air,lcl,EU Imp,EXW,356.45,,,2026-09-15,,TRUE,2026-09-10 08:21:44.376000 UTC,2026-09-17 07:56:08.003000 UTC,2026-09-17 09:22:08.003000 UTC
HS-064094,SHP-112372,active,,,,sea,fcl,EU Exp,CFR,,,10,2026-09-14,,,2026-08-25 09:40:59.755000 UTC,2026-09-18 14:07:38.854000 UTC,2026-09-18 14:27:38.854000 UTC
HS-055080,SHP-018517,active,BKG-030547,CREF-077303,carrierConfirmed,sea,fcl,EU Imp,FOB,,,2,2026-09-08,,TRUE,2026-08-21 15:31:26.718000 UTC,2026-09-10 14:00:09.677000 UTC,2026-09-10 15:52:09.677000 UTC
HS-100867,SHP-073153,active,,,,air,lcl,EU Imp,FOB,2538,,,2026-09-10,,TRUE,2026-08-12 07:25:37.738000 UTC,2026-09-15 08:56:40.422000 UTC,2026-09-15 12:47:40.422000 UTC
HS-218052,SHP-019748,active,,,,sea,fcl,EU Imp,FOB,,,4,2026-09-21,,,2026-08-12 07:21:24.797000 UTC,2026-09-11 01:08:43.391000 UTC,2026-09-11 02:21:43.391000 UTC
HS-111188,SHP-085154,active,,,,sea,fcl,EU Exp,CIF,,,2,2026-09-12,,,2026-08-04 11:41:57.760000 UTC,2026-09-13 02:06:43.639000 UTC,2026-09-13 03:47:43.639000 UTC
HS-032850,SHP-131904,active,,,,sea,fcl,EU Imp,CFR,,,10,2026-09-19,,,2026-08-04 04:44:58.893000 UTC,2026-08-10 02:22:32.428000 UTC,2026-08-10 02:39:32.428000 UTC
HS-148780,SHP-036837,active,,CREF-073788,,sea,lcl,EU Imp,FOB,,3.0804,,2026-08-19,,TRUE,2026-07-29 11:59:35.211000 UTC,2026-08-25 13:03:49.185000 UTC,2026-08-25 16:41:49.185000 UTC
HS-222390,SHP-031347,completed,,,,air,lcl,EU Imp,FOB,623,,,2026-07-30,,TRUE,2026-07-23 06:38:49.900000 UTC,2026-09-14 13:26:48.345000 UTC,2026-09-14 17:08:48.345000 UTC
HS-112586,SHP-052032,completed,,,,sea,fcl,EU Exp,FOB,,,2,2026-08-14,,,2026-07-22 08:48:17.003000 UTC,2026-09-07 10:32:20.461000 UTC,2026-09-07 10:55:20.461000 UTC
HS-166485,SHP-120561,active,,,,sea,fcl,EU Imp,FOB,,,2,2026-09-03,,,2026-07-21 07:24:48.127000 UTC,2026-09-14 03:20:22.250000 UTC,2026-09-14 04:19:22.250000 UTC
HS-034045,SHP-088820,completed,,,,sea,fcl,EU Exp,CIF,,,2,2026-08-08,,,2026-07-13 12:28:47.368000 UTC,2026-09-07 07:21:28.601000 UTC,2026-09-07 09:03:28.601000 UTC
HS-029172,SHP-169973,canceled,CBR-019149-0,CREF-018237,carrierConfirmed,sea,fcl,EU Exp,CFR,,,42,2026-07-28,2026-07-14 13:16:19.006000 UTC,TRUE,2026-07-08 06:26:39.114000 UTC,2026-07-14 13:16:25.748000 UTC,2026-07-14 15:55:25.748000 UTC
HS-051040,SHP-097170,completed,,CREF-055421,,rail,lcl,EU Imp,FCA_T,,18.9113,,2026-06-20,,TRUE,2026-06-23 11:50:36.884000 UTC,2026-08-30 15:14:49.034000 UTC,2026-08-30 16:08:49.034000 UTC
HS-199276,SHP-192266,completed,,,,air,lcl,EU Imp,FOB,115,,,2026-07-02,,TRUE,2026-06-23 08:53:06.892000 UTC,2026-08-04 07:31:21.410000 UTC,2026-08-04 10:52:21.410000 UTC
HS-161881,SHP-201788,active,BKG-004680,CREF-031264,carrierConfirmed,sea,fcl,EU Imp,FOB,,,2,2026-08-15,,TRUE,2026-06-12 07:44:00.929000 UTC,2026-09-17 10:55:22.923000 UTC,2026-09-17 13:43:22.923000 UTC
HS-115262,SHP-092250,completed,BKG-026735,CREF-055331,carrierConfirmed,sea,fcl,EU Imp,FOB,,,4,2026-07-05,,TRUE,2026-06-09 07:01:53.002000 UTC,2026-09-04 06:49:58.428000 UTC,2026-09-04 10:08:58.428000 UTC
HS-196887,SHP-042720,canceled,,CREF-014451,,rail,lcl,EU Imp,FOB,,15.5664,,2026-06-20,2026-06-25 07:46:44.253000 UTC,TRUE,2026-06-07 21:26:15.012000 UTC,2026-06-25 07:46:44.566000 UTC,2026-06-25 07:59:44.566000 UTC
HS-221995,SHP-129094,active,,CREF-119802,,sea,lcl,EU Imp,FOB,,7.074,,2026-07-09,,TRUE,2026-05-28 07:48:20.419000 UTC,2026-09-07 12:43:51.913000 UTC,2026-09-07 15:46:51.913000 UTC
HS-040532,SHP-010808,completed,,,,air,lcl,EU Imp,FOB,2131,,,2026-06-08,,TRUE,2026-05-27 15:30:26.263000 UTC,2026-06-30 09:24:25.631000 UTC,2026-06-30 10:07:25.631000 UTC
HS-054285,SHP-144510,completed,,CREF-023965,,sea,lcl,CrossT,FOB,,2.3084,,2026-05-14,,TRUE,2026-05-04 10:02:56.731000 UTC,2026-05-27 09:57:34.890000 UTC,2026-05-27 12:29:34.890000 UTC
HS-149382,SHP-095697,completed,BKG-030022,CREF-132994,carrierConfirmed,sea,fcl,EU Imp,DAP,,,1,2026-06-19,,TRUE,2026-04-29 08:48:48.074000 UTC,2026-07-03 09:38:08.614000 UTC,2026-07-03 11:24:08.614000 UTC
HS-001730,SHP-112823,completed,BKG-007054,CREF-100329,carrierConfirmed,sea,fcl,EU Imp,FOB,,,2,2026-05-16,,TRUE,2026-04-20 10:25:06.263000 UTC,2026-08-18 11:28:41.972000 UTC,2026-08-18 12:50:41.972000 UTC
HS-124598,SHP-189479,completed,,CREF-082919,,sea,lcl,EU Imp,FOB,,0.6403,,2026-05-18,,TRUE,2026-04-07 09:20:51.488000 UTC,2026-07-15 12:24:54.257000 UTC,2026-07-15 12:35:54.257000 UTC
HS-041024,SHP-198882,completed,,,,air,lcl,EU Imp,EXW,654,,,2026-03-31,,TRUE,2026-03-23 14:06:55.891000 UTC,2026-04-15 12:40:03.640000 UTC,2026-04-15 14:13:03.640000 UTC
HS-108818,SHP-056408,completed,CBR-032117-0,CREF-123883,carrierConfirmed,sea,fcl,EU Exp,CFR,,,8,2026-04-19,,TRUE,2026-03-20 16:07:02.360000 UTC,2026-06-12 14:04:31.866000 UTC,2026-06-12 16:54:31.866000 UTC
HS-190338,SHP-055525,completed,,,,air,lcl,EU Imp,EXW,618.96,,,2026-03-17,,TRUE,2026-02-04 15:32:54.712000 UTC,2026-04-01 14:22:29.889000 UTC,2026-04-01 15:02:29.889000 UTC
HS-094099,SHP-169924,completed,,CREF-009279,,sea,lcl,EU Imp,FOB,,3.2904,,2026-02-14,,TRUE,2026-02-03 09:56:56.934000 UTC,2026-06-02 16:47:18.800000 UTC,2026-06-02 19:14:18.800000 UTC
HS-023411,SHP-173769,canceled,CBR-021873-0,CREF-154541,shipment,sea,fcl,EU Exp,EXW,,,2,2026-04-04,2026-03-12 13:13:23.712000 UTC,FALSE,2026-01-22 15:56:24.102000 UTC,2026-03-12 13:13:24.647000 UTC,2026-03-12 14:56:24.647000 UTC
HS-086687,SHP-146164,completed,BKG-013565,CREF-025199,carrierConfirmed,sea,fcl,EU Imp,FOB,,,6,2026-01-23,,TRUE,2026-01-05 12:54:13.269000 UTC,2026-04-09 17:39:22.304000 UTC,2026-04-09 20:05:22.304000 UTC
HS-170314,SHP-081124,completed,,CREF-071958,,rail,lcl,EU Imp,FOB,,2.9952,,2026-01-28,,TRUE,2025-12-08 13:54:39.202000 UTC,2026-03-10 11:45:39.075000 UTC,2026-03-10 14:29:39.075000 UTC
HS-072551,SHP-001517,active,CBR-006543-0,,,sea,fcl,EU Exp,CFR,,,4,2026-09-25,,TRUE,2026-09-18 08:00:20.568000 UTC,2026-09-18 08:00:34.728000 UTC,2026-09-18 11:24:34.728000 UTC
HS-106707,SHP-052310,active,,,,sea,fcl,EU Imp,FOB,,,2,2026-09-28,,,2026-09-10 19:26:21.040000 UTC,2026-09-15 09:18:04.291000 UTC,2026-09-15 10:56:04.291000 UTC
HS-152367,SHP-214957,completed,,,,air,lcl,EU Imp,FOB,1540.39,,,2026-09-05,,TRUE,2026-09-02 13:17:46.221000 UTC,2026-09-16 07:39:09.446000 UTC,2026-09-16 08:59:09.446000 UTC
HS-012918,SHP-222329,active,,,,sea,fcl,EU Imp,FOB,,,2,2026-09-25,,,2026-08-24 06:18:49.132000 UTC,2026-09-08 02:58:47.837000 UTC,2026-09-08 04:47:47.837000 UTC
HS-049471,SHP-187889,active,,,,sea,fcl,EU Imp,FOB,,,4,2026-09-16,,,2026-08-14 06:24:53.212000 UTC,2026-09-18 07:00:10.984000 UTC,2026-09-18 08:08:10.984000 UTC
HS-001101,SHP-137503,canceled,BKG-013777,CREF-108084,carrierConfirmed,sea,fcl,EU Imp,FOB,,,2,2026-08-27,2026-08-13 09:21:20.393000 UTC,TRUE,2026-08-04 07:21:15.056000 UTC,2026-08-13 09:21:27.952000 UTC,2026-08-13 12:53:27.952000 UTC
HS-207297,SHP-198608,active,,,,sea,fcl,EU Exp,EXW,,,1,2026-08-22,,,2026-08-03 08:17:32.984000 UTC,2026-09-11 08:45:53.458000 UTC,2026-09-11 11:47:53.458000 UTC
HS-017942,SHP-199829,completed,,,,sea,fcl,EU Exp,FCA_LW,,,2,2026-07-28,,,2026-07-08 05:37:02.963000 UTC,2026-09-07 07:04:54.816000 UTC,2026-09-07 08:16:54.816000 UTC
HS-215838,SHP-106615,active,,,,sea,fcl,EU Imp,FOB,,,2,2026-08-12,,,2026-07-02 11:00:02.102000 UTC,2026-09-17 13:34:05.109000 UTC,2026-09-17 16:25:05.109000 UTC
HS-186051,SHP-010867,completed,,,,air,lcl,EU Exp,EXW,166.4,,,2026-07-03,,TRUE,2026-06-30 06:44:40.256000 UTC,2026-08-14 11:40:36.887000 UTC,2026-08-14 15:01:36.887000 UTC
HS-169848,SHP-018975,completed,,CREF-085549,,sea,lcl,EU Imp,FOB,,9.6996,,2026-07-12,,TRUE,2026-06-23 11:44:57.344000 UTC,2026-09-14 12:07:28.578000 UTC,2026-09-14 12:50:28.578000 UTC
HS-160660,SHP-088169,active,,CREF-068353,,sea,lcl,EU Imp,FOB,,1.3804,,2026-08-06,,TRUE,2026-06-15 16:02:55.632000 UTC,2026-09-16 00:18:35.333000 UTC,2026-09-16 02:21:35.333000 UTC
HS-214895,SHP-035738,canceled,,CREF-104517,,rail,lcl,EU Imp,FOB,,10.56,,2026-06-27,2026-06-29 09:25:46.190000 UTC,TRUE,2026-06-15 08:00:54.296000 UTC,2026-06-29 09:25:46.646000 UTC,2026-06-29 11:04:46.646000 UTC
HS-207720,SHP-187388,completed,,CREF-156695,,sea,lcl,EU Imp,FOB,,5.1072,,2026-06-23,,TRUE,2026-06-03 08:19:25.744000 UTC,2026-08-27 11:15:00.298000 UTC,2026-08-27 14:45:00.298000 UTC
HS-121427,SHP-097780,completed,BKG-018982,CREF-140050,authorized,sea,fcl,EU Imp,CIF,,,2,2026-04-21,,TRUE,2026-04-20 11:51:11.022000 UTC,2026-04-24 11:03:17.873000 UTC,2026-04-24 11:32:17.873000 UTC
HS-137876,SHP-036358,completed,,CREF-067096,,rail,lcl,EU Imp,FCA_LW,,7.322,,2026-04-19,,TRUE,2026-04-20 08:52:07.144000 UTC,2026-05-29 14:12:28.310000 UTC,2026-05-29 17:33:28.310000 UTC
HS-189955,SHP-054478,completed,,,,air,lcl,EU Imp,EXW,129,,,2026-04-09,,TRUE,2026-04-01 08:56:20.888000 UTC,2026-04-16 06:36:21.622000 UTC,2026-04-16 10:29:21.622000 UTC
HS-062220,SHP-177973,completed,,,,sea,fcl,EU Exp,FCA_LW,,,6,2026-05-03,,,2026-03-30 12:23:10.496000 UTC,2026-06-01 10:48:44.385000 UTC,2026-06-01 11:00:44.385000 UTC
HS-161613,SHP-042818,completed,,,,air,lcl,EU Imp,FOB,1212,,,2026-03-11,,TRUE,2026-03-04 14:53:26.325000 UTC,2026-03-30 13:17:45.483000 UTC,2026-03-30 15:35:45.483000 UTC
HS-195751,SHP-215437,completed,,,,air,lcl,EU Exp,EXW,474.99,,,2026-02-10,,TRUE,2026-02-06 11:14:20.051000 UTC,2026-03-13 15:14:12.018000 UTC,2026-03-13 16:43:12.018000 UTC
HS-153444,SHP-110420,completed,,CREF-084097,,sea,lcl,EU Imp,FOB,,6.048,,2026-03-11,,TRUE,2026-01-27 09:49:10.547000 UTC,2026-07-09 15:56:54.180000 UTC,2026-07-09 18:25:54.180000 UTC
HS-157623,SHP-111051,completed,CBR-021189-0,CREF-130146,shipment,sea,fcl,EU Exp,CFR,,,20,2026-02-01,,TRUE,2025-12-04 09:05:20.514000 UTC,2026-07-02 12:18:49.212000 UTC,2026-07-02 15:36:49.212000 UTC
HS-033198,SHP-131402,completed,,,,air,lcl,EU Exp,CPT,250,,,2026-08-29,,TRUE,2026-08-26 12:27:06.184000 UTC,2026-09-14 06:53:24.029000 UTC,2026-09-14 10:37:24.029000 UTC
HS-032158,SHP-052870,completed,CBR-024913-0,CREF-150330,shipment,sea,fcl,EU Imp,CIF,,,2,2026-08-26,,TRUE,2026-08-25 12:08:44.174000 UTC,2026-09-03 11:11:57.661000 UTC,2026-09-03 14:33:57.661000 UTC
HS-191416,SHP-011822,active,,CREF-133325,,sea,lcl,EU Imp,FOB,,8.7398,,2026-09-10,,TRUE,2026-08-25 06:06:43.112000 UTC,2026-09-11 09:57:45.852000 UTC,2026-09-11 12:03:45.852000 UTC
HS-017587,SHP-204876,active,,,,sea,fcl,EU Imp,FOB,,,1,2026-09-25,,,2026-08-24 07:18:58.072000 UTC,2026-09-14 09:04:12.197000 UTC,2026-09-14 10:42:12.197000 UTC
HS-183490,SHP-129860,active,,CREF-027030,,rail,lcl,EU Imp,FCA_T,,11.7033,,2026-09-09,,TRUE,2026-08-24 07:06:47.759000 UTC,2026-09-15 08:38:55.263000 UTC,2026-09-15 10:53:55.263000 UTC
HS-067585,SHP-126704,active,,,,sea,fcl,CrossT,CFR,,,6,2026-09-07,,,2026-08-11 13:52:58.707000 UTC,2026-09-18 14:10:34.651000 UTC,2026-09-18 15:49:34.651000 UTC
HS-062439,SHP-080635,canceled,BKG-001330,,authorized,sea,fcl,EU Imp,CFR,,,1,2026-09-15,2026-08-25 12:21:25.566000 UTC,TRUE,2026-08-11 09:59:57.009000 UTC,2026-08-26 05:55:37.324000 UTC,2026-08-26 06:27:37.324000 UTC
HS-202025,SHP-114259,completed,,,,sea,fcl,EU Imp,FOB,,,2,2026-10-06,,,2026-08-11 06:52:35.176000 UTC,2026-09-11 13:28:08.730000 UTC,2026-09-11 14:38:08.730000 UTC
HS-096344,SHP-214611,active,,,,sea,fcl,EU Imp,FOB,,,1,2026-09-20,,,2026-08-07 01:56:27.977000 UTC,2026-09-18 03:31:58.522000 UTC,2026-09-18 06:09:58.522000 UTC
HS-178716,SHP-178677,active,,,,sea,fcl,EU Exp,CIF,,,2,2026-09-01,,,2026-07-30 13:19:32.707000 UTC,2026-09-18 14:00:10.594000 UTC,2026-09-18 16:39:10.594000 UTC
HS-004882,SHP-223214,active,,,,sea,fcl,EU Imp,FOB,,,1,2026-08-18,,,2026-07-29 10:08:11.490000 UTC,2026-09-07 03:00:13.508000 UTC,2026-09-07 03:10:13.508000 UTC
HS-074273,SHP-083046,active,,,,sea,fcl,EU Imp,FOB,,,2,2026-08-22,,,2026-07-29 05:19:15.863000 UTC,2026-09-18 12:21:05.347000 UTC,2026-09-18 14:51:05.347000 UTC
HS-005471,SHP-060563,active,,,,sea,fcl,EU Imp,FOB,,,2,2026-08-31,,,2026-07-22 15:21:38.892000 UTC,2026-09-16 22:00:22.372000 UTC,2026-09-16 22:52:22.372000 UTC
HS-204681,SHP-035798,active,,CREF-124490,,sea,lcl,EU Imp,FOB,,22.1296,,2026-07-28,,TRUE,2026-07-15 06:53:21.072000 UTC,2026-09-18 07:51:54.898000 UTC,2026-09-18 11:10:54.898000 UTC
HS-087229,SHP-189658,completed,,CREF-122769,,sea,lcl,EU Imp,FOB,,0.951,,2026-07-28,,TRUE,2026-07-10 07:07:22.757000 UTC,2026-09-14 06:53:21.319000 UTC,2026-09-14 09:31:21.319000 UTC
HS-044272,SHP-016273,active,,,,sea,fcl,EU Imp,FOB,,,1,2026-08-12,,,2026-07-09 09:51:37.534000 UTC,2026-09-16 22:00:11.586000 UTC,2026-09-16 22:07:11.586000 UTC
HS-126702,SHP-190298,active,BKG-029410,CREF-159184,carrierConfirmed,sea,fcl,EU Imp,FOB,,,1,2026-07-30,,TRUE,2026-06-24 10:37:58.965000 UTC,2026-09-18 10:33:48.317000 UTC,2026-09-18 11:46:48.317000 UTC
HS-116187,SHP-155717,completed,,CREF-043520,,sea,lcl,EU Imp,FOB,,15.9997,,2026-06-09,,TRUE,2026-05-19 06:43:11.084000 UTC,2026-08-12 14:31:51.433000 UTC,2026-08-12 16:55:51.433000 UTC
HS-199151,SHP-131656,completed,,CREF-118374,,rail,lcl,EU Imp,FOB,,15.1704,,2026-05-22,,TRUE,2026-05-06 09:18:02.781000 UTC,2026-08-20 12:38:16.293000 UTC,2026-08-20 13:15:16.293000 UTC
HS-020403,SHP-145389,canceled,BKG-014775,,renomination,sea,fcl,EU Imp,FOB,,,2,2026-05-22,2026-05-11 07:51:52.736000 UTC,FALSE,2026-04-21 07:55:23.694000 UTC,2026-05-11 07:51:55.960000 UTC,2026-05-11 11:05:55.960000 UTC
HS-156641,SHP-059294,completed,,CREF-115180,,rail,lcl,EU Imp,FOB,,30.3596,,2026-04-29,,TRUE,2026-04-07 13:18:02.927000 UTC,2026-06-03 10:13:44.183000 UTC,2026-06-03 12:46:44.183000 UTC
HS-129225,SHP-049767,canceled,CBR-016981-0,,shipment,sea,fcl,EU Imp,FOB,,,3,2026-04-10,2026-04-06 19:51:42.236000 UTC,FALSE,2026-04-03 07:56:54.012000 UTC,2026-06-19 11:31:27.097000 UTC,2026-06-19 11:57:27.097000 UTC
HS-158919,SHP-155127,completed,,CREF-160382,,sea,lcl,EU Exp,CFR,,8.55,,2026-04-10,,TRUE,2026-03-25 15:22:04.008000 UTC,2026-05-26 06:44:13.523000 UTC,2026-05-26 09:22:13.523000 UTC
HS-077672,SHP-213559,completed,,CREF-042475,,rail,fcl,EU Imp,FOB,,,2,2026-03-10,,TRUE,2026-02-25 13:06:23.771000 UTC,2026-04-21 08:42:55.036000 UTC,2026-04-21 12:19:55.036000 UTC
HS-197250,SHP-165695,completed,CBR-019440-0,CREF-142295,renomination,sea,fcl,EU Exp,CFR,,,10,2026-02-28,,TRUE,2026-02-06 10:41:32.396000 UTC,2026-03-30 06:25:33.885000 UTC,2026-03-30 07:51:33.885000 UTC
HS-170704,SHP-101397,completed,,,,air,lcl,EU Imp,EXW,434,,,2026-01-23,,TRUE,2026-01-16 09:47:33.028000 UTC,2026-01-29 13:39:29.273000 UTC,2026-01-29 15:50:29.273000 UTC
HS-027352,SHP-213682,completed,,CREF-131781,,rail,lcl,EU Imp,EXW,,4.1276,,2026-01-17,,TRUE,2025-12-20 18:06:51.666000 UTC,2026-03-05 11:21:53.718000 UTC,2026-03-05 12:43:53.718000 UTC
HS-065836,SHP-186177,completed,,CREF-161757,,sea,lcl,EU Imp,FOB,,1.9096,,2026-01-22,,TRUE,2025-12-18 08:21:05.853000 UTC,2026-03-09 09:09:53.499000 UTC,2026-03-09 12:09:53.499000 UTC
HS-158341,SHP-046717,active,,,,sea,fcl,EU Imp,FOB,,,1,2026-10-02,,,2026-09-10 19:32:22.192000 UTC,2026-09-14 01:49:23.409000 UTC,2026-09-14 04:47:23.409000 UTC
HS-000079,SHP-181286,active,,,,sea,fcl,EU Exp,CIF,,,2,2026-09-18,,,2026-08-26 08:24:23.862000 UTC,2026-09-16 06:08:58.597000 UTC,2026-09-16 07:14:58.597000 UTC
HS-203686,SHP-075356,active,,,,sea,fcl,EU Imp,FOB,,,1,2026-09-25,,,2026-08-24 07:21:47.217000 UTC,2026-09-14 09:05:32.117000 UTC,2026-09-14 10:10:32.117000 UTC
HS-074356,SHP-216708,completed,,,,air,lcl,EU Imp,FOB,80.83,,,2026-08-30,,TRUE,2026-08-20 11:24:25.294000 UTC,2026-09-08 08:01:57.512000 UTC,2026-09-08 10:27:57.512000 UTC
HS-075887,SHP-114272,active,CBR-017046-0,CREF-028438,carrierContacted,sea,fcl,EU Exp,CFR,,,2,2026-09-01,,TRUE,2026-08-14 10:04:17.518000 UTC,2026-09-02 09:04:51.411000 UTC,2026-09-02 10:12:51.411000 UTC
HS-187113,SHP-218248,active,,,,sea,fcl,EU Imp,FOB,,,1,2026-09-22,,,2026-08-13 06:05:49.231000 UTC,2026-09-18 09:23:40.610000 UTC,2026-09-18 11:50:40.610000 UTC
HS-093916,SHP-127021,active,,,,sea,fcl,EU Imp,FOB,,,1,2026-09-25,,,2026-08-12 11:26:23.527000 UTC,2026-09-14 09:13:16.475000 UTC,2026-09-14 10:19:16.475000 UTC
HS-150651,SHP-146519,completed,,CREF-072086,,rail,lcl,EU Imp,FCA_T,,5.4,,2026-07-31,,TRUE,2026-07-30 07:29:41.750000 UTC,2026-08-26 14:54:59.322000 UTC,2026-08-26 17:51:59.322000 UTC
HS-174206,SHP-143597,canceled,BKG-019593,,authorized,sea,fcl,EU Imp,FOB,,,2,2026-08-04,2026-07-24 10:55:10.995000 UTC,FALSE,2026-07-24 09:30:09.010000 UTC,2026-07-24 10:55:22.551000 UTC,2026-07-24 14:47:22.551000 UTC
HS-222084,SHP-110216,active,,,,sea,fcl,EU Imp,FOB,,,1,2026-08-16,,,2026-07-20 06:05:59.984000 UTC,2026-09-17 23:22:20.242000 UTC,2026-09-18 00:39:20.242000 UTC
HS-152836,SHP-124343,active,,,,sea,fcl,EU Imp,FOB,,,1,2026-08-16,,,2026-07-17 09:08:17.197000 UTC,2026-09-17 09:13:11.425000 UTC,2026-09-17 11:43:11.425000 UTC
HS-101149,SHP-147012,active,BKG-033067,CREF-034437,carrierConfirmed,sea,fcl,EU Imp,FOB,,,2,2026-07-23,,TRUE,2026-07-08 14:00:39.340000 UTC,2026-09-17 04:44:08.907000 UTC,2026-09-17 04:57:08.907000 UTC
HS-065863,SHP-040371,completed,,,,air,lcl,EU Exp,EXW,57,,,2026-07-05,,TRUE,2026-07-02 12:27:42.976000 UTC,2026-08-14 11:41:49.563000 UTC,2026-08-14 12:52:49.563000 UTC
HS-035652,SHP-001129,canceled,,,,sea,fcl,EU Exp,CFR,,,2,2026-09-01,2026-08-11 08:05:02.316000 UTC,,2026-06-29 07:38:53.362000 UTC,2026-08-11 08:05:05.598000 UTC,2026-08-11 11:16:05.598000 UTC
HS-213360,SHP-072108,active,BKG-030369,CREF-011753,carrierConfirmed,sea,fcl,EU Imp,FOB,,,2,2026-07-28,,TRUE,2026-06-23 23:40:58.517000 UTC,2026-09-18 12:03:06.059000 UTC,2026-09-18 14:35:06.059000 UTC
HS-004396,SHP-079159,completed,CBR-013240-0,CREF-054119,shipment,sea,fcl,EU Imp,CIF,,,2,2026-06-08,,TRUE,2026-06-19 12:51:03.680000 UTC,2026-06-24 11:40:45.543000 UTC,2026-06-24 14:41:45.543000 UTC
HS-111918,SHP-086556,completed,CBR-005630-0,CREF-006948,shipment,sea,fcl,EU Imp,CIF,,,2,2026-06-23,,TRUE,2026-06-10 12:52:50.481000 UTC,2026-07-26 16:01:55.845000 UTC,2026-07-26 19:55:55.845000 UTC
HS-202224,SHP-132883,completed,,CREF-165229,,sea,lcl,EU Imp,FOB,,14.7122,,2026-06-17,,TRUE,2026-06-01 11:12:29.185000 UTC,2026-08-25 13:35:48.131000 UTC,2026-08-25 14:33:48.131000 UTC
HS-024286,SHP-123861,completed,,,,air,lcl,EU Imp,CPT,5289,,,2026-05-20,,TRUE,2026-05-27 06:13:36.994000 UTC,2026-06-17 09:27:15.547000 UTC,2026-06-17 11:47:15.547000 UTC
HS-185402,SHP-059389,completed,,CREF-101011,,rail,lcl,EU Imp,FCA_T,,1.5037,,2026-05-02,,TRUE,2026-04-22 03:54:40.341000 UTC,2026-06-05 08:36:54.494000 UTC,2026-06-05 09:57:54.494000 UTC
HS-009838,SHP-064581,completed,,,,air,lcl,EU Exp,CPT,300,,,2026-04-19,,TRUE,2026-04-15 00:34:27.644000 UTC,2026-05-15 13:04:24.314000 UTC,2026-05-15 15:55:24.314000 UTC
HS-109983,SHP-157072,completed,,,,sea,fcl,EU Exp,CIF,,,4,2026-04-24,,,2026-03-30 14:31:59.400000 UTC,2026-05-29 05:33:02.726000 UTC,2026-05-29 07:52:02.726000 UTC
HS-076773,SHP-180743,completed,,CREF-033890,,rail,lcl,EU Imp,DDP,,8.8649,,2026-04-04,,TRUE,2026-03-30 13:49:38.901000 UTC,2026-05-15 12:46:07.204000 UTC,2026-05-15 13:52:07.204000 UTC
HS-110491,SHP-006716,completed,,CREF-093809,,rail,lcl,EU Imp,EXW,,11.0334,,2026-04-10,,TRUE,2026-03-19 15:40:16.639000 UTC,2026-05-14 12:10:05.881000 UTC,2026-05-14 12:41:05.881000 UTC
HS-124497,SHP-048228,completed,,,,air,lcl,EU Imp,EXW,461.87,,,2026-03-24,,TRUE,2026-03-19 06:40:59.063000 UTC,2026-04-15 14:07:45.025000 UTC,2026-04-15 16:07:45.025000 UTC
HS-192129,SHP-086084,completed,,CREF-127943,,sea,lcl,EU Imp,FOB,,13.068,,2026-04-09,,TRUE,2026-03-12 09:46:20.386000 UTC,2026-07-02 09:46:29.967000 UTC,2026-07-02 12:01:29.967000 UTC
HS-166945,SHP-108342,completed,,CREF-034806,,sea,fcl,EU Exp,EXW,,,1,2026-02-10,,TRUE,2026-01-28 15:40:47.768000 UTC,2026-03-09 15:01:08.437000 UTC,2026-03-09 16:57:08.437000 UTC
HS-002001,SHP-130879,completed,,CREF-031942,,sea,lcl,EU Exp,CIF,,4.896,,2026-02-27,,TRUE,2026-01-26 12:16:19.205000 UTC,2026-03-23 12:10:59.089000 UTC,2026-03-23 15:52:59.089000 UTC
HS-094040,SHP-074824,completed,,CREF-023883,,rail,lcl,EU Imp,EXW,,18,,2026-02-04,,TRUE,2026-01-08 14:59:00.600000 UTC,2026-03-12 14:24:48.257000 UTC,2026-03-12 18:08:48.257000 UTC
HS-061615,SHP-018431,completed,,CREF-098185,,rail,lcl,EU Imp,EXW,,1.5718,,2026-01-17,,TRUE,2026-01-06 09:37:33.623000 UTC,2026-03-09 16:00:39.077000 UTC,2026-03-09 17:55:39.077000 UTC
HS-078319,SHP-061941,active,,,,air,lcl,EU Imp,EXW,73,,,2026-09-18,,TRUE,2026-09-14 12:23:40.467000 UTC,2026-09-18 12:39:30.004000 UTC,2026-09-18 13:33:30.004000 UTC
HS-058514,SHP-093809,active,,CREF-154541,,sea,fcl,EU Imp,FOB,,,2,2026-09-28,,TRUE,2026-09-11 07:35:20.536000 UTC,2026-09-16 09:16:14.389000 UTC,2026-09-16 09:38:14.389000 UTC
HS-019298,SHP-200483,completed,,,,air,lcl,EU Exp,CPT,500,,,2026-09-12,,TRUE,2026-09-09 07:34:26.187000 UTC,2026-09-14 07:51:29.617000 UTC,2026-09-14 11:50:29.617000 UTC
HS-104841,SHP-017139,active,,,,sea,fcl,EU Imp,FOB,,,3,2026-09-27,,,2026-09-07 10:00:10.858000 UTC,2026-09-08 09:31:19.561000 UTC,2026-09-08 12:25:19.561000 UTC
HS-057595,SHP-079912,active,,,,sea,fcl,EU Imp,FOB,,,4,2026-09-28,,,2026-09-04 13:07:10.844000 UTC,2026-09-14 12:38:20.681000 UTC,2026-09-14 16:16:20.681000 UTC
HS-028242,SHP-192613,active,,,,sea,fcl,EU Imp,FOB,,,2,2026-09-25,,,2026-08-31 08:14:23.847000 UTC,2026-09-08 11:01:23.801000 UTC,2026-09-08 13:52:23.801000 UTC
HS-206525,SHP-098456,canceled,,,,rail,lcl,EU Imp,EXW,,3.4012,,2026-09-16,2026-09-17 07:27:16.224000 UTC,TRUE,2026-08-28 13:20:32.164000 UTC,2026-09-17 07:27:16.554000 UTC,2026-09-17 10:07:16.554000 UTC
HS-130391,SHP-097281,active,,,,sea,fcl,EU Imp,FOB,,,2,2026-09-21,,,2026-08-28 05:51:50.512000 UTC,2026-09-17 13:49:35.856000 UTC,2026-09-17 16:31:35.856000 UTC
HS-147228,SHP-024630,active,CBR-017481-0,CREF-004236,carrierConfirmed,sea,fcl,EU Imp,FOB,,,2,2026-09-16,,TRUE,2026-08-13 13:53:11.119000 UTC,2026-09-18 02:42:19.464000 UTC,2026-09-18 03:52:19.464000 UTC
HS-163126,SHP-193050,active,,,,sea,fcl,CrossT,CFR,,,10,2026-09-07,,,2026-08-12 07:44:53.240000 UTC,2026-09-18 14:10:37.664000 UTC,2026-09-18 14:23:37.664000 UTC
HS-094613,SHP-215456,active,,,,sea,fcl,EU Exp,CFR,,,12,2026-08-26,,,2026-08-07 13:19:19.670000 UTC,2026-09-18 14:10:58.873000 UTC,2026-09-18 16:49:58.873000 UTC
HS-164026,SHP-053102,active,,,,sea,fcl,EU Imp,FOB,,,2,2026-08-25,,,2026-07-29 06:40:05.987000 UTC,2026-09-17 03:00:27.887000 UTC,2026-09-17 04:31:27.887000 UTC
HS-072285,SHP-097575,active,,,,sea,fcl,EU Imp,FOB,,,10,2026-09-01,,,2026-07-22 06:56:43.827000 UTC,2026-09-17 21:00:21.419000 UTC,2026-09-18 00:17:21.419000 UTC
HS-042425,SHP-153182,completed,,,,sea,fcl,EU Exp,CIF,,,1,2026-07-25,,,2026-07-01 11:27:22.838000 UTC,2026-08-27 19:26:49.650000 UTC,2026-08-27 22:18:49.650000 UTC
HS-180235,SHP-035665,active,,CREF-034145,,sea,lcl,EU Imp,FOB,,5.175,,2026-07-19,,TRUE,2026-06-15 16:06:12.810000 UTC,2026-09-18 12:37:24.470000 UTC,2026-09-18 13:19:24.470000 UTC
HS-128938,SHP-119418,completed,,CREF-076009,,rail,lcl,CrossT,EXW,,0.1065,,2026-06-29,,TRUE,2026-06-15 13:53:58.091000 UTC,2026-08-01 11:30:50.432000 UTC,2026-08-01 12:04:50.432000 UTC
HS-053287,SHP-206902,completed,,,,sea,fcl,EU Exp,CFR,,,1,2026-07-05,,,2026-05-29 09:26:23.192000 UTC,2026-08-14 16:05:08.369000 UTC,2026-08-14 17:07:08.369000 UTC
HS-087715,SHP-102721,completed,,,,air,lcl,EU Imp,EXW,122,,,2026-06-03,,TRUE,2026-05-29 08:49:34.480000 UTC,2026-07-22 10:04:16.111000 UTC,2026-07-22 11:17:16.111000 UTC
HS-005891,SHP-164494,completed,BKG-021233,CREF-048883,authorized,sea,fcl,EU Imp,CFR,,,2,2026-05-24,,TRUE,2026-05-27 14:48:06.285000 UTC,2026-06-10 09:20:13.228000 UTC,2026-06-10 11:55:13.228000 UTC
HS-040631,SHP-047030,completed,,CREF-084507,,sea,lcl,EU Imp,FOB,,4.3211,,2026-06-22,,TRUE,2026-05-26 09:10:45.843000 UTC,2026-08-31 12:57:13.749000 UTC,2026-08-31 16:50:13.749000 UTC
HS-205107,SHP-084096,completed,,,,air,lcl,EU Imp,EXW,1035,,,2026-05-31,,TRUE,2026-05-20 10:14:54.701000 UTC,2026-06-29 14:49:16.299000 UTC,2026-06-29 15:32:16.299000 UTC
HS-135993,SHP-061257,active,,,,sea,fcl,EU Imp,FOB,,,21,2026-08-12,,,2026-05-18 11:49:40.371000 UTC,2026-09-04 04:15:29.316000 UTC,2026-09-04 04:30:29.316000 UTC
HS-122436,SHP-086825,completed,,,,air,lcl,EU Imp,FCA_T,44,,,2026-05-15,,TRUE,2026-05-12 13:27:02.283000 UTC,2026-06-22 10:21:06.498000 UTC,2026-06-22 14:12:06.498000 UTC
HS-130315,SHP-078099,completed,BKG-008474,CREF-118589,carrierConfirmed,sea,fcl,EU Imp,FOB,,,2,2026-05-17,,TRUE,2026-05-07 09:38:34.807000 UTC,2026-09-11 01:11:13.972000 UTC,2026-09-11 01:39:13.972000 UTC
HS-051384,SHP-160784,completed,,,,air,lcl,EU Imp,EXW,134,,,2026-07-02,,TRUE,2026-05-06 09:42:04.271000 UTC,2026-08-04 07:32:42.588000 UTC,2026-08-04 10:08:42.588000 UTC
HS-046921,SHP-106598,completed,,CREF-008621,,rail,lcl,EU Imp,FOB,,0.5376,,2026-05-06,,TRUE,2026-04-21 10:04:25.940000 UTC,2026-06-11 07:58:43.621000 UTC,2026-06-11 09:24:43.621000 UTC
HS-074503,SHP-192921,completed,BKG-023587,CREF-018860,authorized,sea,fcl,EU Imp,CIF,,,2,2026-04-01,,TRUE,2026-04-01 14:48:58.476000 UTC,2026-06-12 13:59:46.894000 UTC,2026-06-12 15:35:46.894000 UTC
HS-130864,SHP-134905,canceled,,CREF-056727,,rail,lcl,EU Imp,FCA_LW,,7.322,,2026-04-19,2026-04-20 08:53:29.334000 UTC,TRUE,2026-04-01 11:46:12.789000 UTC,2026-04-20 08:53:29.747000 UTC,2026-04-20 12:05:29.747000 UTC
HS-223796,SHP-197120,completed,,,,air,lcl,EU Imp,EXW,2654,,,2026-04-02,,TRUE,2026-03-27 07:09:25.988000 UTC,2026-04-15 14:13:40.582000 UTC,2026-04-15 17:34:40.582000 UTC
HS-059182,SHP-074419,completed,,CREF-159326,,rail,fcl,EU Imp,FOB,,,2,2026-04-19,,TRUE,2026-03-25 15:23:21.894000 UTC,2026-05-25 14:24:29.045000 UTC,2026-05-25 16:27:29.045000 UTC
HS-021750,SHP-072044,completed,BKG-003721,CREF-125923,carrierConfirmed,sea,fcl,EU Imp,FOB,,,10,2026-05-01,,TRUE,2026-03-19 08:40:53.385000 UTC,2026-08-03 09:50:19.004000 UTC,2026-08-03 11:21:19.004000 UTC
HS-020609,SHP-131267,completed,CBR-014666-0,CREF-079117,carrierConfirmed,sea,fcl,EU Exp,CFR,,,1,2026-04-12,,TRUE,2026-03-18 09:20:29.214000 UTC,2026-05-22 09:00:07.533000 UTC,2026-05-22 10:30:07.533000 UTC
HS-191558,SHP-113739,completed,,,,rail,lcl,EU Imp,EXW,,12.654,,2026-03-28,,TRUE,2026-03-17 14:28:18.053000 UTC,2026-05-14 10:18:40.333000 UTC,2026-05-14 12:16:40.333000 UTC
HS-085417,SHP-136492,completed,,,,rail,fcl,EU Imp,CFR,,,2,2026-02-09,,TRUE,2026-03-16 12:54:30.702000 UTC,2026-03-18 11:49:23.160000 UTC,2026-03-18 11:59:23.160000 UTC
HS-196960,SHP-034851,completed,BKG-020598,CREF-040399,carrierConfirmed,sea,fcl,EU Imp,FCA_T,,,1,2026-02-10,,TRUE,2026-01-19 09:23:16.733000 UTC,2026-05-04 15:50:56.877000 UTC,2026-05-04 16:19:56.877000 UTC
HS-116933,SHP-206352,completed,,CREF-125104,,sea,lcl,EU Imp,FOB,,1.5398,,2026-01-24,,TRUE,2026-01-13 07:42:05.552000 UTC,2026-07-23 13:49:41.235000 UTC,2026-07-23 14:04:41.235000 UTC
HS-030037,SHP-087589,completed,,CREF-107156,,sea,lcl,EU Imp,FOB,,7,,2026-02-02,,TRUE,2025-12-22 12:29:24.079000 UTC,2026-05-21 13:24:16.966000 UTC,2026-05-21 13:44:16.966000 UTC
HS-152884,SHP-199539,active,,,,sea,fcl,EU Imp,FOB,,,1,2026-09-23,,,2026-09-07 08:52:54.785000 UTC,2026-09-08 06:47:42.207000 UTC,2026-09-08 08:34:42.207000 UTC
HS-078033,SHP-075680,active,,,,sea,fcl,EU Imp,FOB,,,2,2026-09-27,,,2026-09-04 08:59:19.565000 UTC,2026-09-17 19:04:14.272000 UTC,2026-09-17 22:24:14.272000 UTC
HS-090807,SHP-087670,active,,,,sea,fcl,EU Imp,FOB,,,2,2026-09-21,,,2026-09-04 08:41:36.595000 UTC,2026-09-17 21:58:04.710000 UTC,2026-09-18 01:20:04.710000 UTC
HS-203139,SHP-056570,active,,CREF-023398,,sea,lcl,EU Imp,FOB,,2.496,,2026-09-13,,TRUE,2026-09-03 09:09:02.446000 UTC,2026-09-18 08:52:58.841000 UTC,2026-09-18 12:48:58.841000 UTC
HS-005132,SHP-020719,active,,,,sea,fcl,EU Imp,FOB,,,2,2026-09-18,,,2026-08-25 09:28:51.898000 UTC,2026-09-18 10:49:30.754000 UTC,2026-09-18 13:32:30.754000 UTC
HS-171584,SHP-099727,active,,,,sea,fcl,EU Exp,CFR,,,2,2026-09-15,,,2026-08-17 12:44:44.690000 UTC,2026-09-18 06:55:11.040000 UTC,2026-09-18 08:33:11.040000 UTC
HS-075695,SHP-102602,active,,,,sea,fcl,EU Imp,FOB,,,2,2026-09-11,,,2026-08-11 08:05:01.557000 UTC,2026-09-15 09:51:46.501000 UTC,2026-09-15 11:43:46.501000 UTC
HS-013316,SHP-052179,completed,,,,air,lcl,EU Imp,FOB,319,,,2026-08-20,,TRUE,2026-08-11 07:14:31.696000 UTC,2026-08-28 09:05:24.195000 UTC,2026-08-28 09:19:24.195000 UTC
HS-095058,SHP-103424,active,,,,sea,fcl,EU Exp,CFR,,,2,2026-08-12,,,2026-07-24 05:39:45.643000 UTC,2026-09-17 18:19:25.441000 UTC,2026-09-17 20:34:25.441000 UTC
HS-162453,SHP-045242,active,,CREF-076960,,rail,lcl,EU Imp,FOB,,0.72,,2026-07-29,,TRUE,2026-07-15 08:43:35.478000 UTC,2026-09-09 19:07:18.210000 UTC,2026-09-09 21:51:18.210000 UTC
HS-213809,SHP-104872,active,,,,sea,fcl,EU Imp,FOB,,,2,2026-08-06,,,2026-07-14 06:15:09.680000 UTC,2026-09-13 08:00:13.595000 UTC,2026-09-13 10:53:13.595000 UTC
HS-080035,SHP-205497,active,,CREF-071212,,sea,lcl,EU Imp,FOB,,3.6,,2026-07-21,,TRUE,2026-06-29 04:50:44.414000 UTC,2026-09-17 07:21:33.354000 UTC,2026-09-17 08:46:33.354000 UTC
HS-108965,SHP-176354,completed,,,,air,lcl,EU Imp,EXW,1539,,,2026-07-06,,TRUE,2026-06-25 08:48:47.682000 UTC,2026-08-04 07:34:47.263000 UTC,2026-08-04 09:30:47.263000 UTC
HS-117117,SHP-081149,completed,,,,sea,fcl,EU Exp,CFR,,,2,2026-06-22,,,2026-06-10 10:32:26.090000 UTC,2026-08-17 09:12:46.750000 UTC,2026-08-17 12:51:46.750000 UTC
HS-059663,SHP-075507,active,BKG-004734,CREF-118137,carrierConfirmed,sea,fcl,EU Imp,FOB,,,2,2026-08-03,,TRUE,2026-06-05 10:57:50.000000 UTC,2026-09-17 09:15:26.311000 UTC,2026-09-17 10:21:26.311000 UTC
HS-052807,SHP-003941,completed,,,,sea,fcl,EU Exp,CFR,,,2,2026-06-23,,,2026-06-03 10:41:44.711000 UTC,2026-09-08 06:48:38.694000 UTC,2026-09-08 09:07:38.694000 UTC
HS-007807,SHP-159470,completed,,,,sea,fcl,EU Exp,CIF,,,2,2026-06-16,,,2026-06-02 09:22:56.166000 UTC,2026-08-25 09:52:57.347000 UTC,2026-08-25 13:17:57.347000 UTC
HS-115594,SHP-151860,completed,CBR-011086-0,CREF-075378,shipment,sea,fcl,EU Imp,CIF,,,2,2026-07-02,,TRUE,2026-05-29 14:56:28.462000 UTC,2026-07-29 18:41:02.395000 UTC,2026-07-29 21:28:02.395000 UTC
HS-134694,SHP-007029,completed,,CREF-105487,,rail,lcl,EU Imp,FOB,,9.6898,,2026-06-11,,TRUE,2026-05-20 07:20:49.831000 UTC,2026-08-02 22:26:28.236000 UTC,2026-08-03 00:34:28.236000 UTC
HS-119787,SHP-041469,canceled,,,,air,lcl,EU Imp,FOB,434.44,,,2026-05-22,2026-05-20 13:50:58.292000 UTC,TRUE,2026-05-19 08:29:12.757000 UTC,2026-05-20 13:50:59.002000 UTC,2026-05-20 16:53:59.002000 UTC
HS-072265,SHP-126924,completed,,,,air,lcl,EU Exp,EXW,240,,,2026-04-24,,TRUE,2026-04-20 08:12:00.146000 UTC,2026-06-03 09:13:40.983000 UTC,2026-06-03 10:57:40.983000 UTC
HS-160335,SHP-190251,completed,,CREF-058821,,rail,lcl,EU Imp,EXW,,7.2375,,2026-05-08,,TRUE,2026-04-10 13:19:38.506000 UTC,2026-07-03 12:55:33.395000 UTC,2026-07-03 13:12:33.395000 UTC
HS-101998,SHP-008324,completed,,CREF-063315,,sea,lcl,EU Imp,FOB,,3.8152,,2026-04-15,,TRUE,2026-03-31 04:54:51.869000 UTC,2026-06-01 12:33:01.697000 UTC,2026-06-01 15:42:01.697000 UTC
HS-132739,SHP-048453,completed,BKG-020124,CREF-013506,carrierConfirmed,sea,fcl,EU Imp,FOB,,,2,2026-04-12,,TRUE,2026-03-26 13:33:36.311000 UTC,2026-06-22 16:08:30.753000 UTC,2026-06-22 19:44:30.753000 UTC
HS-110585,SHP-135803,completed,BKG-015985,CREF-105616,authorized,sea,fcl,EU Imp,CIF,,,2,2026-03-24,,TRUE,2026-03-24 12:31:13.668000 UTC,2026-06-12 14:01:52.405000 UTC,2026-06-12 17:59:52.405000 UTC
HS-186985,SHP-159265,completed,,CREF-114851,,rail,fcl,EU Imp,FCA_T,,,2,2026-04-07,,TRUE,2026-03-17 07:38:47.249000 UTC,2026-05-29 09:04:44.943000 UTC,2026-05-29 09:29:44.943000 UTC
HS-181633,SHP-045844,completed,,CREF-136041,,rail,fcl,EU Imp,FOB,,,2,2026-03-17,,TRUE,2026-03-11 11:30:30.643000 UTC,2026-04-28 06:03:47.557000 UTC,2026-04-28 07:48:47.557000 UTC
HS-012326,SHP-005027,completed,,CREF-064068,,sea,lcl,EU Imp,FOB,,6.7298,,2026-04-08,,TRUE,2026-03-06 09:15:21.163000 UTC,2026-07-02 09:44:39.373000 UTC,2026-07-02 11:27:39.373000 UTC
HS-099469,SHP-080409,completed,,CREF-028306,,sea,fcl,EU Imp,CIF,,,2,2026-03-13,,TRUE,2026-03-04 09:58:27.715000 UTC,2026-03-26 14:04:54.725000 UTC,2026-03-26 15:35:54.725000 UTC
HS-183602,SHP-086589,completed,,,,air,lcl,EU Exp,CPT,2046.2,,,2026-02-24,,TRUE,2026-02-13 10:58:27.581000 UTC,2026-03-20 14:42:05.645000 UTC,2026-03-20 16:03:05.645000 UTC
HS-067109,SHP-167704,canceled,BKG-032170,CREF-048961,carrierConfirmed,sea,fcl,EU Imp,FOB,,,2,2026-02-12,2026-02-02 07:53:54.772000 UTC,TRUE,2026-01-30 08:36:42.684000 UTC,2026-02-02 07:53:55.652000 UTC,2026-02-02 09:42:55.652000 UTC
HS-184076,SHP-030006,canceled,,,,sea,lcl,EU Imp,FOB,,24.696,,2026-02-15,2026-01-29 09:41:03.499000 UTC,TRUE,2026-01-28 08:45:33.410000 UTC,2026-01-29 09:41:04.454000 UTC,2026-01-29 10:44:04.454000 UTC
HS-071236,SHP-195425,completed,,,,air,lcl,EU Imp,FOB,1592,,,2026-02-15,,TRUE,2026-01-26 14:42:53.433000 UTC,2026-03-03 14:11:48.303000 UTC,2026-03-03 17:19:48.303000 UTC
HS-113201,SHP-184743,completed,,CREF-085965,,sea,fcl,EU Exp,CFR,,,8,2026-03-11,,TRUE,2026-01-21 07:58:59.530000 UTC,2026-03-20 10:25:28.737000 UTC,2026-03-20 11:53:28.737000 UTC
HS-065561,SHP-094745,completed,,CREF-028805,,sea,fcl,CrossT,CIF,,,10,2026-02-09,,TRUE,2025-12-19 16:27:06.623000 UTC,2026-04-07 07:54:13.388000 UTC,2026-04-07 09:21:13.388000 UTC
HS-212240,SHP-106996,active,,,,air,lcl,EU Imp,EXW,2012.64,,,2026-09-18,,TRUE,2026-09-14 10:50:05.870000 UTC,2026-09-18 12:27:16.316000 UTC,2026-09-18 13:36:16.316000 UTC
HS-124627,SHP-105402,canceled,,,,rail,lcl,EU Imp,FOB,,5.596,,2026-09-30,2026-09-18 12:36:36.329000 UTC,TRUE,2026-09-10 10:58:48.415000 UTC,2026-09-18 12:36:37.070000 UTC,2026-09-18 14:30:37.070000 UTC
HS-064230,SHP-215577,active,CBR-008639-0,CREF-062671,carrierConfirmed,sea,fcl,EU Exp,CFR,,,2,2026-10-02,,TRUE,2026-09-07 09:53:20.862000 UTC,2026-09-17 10:44:25.613000 UTC,2026-09-17 10:53:25.613000 UTC
HS-038243,SHP-164599,active,,CREF-115040,,sea,lcl,EU Imp,FOB,,9.3312,,2026-10-03,,TRUE,2026-09-07 07:12:05.387000 UTC,2026-09-17 06:54:39.331000 UTC,2026-09-17 10:40:39.331000 UTC
HS-204444,SHP-106142,active,,,,sea,fcl,EU Imp,FOB,,,2,2026-09-27,,,2026-09-04 08:42:43.215000 UTC,2026-09-18 12:01:25.355000 UTC,2026-09-18 15:56:25.355000 UTC
HS-188171,SHP-208816,active,,,,sea,fcl,EU Imp,FOB,,,1,2026-09-13,,,2026-08-27 07:20:04.106000 UTC,2026-08-28 02:27:35.199000 UTC,2026-08-28 05:19:35.199000 UTC
HS-101945,SHP-199268,active,,,,sea,fcl,EU Imp,FOB,,,2,2026-09-19,,,2026-08-27 07:09:59.032000 UTC,2026-09-11 09:08:59.612000 UTC,2026-09-11 09:18:59.612000 UTC
HS-213389,SHP-121370,active,,,,sea,fcl,EU Exp,EXW,,,2,2026-09-01,,,2026-08-25 14:34:10.688000 UTC,2026-09-15 08:11:40.080000 UTC,2026-09-15 09:09:40.080000 UTC
HS-041260,SHP-026241,active,,,,sea,fcl,EU Imp,FOB,,,3,2026-09-21,,,2026-08-24 07:14:42.683000 UTC,2026-09-17 11:18:55.477000 UTC,2026-09-17 12:55:55.477000 UTC
HS-138885,SHP-108619,active,,,,sea,fcl,EU Exp,CPT,,,1,2026-09-15,,,2026-08-21 13:12:23.387000 UTC,2026-09-18 04:00:12.942000 UTC,2026-09-18 07:55:12.942000 UTC
HS-067103,SHP-215639,canceled,,,,sea,fcl,EU Imp,FOB,,,20,2026-09-06,2026-08-19 10:40:23.983000 UTC,,2026-08-07 15:18:15.286000 UTC,2026-08-19 10:40:41.347000 UTC,2026-08-19 13:49:41.347000 UTC
HS-001495,SHP-101934,completed,,,,air,lcl,EU Imp,EXW,487.49,,,2026-08-07,,TRUE,2026-08-04 07:03:04.813000 UTC,2026-08-28 08:50:59.288000 UTC,2026-08-28 10:52:59.288000 UTC
HS-097181,SHP-160759,active,,,,sea,fcl,EU Imp,FOB,,,2,2026-09-07,,,2026-08-03 13:22:07.516000 UTC,2026-09-17 17:00:13.778000 UTC,2026-09-17 18:49:13.778000 UTC
HS-197278,SHP-101815,active,,,,sea,fcl,EU Imp,FOB,,,1,2026-08-10,,,2026-07-28 10:22:02.237000 UTC,2026-09-16 18:00:13.978000 UTC,2026-09-16 19:12:13.978000 UTC
HS-022158,SHP-026065,completed,,,,sea,fcl,EU Exp,CFR,,,16,2026-07-26,,,2026-07-13 12:41:08.488000 UTC,2026-08-24 07:05:33.618000 UTC,2026-08-24 09:57:33.618000 UTC
HS-032143,SHP-050047,completed,CBR-011357-0,CREF-138455,shipment,sea,fcl,EU Imp,CIF,,,2,2026-06-27,,TRUE,2026-06-29 09:51:05.785000 UTC,2026-07-31 13:58:03.977000 UTC,2026-07-31 16:06:03.977000 UTC
HS-069360,SHP-196417,completed,,,,air,lcl,EU Exp,CPT,2651,,,2026-06-20,,TRUE,2026-06-18 12:28:47.535000 UTC,2026-07-21 12:24:32.075000 UTC,2026-07-21 15:52:32.075000 UTC
HS-213500,SHP-096265,completed,,,,sea,fcl,EU Exp,EXW,,,4,2026-06-29,,,2026-06-16 10:44:20.863000 UTC,2026-09-09 08:52:00.704000 UTC,2026-09-09 09:21:00.704000 UTC
HS-201662,SHP-153287,completed,,,,sea,fcl,EU Exp,CIF,,,8,2026-06-23,,,2026-06-05 09:32:49.383000 UTC,2026-08-31 06:53:24.749000 UTC,2026-08-31 08:47:24.749000 UTC
HS-073895,SHP-008703,completed,,CREF-130986,,rail,lcl,EU Imp,FCA_T,,7.1834,,2026-06-10,,TRUE,2026-05-20 09:48:52.788000 UTC,2026-08-29 15:32:20.118000 UTC,2026-08-29 18:38:20.118000 UTC
HS-213177,SHP-092759,completed,,CREF-119990,,sea,lcl,EU Imp,FOB,,3.8445,,2026-05-30,,TRUE,2026-05-19 11:58:27.377000 UTC,2026-07-27 09:33:24.796000 UTC,2026-07-27 09:52:24.796000 UTC
HS-218249,SHP-080567,completed,BKG-023985,,authorized,sea,fcl,EU Imp,CFR,,,1,2026-05-19,,TRUE,2026-05-19 09:55:54.024000 UTC,2026-06-09 14:28:35.742000 UTC,2026-06-09 16:58:35.742000 UTC
HS-151914,SHP-179574,completed,CBR-025901-0,CREF-157790,carrierConfirmed,sea,fcl,EU Exp,CFR,,,1,2026-06-15,,TRUE,2026-05-18 13:35:26.195000 UTC,2026-08-04 11:33:02.935000 UTC,2026-08-04 12:03:02.935000 UTC
HS-175835,SHP-131990,completed,,CREF-034797,,rail,lcl,EU Imp,FOB,,12.21,,2026-05-22,,TRUE,2026-05-11 15:16:08.862000 UTC,2026-07-08 06:51:33.111000 UTC,2026-07-08 09:23:33.111000 UTC
HS-105213,SHP-182908,completed,,,,sea,fcl,EU Exp,CIF,,,1,2026-05-31,,,2026-05-11 09:32:09.540000 UTC,2026-06-16 09:35:18.136000 UTC,2026-06-16 12:42:18.136000 UTC
HS-066001,SHP-062743,completed,,,,sea,fcl,EU Exp,FCA_LW,,,8,2026-06-02,,,2026-05-04 14:08:13.120000 UTC,2026-09-18 14:10:27.836000 UTC,2026-09-18 14:17:27.836000 UTC
HS-071312,SHP-113516,completed,,,,rail,fcl,EU Imp,EXW,,,2,2026-05-29,,TRUE,2026-04-24 07:45:42.045000 UTC,2026-07-15 14:12:06.427000 UTC,2026-07-15 15:08:06.427000 UTC
HS-214247,SHP-092232,completed,,CREF-050495,,rail,lcl,EU Imp,FOB,,3.2062,,2026-05-02,,TRUE,2026-04-23 10:09:36.478000 UTC,2026-06-09 09:44:04.920000 UTC,2026-06-09 13:39:04.920000 UTC
HS-137586,SHP-011699,completed,,CREF-082714,,sea,lcl,EU Imp,FOB,,0.83,,2026-04-27,,TRUE,2026-04-16 10:11:09.747000 UTC,2026-06-26 08:48:07.699000 UTC,2026-06-26 10:20:07.699000 UTC
HS-021342,SHP-107765,completed,,,,air,lcl,CrossT,EXW,26.1,,,2026-04-26,,TRUE,2026-04-14 15:14:27.730000 UTC,2026-05-04 07:19:06.663000 UTC,2026-05-04 10:53:06.663000 UTC
HS-163236,SHP-005461,canceled,BKG-023440,,carrierContacted,sea,fcl,EU Imp,FOB,,,3,2026-04-24,2026-04-10 07:45:26.316000 UTC,FALSE,2026-03-23 14:30:20.309000 UTC,2026-06-12 14:03:44.101000 UTC,2026-06-12 14:55:44.101000 UTC
HS-028381,SHP-046994,completed,,CREF-138405,,sea,fcl,EU Imp,FOB,,,2,2026-03-25,,TRUE,2026-03-12 09:03:48.303000 UTC,2026-06-12 14:55:20.458000 UTC,2026-06-12 18:45:20.458000 UTC
HS-043895,SHP-053742,completed,,CREF-083951,,sea,lcl,EU Imp,FOB,,8.0843,,2026-04-09,,TRUE,2026-03-04 08:12:20.102000 UTC,2026-07-02 09:53:42.592000 UTC,2026-07-02 11:14:42.592000 UTC
HS-079121,SHP-168156,completed,,CREF-034734,,rail,fcl,EU Imp,FOB,,,2,2026-03-10,,TRUE,2026-02-25 13:00:07.196000 UTC,2026-04-21 08:46:14.169000 UTC,2026-04-21 09:53:14.169000 UTC
HS-082365,SHP-110464,completed,,,,air,lcl,EU Exp,CPT,1528,,,2026-02-20,,TRUE,2026-02-19 07:24:01.700000 UTC,2026-03-13 15:08:13.477000 UTC,2026-03-13 17:08:13.477000 UTC
HS-121275,SHP-005619,completed,,,,rail,fcl,EU Imp,FCA_LW,,,2,2026-03-24,,TRUE,2026-02-12 07:54:02.744000 UTC,2026-07-23 13:10:27.692000 UTC,2026-07-23 14:41:27.692000 UTC
HS-143468,SHP-082327,completed,,CREF-106250,,sea,fcl,EU Exp,FOB,,,4,2026-02-11,,TRUE,2026-02-05 11:51:24.990000 UTC,2026-03-16 11:37:28.182000 UTC,2026-03-16 12:06:28.182000 UTC
HS-033314,SHP-028749,canceled,CBR-008403-0,,shipment,sea,fcl,EU Exp,CFR,,,1,2026-02-19,2026-02-03 08:59:10.713000 UTC,FALSE,2026-01-30 07:09:41.652000 UTC,2026-02-03 08:59:11.480000 UTC,2026-02-03 10:38:11.480000 UTC
HS-002812,SHP-158462,completed,,,,rail,fcl,EU Imp,EXW,,,2,2026-01-11,,TRUE,2025-12-26 10:07:21.649000 UTC,2026-03-24 18:11:07.189000 UTC,2026-03-24 20:34:07.189000 UTC
HS-055516,SHP-050923,completed,,CREF-070465,,sea,fcl,EU Exp,CFR,,,20,2026-02-08,,TRUE,2025-12-15 14:37:41.828000 UTC,2026-02-25 07:21:30.028000 UTC,2026-02-25 09:06:30.028000 UTC
HS-101948,SHP-005281,canceled,,CREF-154898,,sea,fcl,EU Imp,DDP,,,2,2026-01-18,2025-12-15 07:44:23.746000 UTC,TRUE,2025-12-09 10:21:31.730000 UTC,2025-12-15 07:44:24.441000 UTC,2025-12-15 08:13:24.441000 UTC
HS-167808,SHP-184600,active,,,,sea,fcl,EU Imp,FOB,,,1,2026-10-03,,,2026-08-21 09:30:43.885000 UTC,2026-09-07 08:43:53.162000 UTC,2026-09-07 09:10:53.162000 UTC
HS-106853,SHP-205627,active,,,,air,lcl,EU Exp,CPT,240,,,2026-09-30,,TRUE,2026-08-14 09:24:05.144000 UTC,2026-09-11 09:44:57.809000 UTC,2026-09-11 10:12:57.809000 UTC
HS-144855,SHP-128607,active,,CREF-144193,,sea,lcl,EU Imp,EXW,,6.7973,,2026-09-11,,TRUE,2026-08-13 10:04:40.757000 UTC,2026-09-11 08:45:26.336000 UTC,2026-09-11 11:27:26.336000 UTC
HS-170815,SHP-155390,completed,,,,sea,fcl,EU Exp,CPT,,,1,2026-08-20,,,2026-07-30 11:33:38.696000 UTC,2026-09-12 01:57:13.411000 UTC,2026-09-12 04:37:13.411000 UTC
HS-100130,SHP-061214,active,,,,sea,fcl,EU Imp,DAP,,,4,2026-10-01,,,2026-07-29 01:33:10.869000 UTC,2026-09-17 23:32:49.988000 UTC,2026-09-18 00:06:49.988000 UTC
HS-083992,SHP-029509,active,,CREF-103507,,rail,lcl,EU Imp,EXW,,15.1142,,2026-08-25,,TRUE,2026-07-22 07:05:30.800000 UTC,2026-09-16 12:38:22.872000 UTC,2026-09-16 15:59:22.872000 UTC
HS-020222,SHP-033861,completed,,CREF-103705,,rail,lcl,EU Imp,EXW,,4.5003,,2026-07-24,,TRUE,2026-07-21 11:06:14.410000 UTC,2026-09-01 11:59:28.690000 UTC,2026-09-01 15:32:28.690000 UTC
HS-178304,SHP-173444,active,,,,sea,fcl,EU Imp,FOB,,,1,2026-08-06,,,2026-07-16 08:41:16.683000 UTC,2026-09-17 20:00:19.059000 UTC,2026-09-17 21:55:19.059000 UTC
HS-125381,SHP-158465,active,,,,sea,fcl,EU Imp,FOB,,,2,2026-08-03,,,2026-07-16 07:24:22.216000 UTC,2026-09-16 09:26:22.453000 UTC,2026-09-16 12:05:22.453000 UTC
HS-014085,SHP-074870,completed,,,,air,lcl,EU Imp,FCA_T,6045.01,,,2026-07-10,,TRUE,2026-07-06 11:55:27.842000 UTC,2026-09-01 07:49:21.510000 UTC,2026-09-01 10:20:21.510000 UTC
HS-130731,SHP-056019,completed,,CREF-137420,,sea,lcl,EU Imp,FOB,,0.9407,,2026-07-19,,TRUE,2026-07-03 12:40:36.240000 UTC,2026-09-08 10:35:03.698000 UTC,2026-09-08 10:47:03.698000 UTC
HS-014296,SHP-184864,completed,BKG-020342,CREF-052938,carrierConfirmed,sea,fcl,EU Imp,FOB,,,4,2026-07-10,,TRUE,2026-06-08 10:17:13.428000 UTC,2026-09-08 08:37:50.469000 UTC,2026-09-08 12:22:50.469000 UTC
HS-013193,SHP-122931,completed,CBR-018794-0,CREF-069267,shipment,sea,fcl,EU Imp,CIF,,,2,2026-06-06,,TRUE,2026-06-05 14:05:11.567000 UTC,2026-06-12 12:37:10.638000 UTC,2026-06-12 14:16:10.638000 UTC
HS-111230,SHP-009313,completed,,CREF-110849,,sea,lcl,EU Imp,FOB,,8.559,,2026-06-23,,TRUE,2026-06-01 13:50:44.837000 UTC,2026-09-11 12:58:35.512000 UTC,2026-09-11 13:04:35.512000 UTC
HS-170440,SHP-015063,completed,BKG-026270,CREF-010535,carrierConfirmed,sea,fcl,EU Imp,FOB,,,4,2026-06-11,,TRUE,2026-05-22 11:03:58.516000 UTC,2026-08-12 07:09:07.331000 UTC,2026-08-12 07:24:07.331000 UTC
HS-097803,SHP-116945,completed,,CREF-103855,,rail,lcl,EU Imp,FOB,,7.722,,2026-06-10,,TRUE,2026-05-20 10:03:18.910000 UTC,2026-08-03 12:54:22.767000 UTC,2026-08-03 15:09:22.767000 UTC
HS-065954,SHP-014727,completed,,CREF-013501,,sea,lcl,EU Imp,FOB,,34.0401,,2026-06-01,,TRUE,2026-05-15 09:55:17.021000 UTC,2026-08-07 07:41:01.975000 UTC,2026-08-07 08:58:01.975000 UTC
HS-021241,SHP-154469,completed,,CREF-149851,,rail,lcl,EU Imp,EXW,,4.1702,,2026-05-28,,TRUE,2026-05-14 10:23:48.790000 UTC,2026-07-07 11:18:33.069000 UTC,2026-07-07 14:39:33.069000 UTC
HS-211064,SHP-110787,completed,,,,air,lcl,EU Imp,EXW,122,,,2026-05-16,,TRUE,2026-05-11 11:48:24.832000 UTC,2026-06-11 09:59:33.486000 UTC,2026-06-11 12:19:33.486000 UTC
HS-129766,SHP-139261,completed,,,,air,lcl,EU Imp,EXW,32.09,,,2026-05-17,,TRUE,2026-05-07 13:16:44.151000 UTC,2026-05-29 11:23:40.956000 UTC,2026-05-29 15:02:40.956000 UTC
HS-135367,SHP-197410,completed,,,,air,lcl,EU Imp,EXW,83,,,2026-05-05,,TRUE,2026-04-28 12:10:58.414000 UTC,2026-05-29 09:31:05.627000 UTC,2026-05-29 13:11:05.627000 UTC
HS-162403,SHP-140447,completed,,,,air,lcl,EU Imp,FOB,88,,,2026-05-03,,TRUE,2026-04-28 11:05:35.652000 UTC,2026-06-22 08:27:42.831000 UTC,2026-06-22 11:16:42.831000 UTC
HS-030471,SHP-099038,completed,,,,air,lcl,EU Imp,EXW,196,,,2026-05-03,,TRUE,2026-04-27 07:42:18.419000 UTC,2026-05-29 09:29:13.577000 UTC,2026-05-29 10:12:13.577000 UTC
HS-215270,SHP-018856,completed,,CREF-123213,,sea,lcl,EU Imp,FOB,,12.2299,,2026-05-18,,TRUE,2026-04-21 09:48:20.840000 UTC,2026-08-31 12:24:01.432000 UTC,2026-08-31 13:15:01.432000 UTC
HS-122605,SHP-017578,completed,,CREF-096220,,sea,lcl,EU Imp,FOB,,1.029,,2026-05-06,,TRUE,2026-04-16 07:32:11.903000 UTC,2026-07-06 13:54:03.852000 UTC,2026-07-06 17:45:03.852000 UTC
HS-207963,SHP-134305,completed,BKG-020117,CREF-108555,carrierConfirmed,sea,fcl,EU Exp,FOB,,,2,2026-04-09,,TRUE,2026-03-25 16:17:41.809000 UTC,2026-07-27 12:58:57.905000 UTC,2026-07-27 13:12:57.905000 UTC
HS-179842,SHP-008876,completed,,CREF-035001,,rail,lcl,EU Imp,FOB,,20.4436,,2026-04-05,,TRUE,2026-03-24 11:23:44.893000 UTC,2026-05-28 09:04:25.773000 UTC,2026-05-28 09:51:25.773000 UTC
HS-077641,SHP-058448,completed,,CREF-053650,,sea,lcl,EU Imp,FOB,,24.0396,,2026-03-29,,TRUE,2026-03-11 10:30:19.793000 UTC,2026-07-16 14:54:15.019000 UTC,2026-07-16 15:40:15.019000 UTC
HS-030868,SHP-112412,canceled,,CREF-082171,,sea,fcl,EU Exp,CFR,,,4,2026-03-25,2026-03-18 15:06:16.596000 UTC,TRUE,2026-03-06 09:33:37.458000 UTC,2026-03-18 15:06:17.864000 UTC,2026-03-18 18:51:17.864000 UTC
HS-152959,SHP-100628,completed,,,,air,lcl,EU Imp,FCA_T,6707.06,,,2026-03-07,,TRUE,2026-03-02 10:47:28.973000 UTC,2026-05-05 12:56:40.921000 UTC,2026-05-05 14:08:40.921000 UTC
HS-115719,SHP-201217,completed,,CREF-012027,,sea,lcl,EU Imp,FOB,,7.5802,,2026-03-16,,TRUE,2026-02-25 14:16:49.458000 UTC,2026-06-02 16:45:48.765000 UTC,2026-06-02 18:05:48.765000 UTC
HS-168992,SHP-059028,completed,,,,air,lcl,EU Imp,DAP,716.05,,,2026-02-24,,TRUE,2026-02-23 15:27:35.297000 UTC,2026-04-09 11:34:19.656000 UTC,2026-04-09 14:48:19.656000 UTC
HS-183184,SHP-170195,canceled,,CREF-060746,,rail,lcl,EU Imp,FCA_T,,5.9397,,2026-02-23,2026-03-03 09:13:54.190000 UTC,TRUE,2026-02-02 07:15:56.407000 UTC,2026-03-03 09:13:54.551000 UTC,2026-03-03 10:15:54.551000 UTC
HS-031397,SHP-064210,completed,,CREF-135523,,sea,lcl,EU Imp,FOB,,2.5312,,2026-02-27,,TRUE,2026-01-16 14:59:04.191000 UTC,2026-05-08 06:29:56.233000 UTC,2026-05-08 07:07:56.233000 UTC
HS-010260,SHP-213661,completed,,,,air,lcl,EU Imp,EXW,2982.66,,,2026-01-17,,TRUE,2026-01-14 12:19:39.594000 UTC,2026-02-19 09:46:40.719000 UTC,2026-02-19 12:31:40.719000 UTC
HS-036338,SHP-067304,active,,,,rail,fcl,EU Imp,EXW,,,2,2026-09-26,,TRUE,2026-09-08 11:09:58.588000 UTC,2026-09-15 08:46:33.481000 UTC,2026-09-15 11:02:33.481000 UTC
HS-180304,SHP-108956,active,,,,sea,fcl,EU Exp,CFR,,,1,2026-11-09,,,2026-09-05 12:52:50.744000 UTC,2026-09-18 11:59:40.184000 UTC,2026-09-18 14:11:40.184000 UTC
HS-135710,SHP-192687,active,,CREF-141113,,rail,lcl,EU Imp,FOB,,10.3557,,2026-09-17,,TRUE,2026-08-26 08:42:04.074000 UTC,2026-09-17 11:19:13.673000 UTC,2026-09-17 13:25:13.673000 UTC
HS-053171,SHP-122866,active,,,,sea,fcl,EU Exp,CFR,,,6,2026-09-02,,,2026-08-20 08:49:36.529000 UTC,2026-09-18 14:06:40.674000 UTC,2026-09-18 14:24:40.674000 UTC
HS-079818,SHP-178063,canceled,,,,sea,fcl,EU Exp,CFR,,,2,2026-08-21,2026-08-14 07:32:52.705000 UTC,,2026-08-12 13:17:07.816000 UTC,2026-08-14 07:38:57.686000 UTC,2026-08-14 10:59:57.686000 UTC
HS-048991,SHP-078128,active,,,,sea,fcl,EU Imp,FOB,,,2,2026-09-02,,,2026-08-10 11:20:26.253000 UTC,2026-09-10 13:00:24.392000 UTC,2026-09-10 16:35:24.392000 UTC
HS-106074,SHP-126257,active,,,,sea,fcl,EU Imp,FOB,,,8,2026-09-19,,,2026-08-10 06:56:48.814000 UTC,2026-09-18 13:48:08.372000 UTC,2026-09-18 14:33:08.372000 UTC
HS-144124,SHP-071835,completed,,,,air,lcl,EU Imp,FOB,3107.92,,,2026-08-08,,TRUE,2026-08-04 12:31:26.360000 UTC,2026-08-28 08:47:45.029000 UTC,2026-08-28 11:58:45.029000 UTC
HS-024070,SHP-164607,canceled,,,,sea,fcl,EU Exp,CPT,,,2,2026-09-10,2026-08-28 08:53:22.644000 UTC,,2026-08-04 08:35:32.494000 UTC,2026-08-28 09:06:29.699000 UTC,2026-08-28 12:43:29.699000 UTC
HS-048164,SHP-005327,active,,,,sea,fcl,EU Imp,FOB,,,1,2026-08-16,,,2026-07-29 08:04:18.956000 UTC,2026-09-11 11:49:40.264000 UTC,2026-09-11 15:38:40.264000 UTC
HS-010437,SHP-137303,completed,,,,air,lcl,EU Imp,EXW,90,,,2026-07-16,,TRUE,2026-07-06 06:43:27.862000 UTC,2026-08-14 08:36:27.528000 UTC,2026-08-14 09:20:27.528000 UTC
HS-139960,SHP-160507,active,BKG-009897,CREF-034822,carrierConfirmed,sea,fcl,EU Imp,FOB,,,1,2026-07-24,,TRUE,2026-06-29 13:42:06.715000 UTC,2026-09-17 08:28:53.968000 UTC,2026-09-17 11:48:53.968000 UTC
HS-106279,SHP-026675,completed,,,,sea,fcl,EU Imp,FOB,,,1,2026-06-15,,,2026-06-03 05:48:39.581000 UTC,2026-08-13 15:15:18.914000 UTC,2026-08-13 18:17:18.914000 UTC
HS-151224,SHP-050405,completed,,,,air,lcl,EU Imp,FOB,1536.1,,,2026-06-03,,TRUE,2026-05-27 09:55:47.363000 UTC,2026-06-29 14:59:09.523000 UTC,2026-06-29 16:43:09.523000 UTC
HS-208487,SHP-021839,completed,BKG-032605,CREF-018516,carrierConfirmed,sea,fcl,EU Imp,FOB,,,5,2026-06-21,,TRUE,2026-05-26 09:22:55.345000 UTC,2026-08-27 10:11:16.298000 UTC,2026-08-27 13:34:16.298000 UTC
HS-210698,SHP-121818,completed,,,,air,lcl,EU Imp,EXW,166.24,,,2026-05-19,,TRUE,2026-05-13 13:07:40.440000 UTC,2026-05-29 11:31:06.204000 UTC,2026-05-29 12:40:06.204000 UTC
HS-197206,SHP-155756,canceled,,CREF-055005,,sea,fcl,EU Exp,FCA_LW,,,4,2026-06-23,2026-05-18 09:28:06.635000 UTC,TRUE,2026-05-12 14:19:27.510000 UTC,2026-05-18 09:28:07.843000 UTC,2026-05-18 11:11:07.843000 UTC
HS-219873,SHP-146893,completed,,,,air,lcl,EU Exp,CPT,628,,,2026-05-20,,TRUE,2026-05-06 09:20:13.963000 UTC,2026-06-22 06:57:37.571000 UTC,2026-06-22 10:10:37.571000 UTC
HS-201740,SHP-065580,completed,BKG-002965,CREF-155188,carrierConfirmed,sea,fcl,EU Imp,FOB,,,2,2026-05-29,,TRUE,2026-04-24 13:43:04.881000 UTC,2026-08-11 08:27:40.073000 UTC,2026-08-11 10:38:40.073000 UTC
HS-043550,SHP-158118,completed,,,,air,lcl,EU Imp,EXW,2447,,,2026-04-30,,TRUE,2026-04-21 16:46:14.387000 UTC,2026-06-29 08:15:41.212000 UTC,2026-06-29 11:02:41.212000 UTC
HS-215752,SHP-133748,completed,,,,air,lcl,EU Exp,CPT,600,,,2026-04-25,,TRUE,2026-04-20 13:11:53.875000 UTC,2026-05-15 13:14:24.178000 UTC,2026-05-15 14:45:24.178000 UTC
HS-152409,SHP-111667,completed,,CREF-014727,,sea,lcl,EU Imp,FOB,,6.9802,,2026-05-03,,TRUE,2026-04-15 08:01:57.998000 UTC,2026-06-22 11:24:18.474000 UTC,2026-06-22 12:14:18.474000 UTC
HS-102268,SHP-163419,completed,,,,air,lcl,EU Imp,FOB,102,,,2026-03-21,,TRUE,2026-03-19 11:59:32.914000 UTC,2026-04-17 07:12:53.765000 UTC,2026-04-17 09:04:53.765000 UTC
HS-047213,SHP-033344,completed,,,,air,lcl,EU Imp,FOB,257.4,,,2026-03-26,,TRUE,2026-03-13 13:45:05.637000 UTC,2026-05-05 14:14:13.968000 UTC,2026-05-05 15:45:13.968000 UTC
HS-148671,SHP-188261,completed,,CREF-027613,,sea,lcl,EU Imp,FOB,,9.3799,,2026-03-18,,TRUE,2026-02-19 09:17:44.613000 UTC,2026-06-02 15:41:55.079000 UTC,2026-06-02 18:30:55.079000 UTC
HS-100239,SHP-019504,completed,,CREF-032851,,sea,fcl,EU Exp,CPT,,,2,2026-02-25,,TRUE,2026-02-02 15:05:38.514000 UTC,2026-04-16 20:48:25.038000 UTC,2026-04-17 00:05:25.038000 UTC
HS-049491,SHP-030393,completed,,CREF-007137,,rail,lcl,EU Imp,DPU,,0.96,,2026-01-18,,TRUE,2026-01-23 12:47:16.974000 UTC,2026-02-19 08:11:28.641000 UTC,2026-02-19 10:59:28.641000 UTC
HS-178430,SHP-007332,active,,CREF-058926,,rail,lcl,EU Imp,FOB,,0.1389,,2026-02-04,,TRUE,2026-01-21 11:53:19.764000 UTC,2026-03-16 11:21:04.895000 UTC,2026-03-16 13:34:04.895000 UTC
HS-147646,SHP-016209,completed,,CREF-135974,,rail,lcl,EU Imp,FOB,,0.3804,,2026-02-04,,TRUE,2026-01-21 09:09:29.389000 UTC,2026-03-19 15:23:31.111000 UTC,2026-03-19 15:43:31.111000 UTC
HS-002999,SHP-017847,completed,CBR-000249-0,CREF-007418,shipment,sea,fcl,EU Exp,DAP,,,18,2026-02-11,,TRUE,2026-01-12 12:52:51.043000 UTC,2026-08-31 10:02:38.454000 UTC,2026-08-31 12:46:38.454000 UTC
HS-078165,SHP-018240,completed,,CREF-100294,,sea,lcl,EU Imp,FOB,,5.148,,2026-01-18,,TRUE,2026-01-05 15:11:07.512000 UTC,2026-03-25 08:15:49.366000 UTC,2026-03-25 08:32:49.366000 UTC
HS-105009,SHP-213814,active,,,,sea,fcl,EU Imp,FOB,,,2,2026-10-01,,,2026-09-09 09:21:10.610000 UTC,2026-09-10 07:47:01.528000 UTC,2026-09-10 11:41:01.528000 UTC
HS-196689,SHP-013553,active,,,,sea,fcl,EU Imp,FOB,,,2,2026-09-27,,,2026-09-03 05:51:31.717000 UTC,2026-09-09 08:59:34.789000 UTC,2026-09-09 10:14:34.789000 UTC
HS-062588,SHP-131576,active,,,,sea,fcl,EU Imp,FOB,,,2,2026-10-02,,,2026-08-31 11:57:48.021000 UTC,2026-09-09 06:32:59.322000 UTC,2026-09-09 06:59:59.322000 UTC
HS-113761,SHP-200489,active,,,,sea,fcl,EU Imp,FOB,,,2,2026-09-24,,,2026-08-26 08:07:10.473000 UTC,2026-09-11 01:08:44.577000 UTC,2026-09-11 04:54:44.577000 UTC
HS-112060,SHP-149846,active,,CREF-087625,,rail,lcl,EU Imp,FOB,,2.8358,,2026-09-09,,TRUE,2026-08-25 11:18:06.234000 UTC,2026-09-16 13:40:42.798000 UTC,2026-09-16 17:25:42.798000 UTC
HS-190257,SHP-122302,active,,,,sea,fcl,EU Imp,FOB,,,4,2026-09-28,,,2026-08-21 08:51:29.409000 UTC,2026-08-24 10:18:14.612000 UTC,2026-08-24 12:01:14.612000 UTC
HS-145605,SHP-150895,completed,,,,air,lcl,EU Imp,CIP,1074,,,2026-08-16,,TRUE,2026-08-20 07:53:49.845000 UTC,2026-08-28 09:01:06.411000 UTC,2026-08-28 09:31:06.411000 UTC
HS-021950,SHP-223677,active,,,,sea,fcl,EU Exp,CFR,,,10,2026-09-02,,,2026-08-17 08:06:27.846000 UTC,2026-09-04 13:29:11.731000 UTC,2026-09-04 16:06:11.731000 UTC
HS-216571,SHP-197287,active,,CREF-058145,,rail,lcl,EU Imp,EXW,,1.514,,2026-09-04,,TRUE,2026-08-13 18:34:19.985000 UTC,2026-09-14 09:16:16.556000 UTC,2026-09-14 10:10:16.556000 UTC
HS-009252,SHP-212972,active,,,,sea,fcl,EU Imp,FOB,,,1,2026-08-22,,,2026-08-10 13:28:26.656000 UTC,2026-09-18 13:00:10.561000 UTC,2026-09-18 13:15:10.561000 UTC
HS-214617,SHP-031895,active,,CREF-016464,,rail,lcl,EU Imp,EXW,,22.3062,,2026-08-12,,TRUE,2026-07-31 06:00:15.738000 UTC,2026-09-17 09:31:20.640000 UTC,2026-09-17 10:42:20.640000 UTC
HS-065983,SHP-015534,active,,CREF-098565,,sea,lcl,EU Imp,FOB,,5.7898,,2026-08-17,,TRUE,2026-07-29 05:40:54.554000 UTC,2026-09-16 10:49:59.698000 UTC,2026-09-16 14:14:59.698000 UTC
HS-060776,SHP-217253,active,,,,sea,fcl,EU Imp,FOB,,,1,2026-08-16,,,2026-07-28 07:31:39.226000 UTC,2026-09-18 11:31:57.484000 UTC,2026-09-18 13:25:57.484000 UTC
HS-177150,SHP-111751,completed,,,,sea,fcl,EU Exp,EXW,,,1,2026-08-08,,,2026-07-27 13:24:52.649000 UTC,2026-09-11 08:57:40.031000 UTC,2026-09-11 09:51:40.031000 UTC
HS-127544,SHP-201224,active,,,,sea,fcl,EU Imp,FOB,,,2,2026-09-23,,,2026-07-27 07:35:21.152000 UTC,2026-09-11 01:08:42.335000 UTC,2026-09-11 03:50:42.335000 UTC
HS-205824,SHP-027816,active,,,,sea,fcl,EU Imp,FOB,,,2,2026-08-26,,,2026-07-23 07:59:08.079000 UTC,2026-09-17 21:00:21.675000 UTC,2026-09-17 22:15:21.675000 UTC
HS-160151,SHP-118235,active,,CREF-137130,,sea,lcl,EU Imp,FOB,,20.9282,,2026-08-18,,TRUE,2026-07-20 05:38:06.506000 UTC,2026-08-27 08:55:38.794000 UTC,2026-08-27 10:42:38.794000 UTC
HS-154950,SHP-142672,active,,CREF-027613,,sea,lcl,EU Imp,FOB,,14.1599,,2026-07-14,,TRUE,2026-07-03 09:43:23.005000 UTC,2026-09-09 07:20:54.340000 UTC,2026-09-09 08:22:54.340000 UTC
HS-035566,SHP-059130,completed,,,,air,lcl,EU Exp,CPT,518,,,2026-07-05,,TRUE,2026-07-01 07:15:25.409000 UTC,2026-08-14 11:41:25.085000 UTC,2026-08-14 15:30:25.085000 UTC
HS-026011,SHP-137063,completed,,,,air,lcl,EU Imp,EXW,49,,,2026-06-19,,TRUE,2026-06-11 12:11:23.517000 UTC,2026-06-30 09:42:24.958000 UTC,2026-06-30 10:16:24.958000 UTC
HS-218344,SHP-102158,completed,,CREF-100833,,rail,lcl,EU Imp,FOB,,8.36,,2026-06-24,,TRUE,2026-06-10 08:55:25.739000 UTC,2026-07-31 14:31:58.103000 UTC,2026-07-31 15:05:58.103000 UTC
HS-074001,SHP-058997,completed,,,,air,lcl,EU Imp,EXW,63,,,2026-06-11,,TRUE,2026-06-02 09:58:43.052000 UTC,2026-08-04 14:23:17.616000 UTC,2026-08-04 15:43:17.616000 UTC
HS-093162,SHP-205173,completed,BKG-031412,CREF-048883,authorized,sea,fcl,EU Imp,CFR,,,2,2026-05-24,,TRUE,2026-05-27 14:50:25.186000 UTC,2026-06-22 12:16:26.208000 UTC,2026-06-22 15:28:26.208000 UTC
HS-080916,SHP-036076,completed,,,,sea,fcl,EU Exp,CFR,,,2,2026-05-27,,,2026-05-08 10:41:55.580000 UTC,2026-07-19 08:24:21.512000 UTC,2026-07-19 09:05:21.512000 UTC
HS-217041,SHP-009245,completed,,CREF-061082,,rail,lcl,EU Imp,FOB,,0.912,,2026-05-29,,TRUE,2026-05-06 08:05:05.361000 UTC,2026-07-03 12:59:36.953000 UTC,2026-07-03 13:11:36.953000 UTC
HS-070948,SHP-050420,completed,,CREF-053600,,sea,lcl,EU Imp,FOB,,12.892,,2026-05-21,,TRUE,2026-04-27 16:15:22.300000 UTC,2026-08-05 05:08:38.411000 UTC,2026-08-05 09:00:38.411000 UTC
HS-115661,SHP-160219,completed,,,,air,lcl,EU Exp,DAP,104,,,2026-04-25,,TRUE,2026-04-23 08:44:12.065000 UTC,2026-05-15 14:19:57.233000 UTC,2026-05-15 18:09:57.233000 UTC
HS-075351,SHP-134654,completed,,,,air,lcl,EU Exp,CPT,2827.44,,,2026-04-18,,TRUE,2026-04-16 09:05:38.865000 UTC,2026-05-19 09:09:42.779000 UTC,2026-05-19 09:14:42.779000 UTC
HS-169281,SHP-116068,completed,,,,air,lcl,CrossT,EXW,2,,,2026-04-26,,TRUE,2026-04-14 15:17:25.260000 UTC,2026-05-21 08:53:51.818000 UTC,2026-05-21 10:32:51.818000 UTC
HS-210140,SHP-080757,canceled,BKG-006768,CREF-156820,carrierConfirmed,sea,fcl,EU Imp,FOB,,,4,2026-04-19,2026-04-07 08:38:52.067000 UTC,TRUE,2026-03-25 15:20:28.332000 UTC,2026-06-12 14:00:23.068000 UTC,2026-06-12 14:52:23.068000 UTC
HS-010724,SHP-168057,completed,,CREF-045072,,sea,lcl,EU Imp,FOB,,1.2797,,2026-04-01,,TRUE,2026-03-13 08:04:01.687000 UTC,2026-06-04 13:32:50.411000 UTC,2026-06-04 17:16:50.411000 UTC
HS-100084,SHP-115361,completed,CBR-032133-0,CREF-062393,shipment,sea,fcl,EU Exp,CFR,,,8,2026-03-27,,TRUE,2026-02-18 19:56:50.938000 UTC,2026-04-28 06:02:45.064000 UTC,2026-04-28 07:30:45.064000 UTC
HS-156199,SHP-201728,completed,,,,air,lcl,EU Imp,EXW,5387.61,,,2026-02-19,,TRUE,2026-02-11 09:37:42.766000 UTC,2026-03-03 09:34:21.493000 UTC,2026-03-03 09:58:21.493000 UTC
HS-143081,SHP-030539,canceled,CBR-006704-0,,shipment,sea,fcl,EU Exp,CFR,,,1,2026-02-17,2026-02-12 12:55:35.580000 UTC,FALSE,2026-02-09 12:45:15.199000 UTC,2026-02-12 12:55:36.148000 UTC,2026-02-12 14:37:36.148000 UTC
HS-052300,SHP-212936,completed,,,,air,lcl,CrossT,EXW,124.75,,,2026-02-13,,TRUE,2026-02-05 10:43:20.817000 UTC,2026-03-03 13:46:41.185000 UTC,2026-03-03 16:34:41.185000 UTC
HS-124754,SHP-026653,completed,,CREF-060493,,sea,fcl,EU Exp,CFR,,,1,2026-02-26,,TRUE,2026-01-16 06:51:09.547000 UTC,2026-04-07 13:27:07.082000 UTC,2026-04-07 15:49:07.082000 UTC
HS-025851,SHP-059695,completed,,,,air,lcl,EU Imp,EXW,66.07,,,2026-01-10,,TRUE,2025-12-31 13:14:52.781000 UTC,2026-01-27 15:57:47.146000 UTC,2026-01-27 18:14:47.146000 UTC
HS-092869,SHP-006770,active,,,,air,lcl,EU Imp,FOB,3920.17,,,2026-09-11,,TRUE,2026-09-11 13:31:26.027000 UTC,2026-09-18 08:56:57.851000 UTC,2026-09-18 11:14:57.851000 UTC
HS-034077,SHP-195014,active,,,,sea,fcl,EU Imp,FOB,,,2,2026-09-29,,,2026-09-10 19:33:16.256000 UTC,2026-09-16 02:42:12.012000 UTC,2026-09-16 05:15:12.012000 UTC
HS-075371,SHP-138721,active,,,,sea,fcl,EU Imp,EXW,,,1,2026-09-27,,,2026-09-08 13:37:01.700000 UTC,2026-09-09 01:57:33.130000 UTC,2026-09-09 03:53:33.130000 UTC
HS-008398,SHP-097332,active,,CREF-071710,,rail,lcl,EU Imp,FCA_T,,2.592,,2026-09-17,,TRUE,2026-09-04 06:52:16.478000 UTC,2026-09-17 09:50:07.575000 UTC,2026-09-17 10:36:07.575000 UTC
HS-120514,SHP-130720,active,,CREF-038847,,sea,lcl,EU Imp,FOB,,1,,2026-09-14,,TRUE,2026-08-27 12:37:24.957000 UTC,2026-09-14 20:50:07.575000 UTC,2026-09-14 21:58:07.575000 UTC
HS-172637,SHP-016131,active,CBR-032834-0,CREF-076774,carrierConfirmed,sea,fcl,EU Imp,FOB,,,2,2026-09-12,,TRUE,2026-08-26 08:05:23.238000 UTC,2026-09-18 09:45:53.197000 UTC,2026-09-18 12:42:53.197000 UTC
HS-165275,SHP-210411,active,,CREF-155897,,rail,lcl,EU Imp,FOB,,27.456,,2026-09-19,,TRUE,2026-08-23 17:11:16.494000 UTC,2026-09-09 10:03:58.852000 UTC,2026-09-09 11:08:58.852000 UTC
HS-010074,SHP-193398,active,,,,rail,lcl,EU Imp,EXW,,20.0004,,2026-09-05,,TRUE,2026-08-20 10:03:43.771000 UTC,2026-09-17 09:59:24.773000 UTC,2026-09-17 11:22:24.773000 UTC
HS-063470,SHP-110824,active,,,,sea,fcl,EU Imp,FOB,,,1,2026-09-06,,,2026-08-17 14:04:56.378000 UTC,2026-09-15 02:23:37.887000 UTC,2026-09-15 03:04:37.887000 UTC
HS-192945,SHP-203680,active,,,,sea,fcl,EU Exp,CIF,,,10,2026-08-27,,,2026-08-06 09:24:14.882000 UTC,2026-09-14 19:19:00.393000 UTC,2026-09-14 22:11:00.393000 UTC
HS-090469,SHP-078257,active,,,,sea,fcl,EU Exp,CPT,,,2,2026-09-19,,,2026-08-04 10:08:50.305000 UTC,2026-09-17 13:32:39.996000 UTC,2026-09-17 15:54:39.996000 UTC
HS-001140,SHP-066602,completed,CBR-001059-0,,shipment,sea,fcl,EU Imp,CFR,,,2,2026-08-05,,TRUE,2026-07-30 14:43:42.593000 UTC,2026-08-26 13:45:19.112000 UTC,2026-08-26 14:05:19.112000 UTC
HS-204373,SHP-039842,active,,,,sea,fcl,EU Exp,EXW,,,2,2026-09-04,,,2026-07-30 13:29:48.893000 UTC,2026-09-18 09:49:52.042000 UTC,2026-09-18 12:21:52.042000 UTC
HS-218563,SHP-149738,active,CBR-026126-0,CREF-051893,carrierConfirmed,sea,fcl,EU Exp,CFR,,,3,2026-08-08,,TRUE,2026-07-27 08:30:05.523000 UTC,2026-08-29 20:00:31.327000 UTC,2026-08-29 21:51:31.327000 UTC
HS-096934,SHP-156478,active,CBR-020283-0,CREF-030526,carrierConfirmed,sea,fcl,EU Exp,CFR,,,8,2026-09-09,,TRUE,2026-07-21 06:17:43.685000 UTC,2026-09-14 06:34:29.585000 UTC,2026-09-14 08:26:29.585000 UTC
HS-212097,SHP-141779,completed,,CREF-020788,,rail,lcl,EU Imp,EXW,,3.1007,,2026-08-05,,TRUE,2026-07-17 10:01:23.294000 UTC,2026-09-02 15:39:14.464000 UTC,2026-09-02 17:14:14.464000 UTC
HS-051895,SHP-212319,active,BKG-032293,,authorized,sea,fcl,EU Imp,FOB,,,2,2026-09-30,,FALSE,2026-07-06 09:20:19.240000 UTC,2026-09-11 06:59:16.466000 UTC,2026-09-11 07:55:16.466000 UTC
HS-103701,SHP-032214,completed,,CREF-078694,,rail,lcl,EU Imp,FCA_T,,5.43,,2026-06-27,,TRUE,2026-06-16 07:37:29.524000 UTC,2026-08-05 15:22:48.637000 UTC,2026-08-05 18:45:48.637000 UTC
HS-083598,SHP-213275,completed,,,,sea,fcl,EU Exp,CFR,,,4,2026-06-30,,,2026-05-28 13:19:12.688000 UTC,2026-08-11 06:18:31.163000 UTC,2026-08-11 07:04:31.163000 UTC
HS-044155,SHP-007832,completed,,CREF-066410,,sea,lcl,EU Imp,FOB,,0.3625,,2026-05-23,,TRUE,2026-05-04 14:35:59.442000 UTC,2026-07-09 09:36:19.836000 UTC,2026-07-09 12:26:19.836000 UTC
HS-135812,SHP-069849,completed,,CREF-027585,,rail,lcl,CrossT,EXW,,1.8654,,2026-05-03,,TRUE,2026-04-14 07:28:07.870000 UTC,2026-05-27 08:59:05.616000 UTC,2026-05-27 09:17:05.616000 UTC
HS-007508,SHP-148000,completed,,,,air,lcl,EU Imp,FOB,275,,,2026-03-13,,TRUE,2026-03-09 08:17:28.194000 UTC,2026-05-13 09:23:25.799000 UTC,2026-05-13 11:48:25.799000 UTC
HS-146228,SHP-167194,canceled,,CREF-023517,,sea,fcl,EU Exp,FCA_LW,,,20,2026-03-26,2026-03-10 10:34:36.641000 UTC,TRUE,2026-02-16 08:00:10.556000 UTC,2026-03-10 10:34:40.067000 UTC,2026-03-10 11:37:40.067000 UTC
HS-213658,SHP-048839,completed,,CREF-053561,,sea,lcl,EU Imp,FOB,,4.0608,,2026-03-16,,TRUE,2026-02-09 14:09:16.758000 UTC,2026-05-27 16:11:37.430000 UTC,2026-05-27 18:39:37.430000 UTC
HS-154633,SHP-198717,completed,,CREF-054588,,rail,lcl,CrossT,EXW,,2.5244,,2026-01-05,,TRUE,2026-01-29 13:41:55.020000 UTC,2026-02-02 10:06:50.366000 UTC,2026-02-02 11:31:50.366000 UTC
HS-005320,SHP-208488,completed,,,,air,lcl,EU Imp,EXW,1223.04,,,2026-02-07,,TRUE,2026-01-28 11:26:57.800000 UTC,2026-03-03 09:31:20.561000 UTC,2026-03-03 11:25:20.561000 UTC
HS-049641,SHP-212941,completed,,,,air,lcl,EU Imp,EXW,250,,,2026-03-03,,TRUE,2026-01-28 09:43:34.380000 UTC,2026-04-28 12:20:29.859000 UTC,2026-04-28 12:38:29.859000 UTC
HS-169035,SHP-215770,completed,,,,air,lcl,EU Imp,EXW,1455,,,2026-02-05,,TRUE,2026-01-27 11:12:20.296000 UTC,2026-03-03 09:31:02.920000 UTC,2026-03-03 09:50:02.920000 UTC
HS-199835,SHP-121096,canceled,,CREF-070366,,rail,lcl,EU Imp,EXW,,7.392,,2026-01-31,2026-01-30 09:57:13.505000 UTC,TRUE,2026-01-14 09:09:54.776000 UTC,2026-01-30 09:57:13.869000 UTC,2026-01-30 10:34:13.869000 UTC
HS-153578,SHP-031940,completed,BKG-015447,CREF-116202,carrierConfirmed,sea,fcl,EU Imp,FOB,,,2,2026-02-02,,TRUE,2026-01-06 08:23:02.892000 UTC,2026-03-27 08:40:51.846000 UTC,2026-03-27 11:03:51.846000 UTC
HS-090128,SHP-213721,completed,BKG-026988,CREF-065775,carrierConfirmed,sea,fcl,EU Imp,FOB,,,2,2026-02-04,,TRUE,2026-01-06 08:19:22.589000 UTC,2026-04-29 09:56:31.740000 UTC,2026-04-29 12:42:31.740000 UTC
HS-017227,SHP-097602,completed,,CREF-122751,,sea,lcl,EU Imp,FOB,,13.62,,2026-01-05,,TRUE,2025-12-15 21:17:57.828000 UTC,2026-03-02 19:11:25.508000 UTC,2026-03-02 21:49:25.508000 UTC
HS-128248,SHP-140881,active,,CREF-154541,,sea,lcl,EU Imp,EXW,,0.971,,2026-09-29,,TRUE,2026-08-31 09:09:32.502000 UTC,2026-09-18 06:59:10.480000 UTC,2026-09-18 08:16:10.480000 UTC
HS-209219,SHP-035074,completed,,,,air,lcl,EU Imp,EXW,166,,,2026-08-17,,TRUE,2026-08-11 12:49:33.410000 UTC,2026-08-28 08:55:58.391000 UTC,2026-08-28 10:16:58.391000 UTC
HS-009195,SHP-185806,completed,,CREF-027613,,sea,lcl,EU Imp,FOB,,10.557,,2026-05-26,,TRUE,2026-08-07 02:52:38.516000 UTC,2026-08-31 15:52:57.826000 UTC,2026-08-31 18:46:57.826000 UTC
HS-140479,SHP-177508,active,,,,sea,fcl,EU Imp,FOB,,,2,2026-09-16,,,2026-08-06 08:22:33.360000 UTC,2026-09-17 05:17:20.128000 UTC,2026-09-17 09:06:20.128000 UTC
HS-109783,SHP-178539,active,,,,sea,fcl,EU Imp,FOB,,,2,2026-09-24,,,2026-08-06 08:22:18.245000 UTC,2026-09-17 22:45:58.370000 UTC,2026-09-18 01:22:58.370000 UTC
HS-057800,SHP-221417,active,,,,sea,fcl,EU Exp,FCA_LW,,,2,2026-09-18,,,2026-07-30 08:37:10.176000 UTC,2026-09-18 14:13:20.481000 UTC,2026-09-18 16:02:20.481000 UTC
HS-117310,SHP-125865,active,,,,sea,fcl,EU Exp,CIF,,,1,2026-08-27,,,2026-07-27 11:16:26.080000 UTC,2026-09-18 09:00:39.849000 UTC,2026-09-18 12:42:39.849000 UTC
HS-083588,SHP-220568,completed,,,,sea,fcl,EU Exp,CFR,,,2,2026-08-09,,,2026-07-24 14:55:16.867000 UTC,2026-08-24 07:05:07.539000 UTC,2026-08-24 10:00:07.539000 UTC
HS-061257,SHP-066816,active,,CREF-115040,,sea,lcl,EU Imp,FOB,,16.4304,,2026-08-26,,TRUE,2026-07-22 17:55:15.661000 UTC,2026-08-31 09:30:21.082000 UTC,2026-08-31 12:05:21.082000 UTC
HS-112170,SHP-064502,completed,,,,sea,fcl,EU Exp,FCA_LW,,,2,2026-08-29,,,2026-07-22 07:50:34.904000 UTC,2026-09-18 06:56:18.807000 UTC,2026-09-18 08:47:18.807000 UTC
HS-130482,SHP-138181,active,,CREF-125246,,rail,fcl,EU Imp,FCA_T,,,2,2026-08-27,,TRUE,2026-07-15 09:55:27.524000 UTC,2026-09-18 06:52:53.585000 UTC,2026-09-18 10:34:53.585000 UTC
HS-001248,SHP-191110,canceled,,CREF-115040,,sea,lcl,EU Imp,FOB,,2.808,,2026-08-02,2026-07-16 10:39:31.850000 UTC,TRUE,2026-07-09 12:14:22.303000 UTC,2026-07-16 10:39:32.579000 UTC,2026-07-16 11:26:32.579000 UTC
HS-182963,SHP-196821,completed,,,,sea,fcl,EU Imp,FOB,,,1,2026-07-27,,,2026-07-07 12:20:46.585000 UTC,2026-09-17 06:41:08.905000 UTC,2026-09-17 07:24:08.905000 UTC
HS-078787,SHP-067223,completed,,,,air,lcl,EU Imp,FOB,2020.5,,,2026-07-23,,TRUE,2026-07-07 09:33:24.080000 UTC,2026-08-28 07:04:27.765000 UTC,2026-08-28 09:21:27.765000 UTC
HS-147915,SHP-038525,completed,CBR-032928-0,,shipment,sea,fcl,EU Imp,FOB,,,2,2026-06-16,,TRUE,2026-07-05 13:39:58.818000 UTC,2026-08-11 15:42:39.048000 UTC,2026-08-11 16:34:39.048000 UTC
HS-171202,SHP-073304,active,,,,sea,fcl,EU Exp,EXW,,,2,2026-07-19,,,2026-07-02 05:53:06.134000 UTC,2026-07-23 10:47:09.658000 UTC,2026-07-23 14:03:09.658000 UTC
HS-004638,SHP-182584,canceled,BKG-024188,,carrierContacted,sea,fcl,EU Imp,FOB,,,1,2026-06-11,2026-06-11 08:04:29.226000 UTC,FALSE,2026-06-08 08:45:48.033000 UTC,2026-06-11 08:04:32.261000 UTC,2026-06-11 11:24:32.261000 UTC
HS-224231,SHP-069193,completed,BKG-012557,CREF-102203,carrierConfirmed,sea,fcl,EU Imp,FOB,,,2,2026-06-18,,TRUE,2026-06-03 15:13:58.797000 UTC,2026-09-02 10:14:07.786000 UTC,2026-09-02 13:41:07.786000 UTC
HS-195002,SHP-189663,completed,,,,sea,fcl,EU Exp,CFR,,,2,2026-06-16,,,2026-06-03 12:46:49.578000 UTC,2026-07-13 08:57:31.873000 UTC,2026-07-13 10:26:31.873000 UTC
HS-113138,SHP-063498,completed,,CREF-144134,,sea,lcl,EU Imp,FOB,,4.14,,2026-06-29,,TRUE,2026-06-03 12:21:22.020000 UTC,2026-09-03 06:34:41.571000 UTC,2026-09-03 07:45:41.571000 UTC
HS-125869,SHP-170982,completed,,CREF-077249,,sea,lcl,EU Imp,FOB,,3.0295,,2026-06-17,,TRUE,2026-05-28 06:22:30.413000 UTC,2026-08-13 08:16:19.680000 UTC,2026-08-13 12:03:19.680000 UTC
HS-191656,SHP-049304,completed,,,,sea,fcl,EU Exp,CFR,,,4,2026-06-02,,,2026-05-21 10:27:48.248000 UTC,2026-07-06 06:40:07.722000 UTC,2026-07-06 08:29:07.722000 UTC
HS-144603,SHP-182395,completed,,CREF-002445,,rail,lcl,EU Imp,FOB,,1.56,,2026-05-29,,TRUE,2026-05-06 08:03:45.162000 UTC,2026-08-24 12:54:30.782000 UTC,2026-08-24 15:01:30.782000 UTC
HS-190518,SHP-058561,completed,,,,air,lcl,EU Imp,FOB,1627.61,,,2026-05-12,,TRUE,2026-05-06 06:08:48.767000 UTC,2026-06-22 09:55:32.945000 UTC,2026-06-22 13:03:32.945000 UTC
HS-215127,SHP-183490,canceled,BKG-016796,,nominated,sea,fcl,EU Imp,FOB,,,2,2026-06-01,2026-05-15 08:03:56.559000 UTC,FALSE,2026-04-30 07:11:02.293000 UTC,2026-05-15 08:03:59.702000 UTC,2026-05-15 10:00:59.702000 UTC
HS-060319,SHP-105925,completed,,CREF-160332,,sea,lcl,EU Imp,FOB,,3.6096,,2026-05-20,,TRUE,2026-04-28 15:45:07.845000 UTC,2026-08-29 15:05:38.489000 UTC,2026-08-29 18:20:38.489000 UTC
HS-215755,SHP-027227,completed,,CREF-044894,,sea,lcl,EU Imp,FOB,,9.816,,2026-04-30,,TRUE,2026-04-10 11:43:24.686000 UTC,2026-08-27 15:45:00.529000 UTC,2026-08-27 17:01:00.529000 UTC
HS-076799,SHP-140199,canceled,CBR-006212-0,CREF-105876,carrierConfirmed,sea,fcl,EU Imp,CFR,,,1,2026-05-13,2026-04-14 01:46:07.834000 UTC,TRUE,2026-03-26 08:30:33.906000 UTC,2026-06-12 13:59:52.983000 UTC,2026-06-12 14:06:52.983000 UTC
HS-170068,SHP-100201,completed,,,,air,lcl,EU Exp,EXW,720,,,2026-04-13,,TRUE,2026-03-25 16:05:20.849000 UTC,2026-05-20 08:52:55.836000 UTC,2026-05-20 11:08:55.836000 UTC
HS-188826,SHP-186930,completed,BKG-005289,CREF-124336,carrierConfirmed,sea,fcl,EU Imp,FOB,,,1,2026-04-23,,TRUE,2026-03-25 09:16:08.813000 UTC,2026-06-15 09:24:08.271000 UTC,2026-06-15 09:57:08.271000 UTC
HS-178030,SHP-058110,completed,,CREF-137914,,sea,lcl,EU Imp,EXW,,0.9888,,2026-04-02,,TRUE,2026-03-05 08:21:56.014000 UTC,2026-06-16 06:30:22.908000 UTC,2026-06-16 06:46:22.908000 UTC
HS-215642,SHP-072252,completed,,CREF-060254,,rail,lcl,EU Imp,FOB,,3.1949,,2026-03-28,,TRUE,2026-03-04 08:49:11.481000 UTC,2026-05-06 08:53:22.340000 UTC,2026-05-06 12:11:22.340000 UTC
HS-186910,SHP-100341,completed,,CREF-059581,,sea,lcl,EU Imp,FOB,,17.42,,2026-02-19,,TRUE,2026-02-04 08:36:11.855000 UTC,2026-05-15 07:53:29.792000 UTC,2026-05-15 09:59:29.792000 UTC
HS-079461,SHP-171926,completed,BKG-024017,CREF-002277,carrierConfirmed,sea,fcl,EU Imp,FOB,,,1,2026-01-16,,TRUE,2025-12-31 09:46:06.408000 UTC,2026-04-23 13:23:19.666000 UTC,2026-04-23 16:45:19.666000 UTC
HS-151653,SHP-018514,completed,,CREF-161256,,sea,lcl,EU Imp,FOB,,5.5,,2026-01-01,,TRUE,2025-12-08 07:10:26.400000 UTC,2026-02-20 12:33:25.782000 UTC,2026-02-20 13:43:25.782000 UTC
HS-190979,SHP-193070,active,,,,air,lcl,EU Imp,EXW,331.04,,,2026-09-22,,TRUE,2026-09-18 02:38:01.455000 UTC,2026-09-18 07:00:20.895000 UTC,2026-09-18 08:24:20.895000 UTC
HS-013862,SHP-221902,active,CBR-008125-0,,carrierContacted,sea,fcl,EU Imp,FOB,,,2,2026-10-07,,FALSE,2026-09-11 09:13:09.349000 UTC,2026-09-17 02:03:41.497000 UTC,2026-09-17 04:14:41.497000 UTC
HS-221491,SHP-113083,active,,,,sea,fcl,EU Exp,CFR,,,10,2026-09-19,,,2026-08-28 13:29:08.820000 UTC,2026-09-16 09:33:25.687000 UTC,2026-09-16 10:25:25.687000 UTC
HS-084081,SHP-160861,active,,CREF-027613,,sea,lcl,EU Imp,FOB,,6.47,,2026-09-18,,TRUE,2026-08-26 02:46:39.864000 UTC,2026-08-27 04:56:59.427000 UTC,2026-08-27 07:12:59.427000 UTC
HS-130967,SHP-166480,active,,,,sea,fcl,EU Exp,CFR,,,8,2026-09-14,,,2026-08-21 14:17:57.950000 UTC,2026-09-18 14:07:01.698000 UTC,2026-09-18 15:09:01.698000 UTC
HS-203807,SHP-182829,active,,CREF-150263,,rail,lcl,EU Imp,EXW,,29.7196,,2026-08-26,,TRUE,2026-08-21 05:31:03.599000 UTC,2026-09-17 10:45:28.250000 UTC,2026-09-17 11:20:28.250000 UTC
HS-135684,SHP-063161,completed,,,,air,lcl,EU Imp,FOB,3200.47,,,2026-08-22,,TRUE,2026-08-13 09:32:56.204000 UTC,2026-08-28 08:59:20.619000 UTC,2026-08-28 09:34:20.619000 UTC
HS-200856,SHP-105723,active,,,,sea,fcl,EU Imp,FOB,,,1,2026-09-22,,,2026-08-13 08:53:14.794000 UTC,2026-09-18 11:52:09.961000 UTC,2026-09-18 15:03:09.961000 UTC
HS-023200,SHP-044656,active,,,,sea,fcl,EU Exp,DAP,,,8,2026-09-04,,,2026-08-07 13:39:35.791000 UTC,2026-09-18 14:10:48.035000 UTC,2026-09-18 15:18:48.035000 UTC
HS-046131,SHP-201503,completed,,,,sea,fcl,EU Exp,FCA_LW,,,2,2026-08-29,,,2026-07-22 07:46:34.948000 UTC,2026-09-18 06:57:56.900000 UTC,2026-09-18 08:27:56.900000 UTC
HS-128913,SHP-120902,completed,,,,sea,fcl,EU Exp,CPT,,,2,2026-08-14,,,2026-07-21 11:27:00.708000 UTC,2026-09-07 11:29:01.666000 UTC,2026-09-07 13:40:01.666000 UTC
HS-194727,SHP-091459,active,,,,sea,fcl,EU Exp,DAP,,,2,2026-08-09,,,2026-07-15 11:23:24.194000 UTC,2026-09-18 09:05:34.750000 UTC,2026-09-18 12:18:34.750000 UTC
HS-208843,SHP-070378,completed,,,,air,lcl,EU Exp,DAP,174.4,,,2026-07-24,,TRUE,2026-07-10 08:16:29.182000 UTC,2026-09-07 06:32:00.794000 UTC,2026-09-07 10:05:00.794000 UTC
HS-201287,SHP-159801,completed,,,,air,lcl,EU Imp,EXW,1386.42,,,2026-07-13,,TRUE,2026-07-10 01:58:24.408000 UTC,2026-08-04 08:32:07.083000 UTC,2026-08-04 09:38:07.083000 UTC
HS-176942,SHP-189060,active,,,,sea,fcl,EU Imp,FOB,,,2,2026-09-01,,,2026-07-08 13:55:38.883000 UTC,2026-09-11 20:00:45.887000 UTC,2026-09-11 20:47:45.887000 UTC
HS-164112,SHP-208375,active,,CREF-152479,,sea,lcl,EU Imp,FOB,,12.9,,2026-07-24,,TRUE,2026-07-07 01:08:21.905000 UTC,2026-09-16 06:09:39.156000 UTC,2026-09-16 07:38:39.156000 UTC
HS-042982,SHP-160649,completed,,,,air,lcl,EU Imp,FCA_LW,872,,,2026-06-24,,TRUE,2026-06-19 12:43:40.285000 UTC,2026-06-30 09:44:40.270000 UTC,2026-06-30 12:13:40.270000 UTC
HS-154852,SHP-029104,completed,,CREF-050892,,rail,lcl,EU Imp,EXW,,13.8001,,2026-06-18,,TRUE,2026-06-03 08:25:27.979000 UTC,2026-07-27 09:06:52.983000 UTC,2026-07-27 12:54:52.983000 UTC
HS-221439,SHP-150628,completed,,,,air,lcl,EU Imp,FOB,242,,,2026-06-07,,TRUE,2026-06-01 09:46:38.152000 UTC,2026-06-29 14:44:44.529000 UTC,2026-06-29 15:25:44.529000 UTC
HS-071883,SHP-101005,completed,CBR-023288-0,CREF-028600,shipment,sea,fcl,EU Imp,CIF,,,2,2026-05-25,,TRUE,2026-05-28 07:46:59.232000 UTC,2026-06-02 09:02:09.456000 UTC,2026-06-02 10:53:09.456000 UTC
HS-049040,SHP-125055,completed,,CREF-158039,,sea,lcl,EU Imp,FOB,,13.1397,,2026-06-21,,TRUE,2026-05-28 06:36:15.574000 UTC,2026-09-02 15:32:12.478000 UTC,2026-09-02 17:41:12.478000 UTC
HS-013691,SHP-113806,completed,,CREF-095654,,rail,lcl,EU Imp,FOB,,19.99,,2026-06-10,,TRUE,2026-05-27 07:43:10.083000 UTC,2026-07-29 07:40:27.764000 UTC,2026-07-29 09:41:27.764000 UTC
HS-087268,SHP-084992,completed,,,,sea,fcl,EU Imp,FCA_T,,,4,2026-06-23,,,2026-05-27 03:49:43.739000 UTC,2026-08-14 07:27:58.518000 UTC,2026-08-14 10:13:58.518000 UTC
HS-177645,SHP-062912,completed,BKG-033613,CREF-155418,carrierConfirmed,sea,fcl,EU Imp,FOB,,,1,2026-05-31,,TRUE,2026-05-06 12:29:00.842000 UTC,2026-08-03 09:49:04.280000 UTC,2026-08-03 12:26:04.280000 UTC
HS-012389,SHP-138462,completed,,,,air,lcl,CrossT,FOB,117,,,2026-05-05,,TRUE,2026-04-27 12:59:22.670000 UTC,2026-05-06 06:15:19.145000 UTC,2026-05-06 07:42:19.145000 UTC
HS-075375,SHP-144326,completed,,,,rail,fcl,EU Imp,CFR,,,2,2026-04-01,,TRUE,2026-04-21 01:07:30.099000 UTC,2026-06-22 05:33:11.508000 UTC,2026-06-22 08:28:11.508000 UTC
HS-043481,SHP-204306,completed,BKG-005092,CREF-069187,carrierConfirmed,sea,fcl,EU Exp,EXW,,,2,2026-04-28,,TRUE,2026-04-15 14:20:38.626000 UTC,2026-09-02 09:56:18.775000 UTC,2026-09-02 10:30:18.775000 UTC
HS-064043,SHP-086632,completed,BKG-028962,CREF-082312,carrierConfirmed,sea,fcl,EU Imp,FOB,,,2,2026-04-22,,TRUE,2026-04-14 08:22:01.770000 UTC,2026-06-26 08:56:35.277000 UTC,2026-06-26 11:46:35.277000 UTC
HS-143954,SHP-105658,completed,,CREF-152482,,rail,lcl,EU Imp,FCA_T,,2.7996,,2026-05-08,,TRUE,2026-04-07 06:45:49.157000 UTC,2026-06-16 11:12:57.012000 UTC,2026-06-16 11:40:57.012000 UTC
HS-007927,SHP-061891,completed,,,,air,lcl,EU Imp,EXW,338,,,2026-04-14,,TRUE,2026-04-02 13:55:31.271000 UTC,2026-05-20 07:55:09.718000 UTC,2026-05-20 11:07:09.718000 UTC
HS-111880,SHP-127298,completed,,CREF-098657,,sea,lcl,EU Imp,FOB,,16.9999,,2026-04-20,,TRUE,2026-04-02 09:06:21.711000 UTC,2026-06-25 14:53:55.953000 UTC,2026-06-25 15:21:55.953000 UTC
HS-059844,SHP-223363,completed,,,,sea,fcl,EU Exp,CFR,,,2,2026-04-13,,,2026-03-17 06:24:29.030000 UTC,2026-07-20 06:04:22.632000 UTC,2026-07-20 07:22:22.632000 UTC
HS-126193,SHP-085150,canceled,CBR-003689-0,CREF-077996,shipment,sea,fcl,EU Exp,CFR,,,2,2026-02-14,2026-02-05 15:36:48.604000 UTC,TRUE,2026-02-05 11:13:50.140000 UTC,2026-02-05 15:36:49.166000 UTC,2026-02-05 17:06:49.166000 UTC
HS-047998,SHP-137768,completed,,CREF-070514,,sea,fcl,EU Imp,DAP,,,4,2026-03-27,,TRUE,2026-01-30 09:22:48.690000 UTC,2026-05-07 10:27:33.922000 UTC,2026-05-07 11:38:33.922000 UTC
HS-097701,SHP-178275,canceled,,CREF-081288,,rail,lcl,CrossT,FOB,,11.904,,2026-02-13,2026-02-09 10:48:04.197000 UTC,TRUE,2026-01-27 13:39:01.395000 UTC,2026-02-09 10:48:04.469000 UTC,2026-02-09 14:29:04.469000 UTC
HS-014201,SHP-038420,completed,,CREF-127516,,rail,lcl,EU Imp,EXW,,5.0093,,2026-02-06,,TRUE,2026-01-19 15:18:11.719000 UTC,2026-03-27 14:49:06.329000 UTC,2026-03-27 16:23:06.329000 UTC
HS-005807,SHP-182744,completed,,CREF-063503,,sea,lcl,EU Imp,FOB,,19.3522,,2026-02-06,,TRUE,2026-01-16 14:29:46.697000 UTC,2026-04-20 12:38:07.387000 UTC,2026-04-20 13:24:07.387000 UTC
HS-040859,SHP-124334,completed,BKG-027101,CREF-157907,carrierConfirmed,sea,fcl,EU Imp,FOB,,,2,2026-01-25,,TRUE,2026-01-13 08:45:39.027000 UTC,2026-04-10 07:15:00.327000 UTC,2026-04-10 08:59:00.327000 UTC
HS-116963,SHP-208492,completed,BKG-012633,CREF-116423,carrierConfirmed,sea,fcl,EU Imp,FOB,,,1,2026-01-19,,TRUE,2026-01-08 15:14:28.445000 UTC,2026-03-18 15:08:12.573000 UTC,2026-03-18 16:19:12.573000 UTC
HS-040250,SHP-073138,completed,,CREF-158649,,sea,lcl,EU Imp,FOB,,3.0528,,2026-01-24,,TRUE,2026-01-08 13:47:24.722000 UTC,2026-07-23 13:50:06.021000 UTC,2026-07-23 17:01:06.021000 UTC
HS-056945,SHP-030482,completed,,CREF-007116,,sea,lcl,EU Imp,FOB,,4.9536,,2026-01-20,,TRUE,2026-01-07 10:10:12.247000 UTC,2026-03-31 08:42:27.220000 UTC,2026-03-31 10:23:27.220000 UTC
HS-209034,SHP-074327,completed,,CREF-138465,,sea,fcl,CrossT,CIF,,,12,2026-01-28,,TRUE,2025-12-19 16:34:19.838000 UTC,2026-03-20 11:03:02.663000 UTC,2026-03-20 12:45:02.663000 UTC
HS-141697,SHP-133291,active,,CREF-155265,,rail,lcl,EU Imp,EXW,,26.68,,2026-09-26,,TRUE,2026-09-15 09:39:28.653000 UTC,2026-09-18 10:18:21.111000 UTC,2026-09-18 11:41:21.111000 UTC
HS-014854,SHP-168700,active,,CREF-102508,,rail,fcl,EU Imp,DAP,,,2,2026-09-18,,TRUE,2026-09-14 08:51:18.518000 UTC,2026-09-17 10:01:27.818000 UTC,2026-09-17 11:11:27.818000 UTC
HS-131897,SHP-109944,completed,,,,sea,lcl,CrossT,CFR,,10.7387,,2026-09-09,,TRUE,2026-09-08 08:11:22.059000 UTC,2026-09-16 09:57:47.058000 UTC,2026-09-16 11:01:47.058000 UTC
HS-132859,SHP-066838,active,,,,sea,fcl,EU Imp,FOB,,,2,2026-09-16,,,2026-08-24 10:34:13.359000 UTC,2026-09-17 10:49:53.536000 UTC,2026-09-17 13:42:53.536000 UTC
HS-069139,SHP-130981,active,BKG-025921,CREF-025770,carrierConfirmed,sea,fcl,EU Imp,FOB,,,2,2026-09-01,,TRUE,2026-08-21 00:36:28.705000 UTC,2026-09-14 07:57:51.796000 UTC,2026-09-14 08:59:51.796000 UTC
HS-146458,SHP-058044,active,,CREF-125100,,rail,lcl,EU Imp,FOB,,2.496,,2026-08-28,,TRUE,2026-08-18 07:38:11.510000 UTC,2026-09-14 05:13:21.256000 UTC,2026-09-14 08:12:21.256000 UTC
HS-162224,SHP-162655,canceled,,,,sea,fcl,EU Imp,FOB,,,2,2026-09-13,2026-08-26 10:10:54.675000 UTC,,2026-08-17 11:19:34.671000 UTC,2026-08-26 10:10:58.546000 UTC,2026-08-26 11:48:58.546000 UTC
HS-217968,SHP-091218,active,,,,sea,fcl,EU Imp,FOB,,,1,2026-09-25,,,2026-08-12 11:25:31.721000 UTC,2026-09-14 09:09:12.130000 UTC,2026-09-14 11:13:12.130000 UTC
HS-146002,SHP-190590,active,,,,sea,fcl,EU Exp,CPT,,,2,2026-09-15,,,2026-08-11 13:22:55.254000 UTC,2026-09-18 04:00:03.256000 UTC,2026-09-18 05:51:03.256000 UTC
HS-159797,SHP-012877,active,,,,sea,fcl,EU Imp,FOB,,,2,2026-10-30,,,2026-08-10 06:55:58.079000 UTC,2026-09-09 09:02:06.441000 UTC,2026-09-09 10:36:06.441000 UTC
HS-218508,SHP-038813,active,,,,sea,fcl,EU Imp,FOB,,,2,2026-08-22,,,2026-08-06 08:21:19.800000 UTC,2026-09-13 06:00:26.230000 UTC,2026-09-13 09:14:26.230000 UTC
HS-061599,SHP-164676,active,,,,sea,fcl,EU Imp,FOB,,,2,2026-09-15,,,2026-08-04 15:33:24.923000 UTC,2026-09-18 07:00:08.297000 UTC,2026-09-18 10:33:08.297000 UTC
HS-017010,SHP-173879,active,,,,sea,fcl,EU Imp,FOB,,,1,2026-08-16,,,2026-07-29 11:11:22.138000 UTC,2026-09-18 11:16:38.965000 UTC,2026-09-18 13:42:38.965000 UTC
HS-209844,SHP-196823,active,,,,sea,fcl,EU Imp,FOB,,,8,2026-09-06,,,2026-07-29 09:19:18.545000 UTC,2026-09-17 06:55:05.282000 UTC,2026-09-17 08:16:05.282000 UTC
HS-116536,SHP-210691,completed,,CREF-154216,,rail,lcl,EU Imp,FOB,,9.4635,,2026-07-31,,TRUE,2026-07-22 11:14:15.382000 UTC,2026-09-07 09:06:15.132000 UTC,2026-09-07 12:32:15.132000 UTC
HS-029953,SHP-115808,active,,,,sea,fcl,EU Imp,FOB,,,2,2026-09-12,,,2026-07-21 07:22:48.032000 UTC,2026-09-16 05:03:45.174000 UTC,2026-09-16 09:01:45.174000 UTC
HS-169075,SHP-219999,active,BKG-025297,CREF-160480,authorized,sea,fcl,EU Imp,FOB,,,1,2026-08-22,,TRUE,2026-07-20 10:16:42.673000 UTC,2026-09-14 06:41:35.832000 UTC,2026-09-14 09:39:35.832000 UTC
HS-151138,SHP-170182,completed,,,,air,lcl,EU Imp,FOB,384,,,2026-07-18,,TRUE,2026-07-14 07:48:20.081000 UTC,2026-08-13 09:39:30.135000 UTC,2026-08-13 11:41:30.135000 UTC
HS-115540,SHP-121752,completed,,,,air,lcl,EU Imp,FOB,7795.82,,,2026-07-10,,TRUE,2026-07-13 07:57:09.575000 UTC,2026-08-04 13:05:16.783000 UTC,2026-08-04 17:03:16.783000 UTC
HS-118306,SHP-018886,active,BKG-002923,CREF-025538,carrierConfirmed,sea,fcl,EU Imp,FOB,,,1,2026-08-07,,TRUE,2026-07-10 13:52:55.526000 UTC,2026-08-20 01:00:19.440000 UTC,2026-08-20 02:29:19.440000 UTC
HS-195787,SHP-112833,canceled,,,,air,lcl,EU Imp,EXW,2052.32,,,2026-07-16,2026-07-13 09:16:50.890000 UTC,TRUE,2026-07-10 06:34:42.644000 UTC,2026-07-13 09:16:51.315000 UTC,2026-07-13 10:28:51.315000 UTC
HS-150574,SHP-167719,active,,,,sea,fcl,EU Imp,FOB,,,2,2026-08-17,,,2026-07-08 12:33:06.792000 UTC,2026-09-13 02:00:17.485000 UTC,2026-09-13 02:24:17.485000 UTC
HS-168085,SHP-132767,completed,,CREF-026859,,rail,lcl,EU Imp,FCA_T,,6.1632,,2026-07-08,,TRUE,2026-06-30 12:55:39.168000 UTC,2026-08-18 07:27:01.878000 UTC,2026-08-18 09:04:01.878000 UTC
HS-136987,SHP-082652,completed,,CREF-132291,,rail,lcl,EU Imp,FOB,,13.2599,,2026-05-29,,TRUE,2026-05-20 09:23:10.753000 UTC,2026-08-17 17:01:24.416000 UTC,2026-08-17 18:40:24.416000 UTC
HS-035546,SHP-009393,completed,,CREF-124817,,sea,lcl,EU Imp,FOB,,10.6698,,2026-06-01,,TRUE,2026-05-15 08:16:19.676000 UTC,2026-08-30 14:57:35.595000 UTC,2026-08-30 18:01:35.595000 UTC
HS-070814,SHP-094696,completed,,CREF-034633,,rail,lcl,EU Imp,FCA_T,,1.7996,,2026-05-15,,TRUE,2026-05-06 08:02:12.275000 UTC,2026-06-17 11:39:28.666000 UTC,2026-06-17 13:24:28.666000 UTC
HS-140721,SHP-189849,completed,BKG-002289,CREF-135160,carrierConfirmed,sea,fcl,EU Imp,FOB,,,2,2026-05-30,,TRUE,2026-04-27 13:34:22.806000 UTC,2026-09-11 01:15:05.253000 UTC,2026-09-11 04:39:05.253000 UTC
HS-219095,SHP-122550,completed,,CREF-023214,,sea,lcl,EU Imp,FOB,,2.565,,2026-04-19,,TRUE,2026-04-08 09:43:22.987000 UTC,2026-06-30 08:32:31.631000 UTC,2026-06-30 09:55:31.631000 UTC
HS-056376,SHP-068985,completed,,,,air,lcl,EU Imp,FOB,146,,,2026-04-14,,TRUE,2026-04-07 09:46:16.521000 UTC,2026-04-20 17:01:17.056000 UTC,2026-04-20 18:36:17.056000 UTC
HS-038604,SHP-220249,completed,,CREF-021698,,sea,lcl,EU Imp,FOB,,0.79,,2026-04-13,,TRUE,2026-03-27 08:37:55.978000 UTC,2026-07-03 13:00:38.428000 UTC,2026-07-03 13:12:38.428000 UTC
HS-125786,SHP-150830,completed,CBR-021698-0,CREF-136976,shipment,sea,fcl,EU Imp,CFR,,,2,2026-04-11,,TRUE,2026-03-25 14:49:43.630000 UTC,2026-05-20 09:42:47.931000 UTC,2026-05-20 09:59:47.931000 UTC
HS-131764,SHP-123697,completed,,,,air,lcl,EU Imp,DAP,743.54,,,2026-03-24,,TRUE,2026-03-24 16:06:19.671000 UTC,2026-05-07 08:57:20.071000 UTC,2026-05-07 12:00:20.071000 UTC
HS-095170,SHP-210474,completed,,CREF-114265,,rail,lcl,CrossT,EXW,,0.1616,,2026-04-02,,TRUE,2026-03-23 15:14:07.863000 UTC,2026-05-04 16:32:42.105000 UTC,2026-05-04 19:14:42.105000 UTC
HS-200102,SHP-098741,completed,BKG-005564,CREF-069137,authorized,sea,fcl,EU Imp,CIF,,,1,2026-05-04,,TRUE,2026-03-20 12:34:59.713000 UTC,2026-06-01 04:48:23.770000 UTC,2026-06-01 08:05:23.770000 UTC
HS-043730,SHP-109895,completed,,,,air,lcl,EU Imp,EXW,74.51,,,2026-03-05,,TRUE,2026-02-24 08:19:51.255000 UTC,2026-03-30 13:07:50.595000 UTC,2026-03-30 16:13:50.595000 UTC
HS-016778,SHP-044129,completed,,CREF-123339,,sea,fcl,EU Exp,DAP,,,1,2026-02-09,,TRUE,2026-01-16 07:44:10.255000 UTC,2026-04-30 08:45:02.275000 UTC,2026-04-30 12:31:02.275000 UTC
HS-087973,SHP-111591,completed,,CREF-126949,,sea,lcl,EU Imp,FOB,,1.9008,,2026-01-24,,TRUE,2026-01-07 14:29:25.867000 UTC,2026-04-02 07:40:16.722000 UTC,2026-04-02 10:52:16.722000 UTC
HS-216817,SHP-105734,completed,,CREF-151232,,sea,lcl,EU Imp,FOB,,0.4899,,2026-01-25,,TRUE,2026-01-06 07:59:13.028000 UTC,2026-04-12 07:16:47.591000 UTC,2026-04-12 09:03:47.591000 UTC
HS-060777,SHP-129767,completed,,CREF-098222,,sea,fcl,CrossT,CIF,,,2,2026-01-28,,TRUE,2025-12-19 16:15:55.200000 UTC,2026-04-01 15:59:42.450000 UTC,2026-04-01 17:36:42.450000 UTC
HS-043814,SHP-139939,completed,,CREF-123631,,sea,lcl,EU Imp,FOB,,1.0434,,2026-01-07,,TRUE,2025-12-11 14:14:03.526000 UTC,2026-03-09 15:31:05.034000 UTC,2026-03-09 16:42:05.034000 UTC
HS-142172,SHP-057483,active,CBR-005942-0,,shipment,sea,fcl,EU Exp,EXW,,,2,2026-10-14,,FALSE,2026-09-17 12:10:29.332000 UTC,2026-09-17 12:11:31.067000 UTC,2026-09-17 15:05:31.067000 UTC
HS-098649,SHP-162123,active,,,,sea,fcl,EU Exp,EXW,,,4,2026-10-07,,,2026-09-09 11:52:46.569000 UTC,2026-09-15 12:00:37.695000 UTC,2026-09-15 15:13:37.695000 UTC
HS-092187,SHP-047355,active,,CREF-134214,,rail,lcl,EU Imp,FOB,,0.4,,2026-09-17,,TRUE,2026-09-08 08:34:26.894000 UTC,2026-09-18 08:45:29.626000 UTC,2026-09-18 10:46:29.626000 UTC
HS-007986,SHP-170621,active,,,,sea,fcl,EU Imp,FOB,,,2,2026-09-28,,,2026-09-07 13:43:19.459000 UTC,2026-09-09 07:07:22.267000 UTC,2026-09-09 09:54:22.267000 UTC
HS-033111,SHP-146637,active,,,,sea,fcl,EU Imp,EXW,,,1,2026-09-22,,,2026-09-04 06:03:44.870000 UTC,2026-09-18 06:06:21.246000 UTC,2026-09-18 09:16:21.246000 UTC
HS-173652,SHP-151394,active,,,,air,lcl,EU Imp,FOB,3951,,,2026-09-09,,TRUE,2026-09-03 08:03:30.195000 UTC,2026-09-16 07:52:15.959000 UTC,2026-09-16 11:29:15.959000 UTC
HS-045104,SHP-083572,active,,,,sea,fcl,EU Exp,CFR,,,2,2026-09-27,,,2026-09-01 13:22:37.653000 UTC,2026-09-16 07:40:54.534000 UTC,2026-09-16 10:08:54.534000 UTC
HS-121431,SHP-214240,active,CBR-003079-0,CREF-163020,carrierConfirmed,sea,fcl,EU Imp,FOB,,,1,2026-09-15,,TRUE,2026-08-31 07:59:23.642000 UTC,2026-09-16 01:23:57.596000 UTC,2026-09-16 01:48:57.596000 UTC
HS-170268,SHP-007500,active,,,,sea,fcl,EU Imp,FOB,,,1,2026-09-18,,,2026-08-31 07:21:02.665000 UTC,2026-09-17 18:34:29.038000 UTC,2026-09-17 18:47:29.038000 UTC
HS-012745,SHP-150704,active,,CREF-079191,,rail,lcl,EU Imp,FOB,,12.86,,2026-08-28,,TRUE,2026-08-28 05:40:44.412000 UTC,2026-09-18 12:55:32.445000 UTC,2026-09-18 15:36:32.445000 UTC
HS-074911,SHP-218579,completed,CBR-030790-0,CREF-015575,shipment,sea,fcl,EU Imp,CIF,,,2,2026-09-01,,TRUE,2026-08-26 08:59:15.193000 UTC,2026-09-14 04:34:09.179000 UTC,2026-09-14 06:57:09.179000 UTC
HS-134260,SHP-218315,active,,,,sea,fcl,EU Exp,EXW,,,2,2026-09-16,,,2026-08-25 09:56:58.898000 UTC,2026-09-17 14:03:28.318000 UTC,2026-09-17 14:45:28.318000 UTC
HS-079508,SHP-062376,active,,,,sea,fcl,EU Exp,CFR,,,6,2026-09-27,,,2026-08-19 09:09:31.865000 UTC,2026-09-18 08:49:51.463000 UTC,2026-09-18 12:45:51.463000 UTC
HS-218871,SHP-080049,canceled,,,,sea,fcl,EU Exp,CIF,,,1,2026-08-21,2026-08-18 08:39:43.978000 UTC,,2026-08-13 14:10:24.387000 UTC,2026-08-18 08:39:51.927000 UTC,2026-08-18 09:33:51.927000 UTC
HS-001262,SHP-141870,active,,,,air,lcl,EU Imp,FOB,4848.28,,,2026-09-09,,TRUE,2026-08-12 07:27:13.123000 UTC,2026-09-15 14:23:16.492000 UTC,2026-09-15 15:13:16.492000 UTC
HS-192153,SHP-136390,canceled,,,,sea,fcl,EU Exp,CPT,,,2,2026-09-03,2026-08-18 07:58:18.403000 UTC,,2026-08-04 10:04:41.667000 UTC,2026-08-18 08:03:47.420000 UTC,2026-08-18 08:33:47.420000 UTC
HS-218788,SHP-210190,completed,,,,air,lcl,CrossT,DAP,566.5,,,2026-08-05,,TRUE,2026-07-30 13:13:05.376000 UTC,2026-08-28 08:47:08.469000 UTC,2026-08-28 10:07:08.469000 UTC
HS-142771,SHP-219380,active,,,,sea,fcl,EU Imp,FOB,,,2,2026-09-13,,,2026-07-30 07:30:01.208000 UTC,2026-09-17 05:18:52.930000 UTC,2026-09-17 06:25:52.930000 UTC
HS-180131,SHP-121294,active,,,,sea,fcl,EU Imp,FOB,,,4,2026-09-07,,,2026-07-22 06:51:28.942000 UTC,2026-09-17 21:00:10.869000 UTC,2026-09-17 22:56:10.869000 UTC
HS-219854,SHP-119812,completed,,CREF-047767,,rail,lcl,EU Imp,EXW,,2.258,,2026-07-15,,TRUE,2026-07-17 01:22:32.476000 UTC,2026-08-31 16:04:35.629000 UTC,2026-08-31 16:39:35.629000 UTC
HS-014600,SHP-215893,completed,,CREF-012338,,sea,lcl,EU Imp,FOB,,5.93,,2026-07-18,,TRUE,2026-07-02 08:26:53.560000 UTC,2026-09-11 09:54:15.079000 UTC,2026-09-11 12:33:15.079000 UTC
HS-012967,SHP-223139,completed,,,,rail,fcl,EU Imp,CFR,,,2,2026-07-14,,TRUE,2026-07-01 12:50:08.261000 UTC,2026-08-05 08:43:42.026000 UTC,2026-08-05 08:59:42.026000 UTC
HS-134828,SHP-111128,completed,,CREF-047197,,sea,lcl,EU Imp,FOB,,1.3705,,2026-07-09,,TRUE,2026-06-23 10:52:50.532000 UTC,2026-09-03 07:17:03.497000 UTC,2026-09-03 09:49:03.497000 UTC
HS-211507,SHP-070855,completed,,CREF-136022,,rail,lcl,EU Imp,EXW,,12.3783,,2026-08-05,,TRUE,2026-06-11 09:15:18.152000 UTC,2026-09-11 13:16:07.176000 UTC,2026-09-11 14:32:07.176000 UTC
HS-172117,SHP-048998,canceled,,CREF-084561,,rail,lcl,EU Imp,FCA_T,,3.4719,,2026-06-24,2026-06-12 10:58:31.960000 UTC,TRUE,2026-06-10 07:00:29.243000 UTC,2026-06-12 10:58:32.399000 UTC,2026-06-12 14:51:32.399000 UTC
HS-006947,SHP-200780,completed,BKG-000469,CREF-145559,carrierConfirmed,sea,fcl,EU Imp,FOB,,,2,2026-07-11,,TRUE,2026-06-09 15:10:17.544000 UTC,2026-09-16 10:10:53.284000 UTC,2026-09-16 10:31:53.284000 UTC
HS-188348,SHP-184333,completed,,CREF-121671,,sea,lcl,EU Imp,FOB,,4.4,,2026-06-23,,TRUE,2026-06-02 07:56:41.939000 UTC,2026-09-01 06:48:40.839000 UTC,2026-09-01 09:13:40.839000 UTC
HS-041124,SHP-191959,completed,BKG-006867,CREF-038841,carrierConfirmed,sea,fcl,EU Imp,FOB,,,1,2026-07-10,,TRUE,2026-06-01 15:33:51.029000 UTC,2026-09-08 14:08:57.678000 UTC,2026-09-08 16:11:57.678000 UTC
HS-087974,SHP-220672,completed,,,,rail,fcl,EU Imp,CFR,,,2,2026-05-19,,TRUE,2026-06-01 11:57:56.103000 UTC,2026-07-07 13:26:20.096000 UTC,2026-07-07 15:48:20.096000 UTC
HS-031197,SHP-222931,canceled,,CREF-055805,,sea,fcl,EU Imp,FOB,,,2,2026-06-24,2026-06-18 12:07:35.286000 UTC,TRUE,2026-05-28 12:39:03.807000 UTC,2026-06-18 12:07:37.094000 UTC,2026-06-18 15:51:37.094000 UTC
HS-076745,SHP-048838,completed,BKG-024477,CREF-087097,carrierConfirmed,sea,fcl,EU Imp,FOB,,,2,2026-06-15,,TRUE,2026-05-15 09:16:36.178000 UTC,2026-09-11 01:05:16.841000 UTC,2026-09-11 03:24:16.841000 UTC
HS-035884,SHP-138119,completed,,CREF-097992,,rail,lcl,EU Imp,FCA_T,,0.4599,,2026-05-22,,TRUE,2026-05-04 08:27:26.119000 UTC,2026-07-14 15:01:43.734000 UTC,2026-07-14 17:24:43.734000 UTC
HS-149235,SHP-009906,completed,,CREF-012579,,sea,fcl,EU Exp,CFR,,,2,2026-08-11,,TRUE,2026-04-15 17:59:25.736000 UTC,2026-09-11 08:30:13.970000 UTC,2026-09-11 09:56:13.970000 UTC
HS-203656,SHP-000129,completed,,CREF-012666,,sea,fcl,EU Exp,CFR,,,8,2026-08-12,,TRUE,2026-04-08 17:10:00.024000 UTC,2026-09-11 08:30:32.172000 UTC,2026-09-11 09:38:32.172000 UTC
HS-152734,SHP-073578,active,BKG-000578,CREF-026164,carrierConfirmed,sea,fcl,EU Imp,FOB,,,6,2026-04-26,,TRUE,2026-04-07 07:17:14.408000 UTC,2026-07-16 11:47:13.913000 UTC,2026-07-16 15:32:13.913000 UTC
HS-158523,SHP-218950,completed,,CREF-159853,,sea,lcl,EU Imp,FOB,,12.3356,,2026-04-13,,TRUE,2026-03-27 08:04:01.359000 UTC,2026-06-19 12:37:29.454000 UTC,2026-06-19 15:58:29.454000 UTC
HS-140795,SHP-131646,completed,,CREF-126151,,rail,lcl,EU Imp,EXW,,0.33,,2026-03-28,,TRUE,2026-03-16 10:50:50.858000 UTC,2026-08-21 07:44:45.066000 UTC,2026-08-21 08:10:45.066000 UTC
HS-155821,SHP-005003,completed,,CREF-077069,,sea,lcl,EU Imp,FOB,,15.43,,2026-03-29,,TRUE,2026-03-11 08:04:00.043000 UTC,2026-06-30 09:08:05.392000 UTC,2026-06-30 13:05:05.392000 UTC
HS-059798,SHP-014094,completed,,,,air,lcl,EU Imp,FOB,4359.12,,,2026-03-23,,TRUE,2026-02-25 09:06:02.665000 UTC,2026-06-03 13:27:24.173000 UTC,2026-06-03 14:07:24.173000 UTC
HS-219477,SHP-172682,completed,,,,air,lcl,EU Exp,CPT,42.2,,,2026-02-25,,TRUE,2026-02-23 07:51:29.920000 UTC,2026-03-02 10:22:02.778000 UTC,2026-03-02 10:48:02.778000 UTC
HS-149554,SHP-147821,canceled,,,,air,lcl,EU Imp,FOB,0.06,,,2026-02-28,2026-04-15 11:08:52.510000 UTC,TRUE,2026-02-18 10:47:23.786000 UTC,2026-04-15 11:08:52.830000 UTC,2026-04-15 11:23:52.830000 UTC
HS-070263,SHP-030092,completed,CBR-000104-0,CREF-046708,shipment,sea,fcl,EU Exp,FCA_T,,,16,2026-03-15,,TRUE,2026-02-16 14:02:45.826000 UTC,2026-03-31 06:30:21.676000 UTC,2026-03-31 09:15:21.676000 UTC
HS-093396,SHP-204376,completed,,CREF-005908,,rail,lcl,EU Imp,EXW,,2.3998,,2026-02-15,,TRUE,2026-01-23 12:13:44.052000 UTC,2026-05-28 12:18:52.005000 UTC,2026-05-28 15:55:52.005000 UTC
HS-068733,SHP-214768,completed,,CREF-138535,,sea,lcl,EU Imp,FOB,,0.96,,2026-02-17,,TRUE,2026-01-22 09:02:08.334000 UTC,2026-08-11 11:41:44.300000 UTC,2026-08-11 13:43:44.300000 UTC
HS-083830,SHP-086440,completed,,,,air,lcl,EU Imp,FOB,143.79,,,2026-01-11,,TRUE,2026-01-06 09:02:53.749000 UTC,2026-01-19 08:23:00.608000 UTC,2026-01-19 10:17:00.608000 UTC
HS-094121,SHP-038025,completed,,CREF-150221,,sea,lcl,EU Imp,FOB,,3.1896,,2026-01-01,,TRUE,2025-12-15 09:00:16.600000 UTC,2026-03-03 08:32:17.031000 UTC,2026-03-03 12:21:17.031000 UTC
HS-114426,SHP-182973,active,,,,rail,lcl,EU Imp,EXW,,1.1005,,2026-09-17,,TRUE,2026-09-17 07:26:56.405000 UTC,2026-09-17 10:20:10.299000 UTC,2026-09-17 13:24:10.299000 UTC
HS-015861,SHP-120284,active,,,,sea,fcl,EU Imp,EXW,,,1,2026-10-01,,,2026-09-14 19:22:11.768000 UTC,2026-09-15 01:53:12.194000 UTC,2026-09-15 02:02:12.194000 UTC
HS-095679,SHP-221758,active,,,,sea,lcl,EU Imp,FOB,,5.5,,2026-10-01,,TRUE,2026-09-14 13:42:16.069000 UTC,2026-09-17 04:15:41.244000 UTC,2026-09-17 08:07:41.244000 UTC
HS-103675,SHP-084544,active,,,,rail,fcl,EU Imp,FCA_T,,,2,2026-10-05,,TRUE,2026-09-04 07:39:10.488000 UTC,2026-09-17 07:24:40.440000 UTC,2026-09-17 09:59:40.440000 UTC
HS-115530,SHP-055864,active,,CREF-149217,,rail,fcl,EU Imp,EXW,,,4,2026-08-27,,TRUE,2026-08-24 07:05:00.305000 UTC,2026-09-17 10:31:00.421000 UTC,2026-09-17 12:05:00.421000 UTC
HS-118445,SHP-063341,active,,,,sea,fcl,EU Exp,CFR,,,10,2026-08-23,,,2026-08-07 10:07:13.576000 UTC,2026-09-18 14:07:41.319000 UTC,2026-09-18 14:40:41.319000 UTC
HS-164572,SHP-091463,active,,,,sea,fcl,EU Exp,CFR,,,36,2026-08-30,,,2026-07-31 06:35:41.274000 UTC,2026-09-18 14:07:50.193000 UTC,2026-09-18 15:35:50.193000 UTC
HS-055547,SHP-012707,active,,CREF-013443,,rail,lcl,EU Imp,FOB,,5.064,,2026-08-15,,TRUE,2026-07-30 09:01:15.948000 UTC,2026-09-10 20:38:36.257000 UTC,2026-09-10 23:18:36.257000 UTC
HS-051249,SHP-201492,active,,CREF-118959,,sea,lcl,EU Imp,FOB,,14.58,,2026-09-06,,TRUE,2026-07-29 13:22:19.748000 UTC,2026-09-05 23:25:34.114000 UTC,2026-09-06 02:41:34.114000 UTC
HS-088109,SHP-035368,active,,,,sea,fcl,EU Imp,FOB,,,6,2026-08-30,,,2026-07-27 09:41:19.581000 UTC,2026-09-17 17:00:15.387000 UTC,2026-09-17 17:36:15.387000 UTC
HS-056534,SHP-084884,canceled,CBR-030479-0,CREF-147582,carrierConfirmed,sea,fcl,EU Exp,CFR,,,16,2026-08-19,2026-08-11 07:58:45.985000 UTC,TRUE,2026-07-23 12:44:23.233000 UTC,2026-08-11 07:59:05.124000 UTC,2026-08-11 09:16:05.124000 UTC
HS-004852,SHP-100380,active,,,,sea,fcl,EU Imp,FOB,,,2,2026-09-01,,,2026-07-21 08:35:19.289000 UTC,2026-09-18 05:04:51.526000 UTC,2026-09-18 07:16:51.526000 UTC
HS-173273,SHP-045291,completed,CBR-032121-0,CREF-037318,carrierConfirmed,sea,fcl,EU Exp,EXW,,,1,2026-07-27,,TRUE,2026-07-10 08:59:48.378000 UTC,2026-09-07 10:32:04.837000 UTC,2026-09-07 13:55:04.837000 UTC
HS-200844,SHP-060306,active,BKG-019527,CREF-050698,carrierConfirmed,sea,fcl,EU Imp,FOB,,,2,2026-08-03,,TRUE,2026-07-09 09:54:55.505000 UTC,2026-09-18 05:12:35.345000 UTC,2026-09-18 05:51:35.345000 UTC
HS-037441,SHP-042330,completed,,,,rail,fcl,EU Imp,CFR,,,2,2026-06-30,,TRUE,2026-07-01 13:11:28.883000 UTC,2026-08-02 14:39:55.042000 UTC,2026-08-02 16:57:55.042000 UTC
HS-121926,SHP-041397,completed,,CREF-134450,,sea,lcl,EU Imp,FOB,,4.08,,2026-07-10,,TRUE,2026-06-24 13:56:19.026000 UTC,2026-09-09 11:26:28.303000 UTC,2026-09-09 11:49:28.303000 UTC
HS-065328,SHP-060762,canceled,CBR-011346-0,CREF-111041,carrierConfirmed,sea,fcl,EU Imp,FOB,,,2,2026-07-31,2026-07-16 14:15:14.805000 UTC,TRUE,2026-06-24 07:57:31.191000 UTC,2026-07-16 14:15:25.214000 UTC,2026-07-16 16:25:25.214000 UTC
HS-193806,SHP-217278,completed,,,,air,lcl,EU Imp,FOB,77.5,,,2026-06-28,,TRUE,2026-06-23 12:38:07.453000 UTC,2026-08-04 07:33:58.926000 UTC,2026-08-04 08:34:58.926000 UTC
HS-094624,SHP-142961,active,CBR-019163-0,CREF-120283,carrierConfirmed,sea,fcl,EU Imp,FOB,,,3,2026-06-23,,TRUE,2026-05-29 03:11:05.673000 UTC,2026-09-18 10:06:37.240000 UTC,2026-09-18 11:58:37.240000 UTC
HS-040582,SHP-103120,completed,,,,sea,fcl,EU Imp,FOB,,,2,2026-06-26,,,2026-05-27 12:03:30.950000 UTC,2026-08-13 15:21:50.902000 UTC,2026-08-13 19:10:50.902000 UTC
HS-049031,SHP-017501,canceled,BKG-004318,,renomination,sea,fcl,EU Imp,FOB,,,4,2026-06-11,2026-06-11 12:14:38.780000 UTC,FALSE,2026-05-26 07:01:34.299000 UTC,2026-06-11 12:14:44.548000 UTC,2026-06-11 13:31:44.548000 UTC
HS-127292,SHP-121039,completed,,CREF-073299,,sea,lcl,EU Imp,FOB,,8.55,,2026-07-03,,TRUE,2026-05-21 20:35:09.784000 UTC,2026-09-15 15:10:44.821000 UTC,2026-09-15 17:43:44.821000 UTC
HS-211127,SHP-093597,completed,,CREF-100242,,sea,lcl,EU Imp,FOB,,10.369,,2026-06-01,,TRUE,2026-05-20 08:16:50.575000 UTC,2026-08-07 16:06:32.183000 UTC,2026-08-07 17:27:32.183000 UTC
HS-195711,SHP-110258,completed,,CREF-117567,,sea,lcl,EU Imp,FOB,,0.66,,2026-06-15,,TRUE,2026-05-06 07:37:45.544000 UTC,2026-09-08 10:05:47.164000 UTC,2026-09-08 10:57:47.164000 UTC
HS-074673,SHP-222883,completed,,,,air,lcl,EU Imp,CPT,275,,,2026-04-29,,TRUE,2026-05-04 06:48:52.941000 UTC,2026-06-23 08:11:04.824000 UTC,2026-06-23 08:24:04.824000 UTC
HS-066199,SHP-122592,completed,,CREF-064140,,rail,lcl,EU Imp,FCA_T,,2.8702,,2026-04-19,,TRUE,2026-04-08 05:48:27.637000 UTC,2026-05-27 08:10:39.670000 UTC,2026-05-27 10:20:39.670000 UTC
HS-074076,SHP-195230,completed,,CREF-021927,,sea,lcl,EU Imp,FOB,,1.9999,,2026-04-17,,TRUE,2026-03-19 16:19:49.799000 UTC,2026-06-10 06:57:26.890000 UTC,2026-06-10 08:18:26.890000 UTC
HS-146612,SHP-146609,completed,BKG-021403,CREF-077399,carrierConfirmed,sea,fcl,EU Imp,FOB,,,2,2026-04-03,,TRUE,2026-03-13 05:48:32.908000 UTC,2026-09-11 01:15:00.785000 UTC,2026-09-11 03:30:00.785000 UTC
HS-160698,SHP-134435,completed,,CREF-035156,,sea,lcl,EU Imp,FOB,,5.63,,2026-02-19,,TRUE,2026-01-20 10:35:04.494000 UTC,2026-05-08 07:33:32.527000 UTC,2026-05-08 08:48:32.527000 UTC
HS-023178,SHP-187391,completed,,CREF-000577,,sea,lcl,EU Imp,FOB,,2.4559,,2026-02-05,,TRUE,2026-01-12 11:35:44.771000 UTC,2026-04-01 06:07:33.116000 UTC,2026-04-01 06:59:33.116000 UTC
HS-208653,SHP-100342,completed,,CREF-114532,,sea,lcl,EU Imp,FOB,,4.3561,,2026-01-28,,TRUE,2026-01-05 14:18:48.443000 UTC,2026-03-26 08:21:26.388000 UTC,2026-03-26 10:10:26.388000 UTC
HS-153519,SHP-185752,completed,BKG-010602,CREF-100272,carrierConfirmed,sea,fcl,EU Imp,FOB,,,2,2026-01-19,,TRUE,2026-01-05 08:42:51.631000 UTC,2026-03-13 06:16:18.003000 UTC,2026-03-13 09:18:18.003000 UTC
HS-076525,SHP-101501,canceled,CBR-006168-0,CREF-106864,carrierContacted,sea,fcl,EU Exp,EXW,,,4,2026-01-07,2025-12-12 14:01:53.184000 UTC,FALSE,2025-11-24 08:42:54.332000 UTC,2025-12-12 15:31:18.767000 UTC,2025-12-12 19:10:18.767000 UTC
HS-172091,SHP-046322,active,,,,sea,fcl,EU Imp,FOB,,,4,2026-10-02,,,2026-09-15 08:47:10.197000 UTC,2026-09-17 03:25:57.607000 UTC,2026-09-17 06:41:57.607000 UTC
HS-010046,SHP-139649,completed,,,,air,lcl,EU Imp,FOB,6291,,,2026-09-07,,TRUE,2026-09-03 11:16:16.977000 UTC,2026-09-16 14:36:12.978000 UTC,2026-09-16 17:24:12.978000 UTC
HS-036749,SHP-034940,active,,CREF-074413,,rail,lcl,EU Imp,DAP,,26.9818,,2026-08-31,,TRUE,2026-09-03 08:11:51.953000 UTC,2026-09-18 06:51:54.421000 UTC,2026-09-18 09:33:54.421000 UTC
HS-144105,SHP-038886,active,,,,sea,fcl,EU Imp,FOB,,,2,2026-09-17,,,2026-08-21 12:55:12.711000 UTC,2026-09-17 16:02:35.125000 UTC,2026-09-17 19:59:35.125000 UTC
HS-167782,SHP-145834,active,,,,sea,fcl,EU Imp,FOB,,,1,2026-08-26,,,2026-08-10 08:37:35.298000 UTC,2026-09-17 16:19:06.814000 UTC,2026-09-17 17:03:06.814000 UTC
HS-049470,SHP-196189,active,,,,sea,fcl,EU Imp,FOB,,,2,2026-09-22,,,2026-08-06 06:54:56.387000 UTC,2026-09-18 06:02:25.955000 UTC,2026-09-18 09:22:25.955000 UTC
HS-172832,SHP-158387,completed,CBR-014070-0,CREF-136445,shipment,sea,fcl,EU Imp,CIF,,,2,2026-07-25,,TRUE,2026-07-21 14:11:15.157000 UTC,2026-08-03 12:47:00.307000 UTC,2026-08-03 14:35:00.307000 UTC
HS-158795,SHP-093130,active,,CREF-023433,,sea,lcl,EU Imp,FOB,,6.11,,2026-07-29,,TRUE,2026-07-15 09:53:09.013000 UTC,2026-09-18 08:41:57.393000 UTC,2026-09-18 12:17:57.393000 UTC
HS-135452,SHP-063141,completed,,,,air,lcl,EU Imp,EXW,1295,,,2026-07-04,,TRUE,2026-06-26 11:24:55.701000 UTC,2026-08-11 09:52:58.489000 UTC,2026-08-11 11:58:58.489000 UTC
HS-116156,SHP-122316,completed,BKG-020462,CREF-112185,carrierConfirmed,sea,fcl,EU Imp,FOB,,,2,2026-07-11,,TRUE,2026-06-10 13:48:36.191000 UTC,2026-09-10 07:47:50.673000 UTC,2026-09-10 11:44:50.673000 UTC
HS-094611,SHP-066977,completed,,CREF-025578,,sea,lcl,EU Imp,FOB,,0.5693,,2026-06-14,,TRUE,2026-06-02 17:06:28.585000 UTC,2026-08-17 17:02:45.506000 UTC,2026-08-17 17:13:45.506000 UTC
HS-061438,SHP-154171,completed,,,,sea,fcl,EU Imp,FOB,,,2,2026-06-06,,,2026-06-02 09:30:29.275000 UTC,2026-08-14 07:49:50.330000 UTC,2026-08-14 10:09:50.330000 UTC
HS-159538,SHP-146349,completed,,CREF-020444,,rail,lcl,EU Imp,FOB,,18.24,,2026-06-18,,TRUE,2026-05-27 07:34:58.233000 UTC,2026-07-30 08:16:48.099000 UTC,2026-07-30 09:00:48.099000 UTC
HS-040477,SHP-048975,canceled,BKG-016479,,renomination,sea,fcl,EU Imp,FOB,,,4,2026-06-30,2026-06-22 08:44:09.128000 UTC,FALSE,2026-05-25 13:17:09.268000 UTC,2026-06-22 08:44:18.965000 UTC,2026-06-22 08:56:18.965000 UTC
HS-102538,SHP-211581,completed,,,,air,lcl,EU Imp,EXW,2140,,,2026-05-20,,TRUE,2026-05-19 15:25:31.809000 UTC,2026-07-01 07:36:08.963000 UTC,2026-07-01 10:31:08.963000 UTC
HS-117797,SHP-153095,completed,,,,sea,fcl,EU Exp,CFR,,,2,2026-06-20,,,2026-05-13 09:55:55.677000 UTC,2026-09-07 19:38:31.847000 UTC,2026-09-07 20:41:31.847000 UTC
HS-224067,SHP-105687,completed,,CREF-131479,,sea,fcl,EU Exp,CFR,,,2,2026-04-21,,TRUE,2026-03-30 05:59:59.994000 UTC,2026-06-07 16:22:52.636000 UTC,2026-06-07 17:38:52.636000 UTC
HS-213714,SHP-159559,completed,,CREF-158613,,rail,fcl,EU Imp,FOB,,,2,2026-04-07,,TRUE,2026-03-19 09:06:20.264000 UTC,2026-05-25 11:36:49.858000 UTC,2026-05-25 13:33:49.858000 UTC
HS-018941,SHP-196856,completed,,CREF-151722,,rail,lcl,EU Imp,EXW,,10.548,,2026-03-28,,TRUE,2026-03-09 10:05:01.391000 UTC,2026-04-29 11:52:10.356000 UTC,2026-04-29 12:26:10.356000 UTC
HS-124398,SHP-149121,completed,,,,air,lcl,EU Exp,DDP,728,,,2026-03-06,,TRUE,2026-02-17 08:34:42.872000 UTC,2026-04-14 12:53:14.304000 UTC,2026-04-14 16:23:14.304000 UTC
HS-205485,SHP-213660,completed,,CREF-155756,,rail,fcl,EU Imp,FOB,,,2,2026-03-24,,TRUE,2026-02-06 10:42:10.339000 UTC,2026-04-20 06:22:04.111000 UTC,2026-04-20 06:39:04.111000 UTC
HS-087278,SHP-084199,completed,,,,rail,fcl,EU Imp,EXW,,,4,2026-02-24,,TRUE,2026-02-03 12:22:52.377000 UTC,2026-03-27 06:28:21.357000 UTC,2026-03-27 09:31:21.357000 UTC
HS-101280,SHP-062558,completed,BKG-020504,CREF-027035,carrierConfirmed,sea,fcl,EU Imp,FOB,,,2,2026-03-01,,TRUE,2026-01-28 10:49:59.667000 UTC,2026-07-23 12:38:09.625000 UTC,2026-07-23 14:54:09.625000 UTC
HS-078247,SHP-019733,completed,BKG-008367,CREF-026282,carrierConfirmed,sea,fcl,EU Imp,FOB,,,1,2026-02-20,,TRUE,2026-01-16 09:31:03.360000 UTC,2026-04-28 09:09:59.841000 UTC,2026-04-28 11:53:59.841000 UTC
HS-033000,SHP-073054,completed,,,,air,lcl,EU Exp,EXW,3821,,,2026-01-16,,TRUE,2026-01-14 08:49:07.599000 UTC,2026-03-05 10:41:54.512000 UTC,2026-03-05 11:43:54.512000 UTC
HS-010461,SHP-022586,active,,,,rail,lcl,EU Imp,FOB,,9.2189,,2026-09-23,,TRUE,2026-09-10 11:03:37.300000 UTC,2026-09-11 06:27:23.328000 UTC,2026-09-11 10:19:23.328000 UTC
HS-064777,SHP-172914,active,,,,sea,fcl,EU Imp,FOB,,,1,2026-09-21,,,2026-09-09 07:18:59.109000 UTC,2026-09-14 12:03:12.572000 UTC,2026-09-14 15:34:12.572000 UTC
HS-210034,SHP-066754,active,CBR-023880-0,CREF-151114,carrierConfirmed,sea,fcl,EU Exp,CFR,,,4,2026-10-01,,TRUE,2026-09-01 08:21:43.446000 UTC,2026-09-02 05:43:40.290000 UTC,2026-09-02 08:42:40.290000 UTC
HS-137894,SHP-074738,active,,,,sea,fcl,EU Imp,FOB,,,2,2026-09-09,,,2026-08-21 09:09:51.253000 UTC,2026-09-11 07:19:02.379000 UTC,2026-09-11 10:14:02.379000 UTC
HS-070454,SHP-071432,active,,,,sea,fcl,EU Exp,CFR,,,14,2026-09-14,,,2026-08-20 09:08:29.563000 UTC,2026-09-18 14:07:07.207000 UTC,2026-09-18 15:29:07.207000 UTC
HS-173372,SHP-076530,active,,,,sea,fcl,EU Exp,CFR,,,16,2026-09-19,,,2026-08-20 09:02:49.013000 UTC,2026-09-18 14:06:22.819000 UTC,2026-09-18 16:03:22.819000 UTC
HS-174365,SHP-003877,completed,,,,air,lcl,EU Imp,FOB,176,,,2026-08-27,,TRUE,2026-08-17 06:51:33.804000 UTC,2026-09-08 13:01:31.188000 UTC,2026-09-08 14:39:31.188000 UTC
HS-168299,SHP-083186,active,,,,sea,fcl,EU Imp,EXW,,,1,2026-09-05,,,2026-08-14 13:40:48.498000 UTC,2026-09-18 12:00:11.468000 UTC,2026-09-18 15:58:11.468000 UTC
HS-073865,SHP-148816,completed,,,,air,lcl,EU Imp,FOB,364.2,,,2026-08-20,,TRUE,2026-08-11 07:30:48.431000 UTC,2026-08-28 09:00:32.177000 UTC,2026-08-28 12:20:32.177000 UTC
HS-101094,SHP-049825,completed,,,,air,lcl,EU Imp,DAP,711.26,,,2026-07-31,,TRUE,2026-08-10 14:25:22.772000 UTC,2026-08-25 09:13:55.075000 UTC,2026-08-25 09:27:55.075000 UTC
HS-109915,SHP-050790,completed,CBR-016429-0,CREF-070838,shipment,sea,fcl,EU Imp,CIF,,,2,2026-08-26,,TRUE,2026-08-10 09:52:08.398000 UTC,2026-08-31 10:41:36.971000 UTC,2026-08-31 12:45:36.971000 UTC
HS-069119,SHP-101706,canceled,BKG-017861,,carrierContacted,sea,fcl,EU Imp,FOB,,,2,2026-08-13,2026-08-12 10:49:00.353000 UTC,FALSE,2026-08-06 09:17:12.552000 UTC,2026-08-12 10:49:08.665000 UTC,2026-08-12 12:35:08.665000 UTC
HS-038607,SHP-098803,active,,,,sea,fcl,EU Exp,CPT,,,2,2026-09-19,,,2026-08-04 08:38:03.972000 UTC,2026-09-18 00:00:46.020000 UTC,2026-09-18 02:43:46.020000 UTC
HS-122330,SHP-221817,active,,,,sea,fcl,EU Imp,FOB,,,2,2026-09-26,,,2026-08-03 12:53:03.224000 UTC,2026-09-17 07:00:09.194000 UTC,2026-09-17 10:44:09.194000 UTC
HS-002221,SHP-152195,active,,,,sea,fcl,EU Imp,FOB,,,2,2026-08-22,,,2026-07-30 10:10:24.162000 UTC,2026-09-18 05:09:11.804000 UTC,2026-09-18 06:28:11.804000 UTC
HS-097527,SHP-189008,active,,,,sea,lcl,EU Imp,FOB,,10.7363,,2026-08-16,,,2026-07-28 12:55:13.888000 UTC,2026-09-17 12:12:41.385000 UTC,2026-09-17 13:48:41.385000 UTC
HS-038489,SHP-221676,active,,,,sea,fcl,EU Imp,FOB,,,2,2026-08-05,,,2026-07-27 09:50:57.984000 UTC,2026-09-17 14:27:50.606000 UTC,2026-09-17 15:28:50.606000 UTC
HS-043497,SHP-207305,completed,,,,air,lcl,EU Imp,FCA_T,651,,,2026-07-24,,TRUE,2026-07-20 12:31:00.648000 UTC,2026-08-04 08:34:10.534000 UTC,2026-08-04 11:30:10.534000 UTC
HS-013796,SHP-158022,active,,CREF-115040,,sea,lcl,EU Imp,FOB,,3.6602,,2026-09-06,,TRUE,2026-07-17 09:49:15.855000 UTC,2026-09-08 04:54:47.066000 UTC,2026-09-08 08:50:47.066000 UTC
HS-115564,SHP-169174,active,,CREF-068045,,sea,lcl,EU Imp,FOB,,12.7368,,2026-08-22,,TRUE,2026-07-13 13:42:26.821000 UTC,2026-09-07 04:57:38.441000 UTC,2026-09-07 06:32:38.441000 UTC
HS-102260,SHP-068020,active,,CREF-018560,,sea,lcl,EU Imp,EXW,,4.1126,,2026-07-28,,TRUE,2026-07-08 08:45:01.226000 UTC,2026-09-18 07:59:14.072000 UTC,2026-09-18 09:53:14.072000 UTC
HS-117513,SHP-008288,completed,,,,sea,fcl,EU Exp,CFR,,,1,2026-07-21,,,2026-06-29 07:28:45.235000 UTC,2026-08-27 11:41:01.603000 UTC,2026-08-27 12:40:01.603000 UTC
HS-015341,SHP-217606,active,,CREF-163897,,sea,lcl,EU Imp,FOB,,2.6,,2026-07-02,,TRUE,2026-06-19 09:18:35.064000 UTC,2026-09-10 04:13:49.037000 UTC,2026-09-10 07:39:49.037000 UTC
HS-162248,SHP-122989,active,,,,sea,fcl,EU Imp,FOB,,,10,2026-09-03,,,2026-05-26 12:50:43.136000 UTC,2026-09-17 13:00:24.053000 UTC,2026-09-17 15:49:24.053000 UTC
HS-138135,SHP-179487,completed,,CREF-094157,,rail,lcl,EU Imp,EXW,,1.6946,,2026-05-22,,TRUE,2026-05-08 13:03:22.461000 UTC,2026-08-24 15:04:45.867000 UTC,2026-08-24 16:00:45.867000 UTC
HS-202847,SHP-023273,completed,,CREF-089591,,sea,lcl,EU Imp,FOB,,0.1602,,2026-05-08,,TRUE,2026-03-26 09:50:48.750000 UTC,2026-07-06 06:15:07.470000 UTC,2026-07-06 06:35:07.470000 UTC
HS-004943,SHP-206678,completed,,CREF-084347,,sea,lcl,EU Imp,FOB,,0.4702,,2026-04-07,,TRUE,2026-03-25 12:12:16.071000 UTC,2026-06-26 13:00:56.840000 UTC,2026-06-26 15:54:56.840000 UTC
HS-172631,SHP-013805,completed,,,,air,lcl,EU Exp,EXW,800,,,2026-03-26,,TRUE,2026-03-20 15:29:31.890000 UTC,2026-05-18 07:46:16.604000 UTC,2026-05-18 09:24:16.604000 UTC
HS-194331,SHP-025914,completed,,CREF-161115,,sea,lcl,EU Imp,FOB,,7.1291,,2026-04-01,,TRUE,2026-03-16 13:41:17.492000 UTC,2026-06-04 12:58:02.923000 UTC,2026-06-04 15:45:02.923000 UTC
HS-034070,SHP-224365,completed,,CREF-034080,,sea,fcl,EU Imp,CFR,,,2,2026-04-25,,TRUE,2026-03-11 10:44:21.849000 UTC,2026-07-26 16:45:58.917000 UTC,2026-07-26 20:16:58.917000 UTC
HS-165340,SHP-183665,completed,,,,air,lcl,EU Imp,EXW,433,,,2026-03-14,,TRUE,2026-03-10 09:14:15.443000 UTC,2026-04-10 12:13:11.420000 UTC,2026-04-10 13:51:11.420000 UTC
HS-043253,SHP-210133,completed,,,,air,lcl,EU Imp,FCA_T,3089.77,,,2026-03-13,,TRUE,2026-03-09 12:10:27.041000 UTC,2026-04-09 14:25:31.035000 UTC,2026-04-09 16:44:31.035000 UTC
HS-058576,SHP-003095,completed,,CREF-075397,,rail,lcl,EU Imp,EXW,,8.311,,2026-02-07,,TRUE,2026-01-28 09:34:00.864000 UTC,2026-04-13 08:18:34.518000 UTC,2026-04-13 09:35:34.518000 UTC
HS-204986,SHP-121411,completed,,CREF-026846,,sea,lcl,EU Imp,EXW,,1.3301,,2026-02-15,,TRUE,2026-01-23 11:41:04.390000 UTC,2026-05-05 07:30:05.019000 UTC,2026-05-05 09:16:05.019000 UTC
HS-050208,SHP-219181,completed,,CREF-044773,,sea,lcl,EU Imp,FOB,,5.5014,,2026-01-30,,TRUE,2026-01-09 11:35:05.274000 UTC,2026-04-14 07:20:59.286000 UTC,2026-04-14 08:40:59.286000 UTC
HS-057769,SHP-042986,completed,,CREF-008031,,sea,lcl,EU Imp,FOB,,2.5105,,2026-01-20,,TRUE,2025-12-29 09:14:58.689000 UTC,2026-04-10 11:14:33.905000 UTC,2026-04-10 11:21:33.905000 UTC
HS-125433,SHP-069508,completed,,CREF-066230,,sea,fcl,EU Exp,CFR,,,12,2026-01-05,,TRUE,2025-12-11 16:35:51.805000 UTC,2026-03-04 17:29:52.322000 UTC,2026-03-04 20:10:52.322000 UTC
HS-075578,SHP-096579,active,,,,sea,fcl,EU Imp,FOB,,,1,2026-09-27,,,2026-09-11 06:07:29.664000 UTC,2026-09-14 10:30:40.903000 UTC,2026-09-14 13:57:40.903000 UTC
HS-153047,SHP-191198,active,,,,air,lcl,EU Imp,FOB,433.6,,,2026-09-16,,TRUE,2026-09-09 07:34:38.440000 UTC,2026-09-17 07:23:24.174000 UTC,2026-09-17 08:32:24.174000 UTC
HS-030162,SHP-084739,active,,,,sea,fcl,EU Imp,FOB,,,2,2026-10-03,,,2026-09-09 07:22:26.869000 UTC,2026-09-10 01:18:59.580000 UTC,2026-09-10 02:27:59.580000 UTC
HS-139272,SHP-047900,active,,,,sea,fcl,EU Imp,FOB,,,2,2026-09-20,,,2026-09-02 07:19:33.062000 UTC,2026-09-11 01:08:36.933000 UTC,2026-09-11 04:14:36.933000 UTC
HS-174556,SHP-095727,completed,,,,air,lcl,EU Exp,DDP,398.4,,,2026-08-29,,TRUE,2026-08-23 09:20:02.062000 UTC,2026-09-10 12:07:28.357000 UTC,2026-09-10 14:57:28.357000 UTC
HS-208610,SHP-089392,active,,CREF-135962,,rail,lcl,EU Imp,FCA_T,,1.7275,,2026-08-28,,TRUE,2026-08-19 08:50:19.634000 UTC,2026-09-15 15:27:26.364000 UTC,2026-09-15 16:11:26.364000 UTC
HS-127361,SHP-203760,active,,CREF-079648,,sea,lcl,EU Imp,FOB,,5.6456,,2026-09-16,,TRUE,2026-08-18 08:46:41.202000 UTC,2026-09-16 04:43:53.538000 UTC,2026-09-16 08:18:53.538000 UTC
HS-074075,SHP-101623,active,,,,sea,fcl,EU Imp,FOB,,,1,2026-09-19,,,2026-08-17 10:49:40.649000 UTC,2026-09-18 08:07:29.248000 UTC,2026-09-18 08:49:29.248000 UTC
HS-207895,SHP-087007,active,,,,sea,fcl,EU Imp,FOB,,,2,2026-09-05,,,2026-08-13 07:26:14.474000 UTC,2026-09-18 14:00:14.052000 UTC,2026-09-18 17:08:14.052000 UTC
HS-122769,SHP-001542,active,CBR-014511-0,CREF-057945,carrierConfirmed,sea,fcl,EU Exp,CFR,,,8,2026-09-29,,TRUE,2026-08-11 06:49:47.561000 UTC,2026-09-12 15:59:45.182000 UTC,2026-09-12 18:23:45.182000 UTC
HS-064970,SHP-073117,canceled,,,,sea,fcl,EU Exp,CPT,,,2,2026-09-03,2026-08-18 08:00:54.375000 UTC,,2026-08-04 08:39:23.156000 UTC,2026-08-18 08:04:17.722000 UTC,2026-08-18 12:00:17.722000 UTC
HS-220573,SHP-155353,active,,,,sea,fcl,EU Imp,FOB,,,2,2026-08-13,,,2026-07-28 10:27:26.864000 UTC,2026-09-14 06:42:50.014000 UTC,2026-09-14 08:39:50.014000 UTC
HS-110223,SHP-172652,canceled,,,,sea,fcl,EU Imp,FOB,,,1,2026-08-14,2026-08-12 06:28:58.468000 UTC,,2026-07-28 09:58:41.312000 UTC,2026-08-12 06:29:07.174000 UTC,2026-08-12 08:41:07.174000 UTC
HS-035188,SHP-002999,completed,,,,sea,fcl,EU Exp,CPT,,,2,2026-08-09,,,2026-07-21 08:47:14.125000 UTC,2026-09-02 10:39:30.387000 UTC,2026-09-02 14:21:30.387000 UTC
HS-069739,SHP-170055,active,,CREF-049750,,sea,lcl,EU Imp,FOB,,8.17,,2026-08-04,,TRUE,2026-07-13 04:33:02.384000 UTC,2026-09-12 21:31:07.156000 UTC,2026-09-12 22:56:07.156000 UTC
HS-157378,SHP-053187,completed,,,,air,lcl,EU Imp,FOB,2440.99,,,2026-07-28,,TRUE,2026-06-25 08:12:55.363000 UTC,2026-08-14 11:13:24.290000 UTC,2026-08-14 11:38:24.290000 UTC
HS-100120,SHP-028864,canceled,BKG-034090,CREF-087967,carrierConfirmed,sea,fcl,EU Imp,FOB,,,2,2026-07-04,2026-06-22 04:57:44.116000 UTC,TRUE,2026-06-13 15:56:30.638000 UTC,2026-06-22 04:58:00.095000 UTC,2026-06-22 07:31:00.095000 UTC
HS-119757,SHP-185076,canceled,,CREF-005716,,rail,lcl,EU Imp,FCA_T,,13.1712,,2026-06-27,2026-06-16 07:00:42.453000 UTC,TRUE,2026-06-12 07:48:28.207000 UTC,2026-06-16 07:00:42.833000 UTC,2026-06-16 10:06:42.833000 UTC
HS-037822,SHP-070482,completed,,CREF-040571,,sea,lcl,EU Imp,EXW,,8.3798,,2026-04-16,,TRUE,2026-03-27 07:20:23.036000 UTC,2026-06-25 12:03:05.008000 UTC,2026-06-25 12:12:05.008000 UTC
HS-202229,SHP-192040,completed,,CREF-040772,,rail,lcl,EU Imp,FCA_LW,,18.2798,,2026-03-28,,TRUE,2026-03-06 14:32:40.498000 UTC,2026-04-29 22:06:26.684000 UTC,2026-04-30 00:23:26.684000 UTC
HS-081420,SHP-097741,completed,BKG-026213,CREF-000593,carrierConfirmed,sea,fcl,EU Imp,FOB,,,3,2026-03-11,,TRUE,2026-03-05 08:35:35.063000 UTC,2026-06-01 17:32:41.726000 UTC,2026-06-01 21:06:41.726000 UTC
HS-163601,SHP-186065,completed,,,,air,lcl,EU Imp,FCA_T,6707.06,,,2026-03-07,,TRUE,2026-03-02 10:52:14.948000 UTC,2026-05-05 12:44:47.330000 UTC,2026-05-05 15:01:47.330000 UTC
HS-179069,SHP-142001,completed,,,,air,lcl,EU Imp,EXW,2712.09,,,2026-02-25,,TRUE,2026-02-16 09:14:52.411000 UTC,2026-03-23 08:57:56.864000 UTC,2026-03-23 11:06:56.864000 UTC
HS-102911,SHP-178163,completed,BKG-010078,CREF-056275,carrierConfirmed,sea,fcl,EU Imp,FOB,,,2,2026-02-19,,TRUE,2026-01-29 10:51:48.329000 UTC,2026-04-30 08:37:05.090000 UTC,2026-04-30 10:09:05.090000 UTC
HS-016214,SHP-137167,completed,,CREF-065064,,sea,lcl,EU Imp,FOB,,19.8602,,2026-02-12,,TRUE,2026-01-22 08:54:17.167000 UTC,2026-05-05 15:40:15.032000 UTC,2026-05-05 16:19:15.032000 UTC
HS-125043,SHP-065217,completed,,CREF-004575,,sea,fcl,EU Imp,FOB,,,2,2026-01-25,,TRUE,2026-01-16 14:06:14.675000 UTC,2026-05-13 11:28:47.009000 UTC,2026-05-13 13:15:47.009000 UTC
HS-011069,SHP-137659,completed,,,,air,lcl,EU Exp,FCA_T,501,,,2026-01-10,,TRUE,2026-01-06 14:22:26.905000 UTC,2026-03-12 11:11:03.495000 UTC,2026-03-12 13:01:03.495000 UTC
HS-211515,SHP-062985,active,,,,sea,fcl,EU Imp,EXW,,,4,2026-09-26,,,2026-09-16 08:51:23.677000 UTC,2026-09-17 08:21:30.522000 UTC,2026-09-17 10:25:30.522000 UTC
HS-051702,SHP-159444,active,,,,air,lcl,EU Exp,CPT,1970.4,,,2026-09-19,,TRUE,2026-09-14 09:50:11.248000 UTC,2026-09-16 12:56:42.425000 UTC,2026-09-16 15:51:42.425000 UTC
HS-126522,SHP-197344,active,,CREF-115040,,sea,lcl,EU Imp,FOB,,14.4768,,2026-10-16,,TRUE,2026-09-14 08:50:36.785000 UTC,2026-09-14 10:07:33.138000 UTC,2026-09-14 10:39:33.138000 UTC
HS-112886,SHP-223781,active,,,,sea,fcl,EU Exp,FCA_LW,,,2,2026-10-07,,,2026-09-11 09:26:26.895000 UTC,2026-09-17 13:00:15.652000 UTC,2026-09-17 15:35:15.652000 UTC
HS-182286,SHP-023224,active,,,,rail,fcl,EU Imp,FOB,,,2,2026-09-13,,TRUE,2026-09-02 08:33:30.484000 UTC,2026-09-14 10:29:05.520000 UTC,2026-09-14 10:53:05.520000 UTC
HS-157529,SHP-202485,completed,,,,air,lcl,EU Imp,FOB,295.68,,,2026-09-07,,TRUE,2026-09-01 14:14:33.867000 UTC,2026-09-14 12:47:04.791000 UTC,2026-09-14 14:19:04.791000 UTC
HS-035308,SHP-095155,completed,,,,air,lcl,EU Imp,EXW,30,,,2026-08-31,,TRUE,2026-08-25 11:20:02.852000 UTC,2026-09-03 07:45:55.072000 UTC,2026-09-03 08:39:55.072000 UTC
HS-170368,SHP-151849,active,,,,sea,fcl,EU Exp,CPT,,,6,2026-09-12,,,2026-08-19 11:34:13.383000 UTC,2026-09-18 08:49:47.091000 UTC,2026-09-18 10:27:47.091000 UTC
HS-073560,SHP-046497,active,,,,rail,fcl,EU Imp,EXW,,,2,2026-08-28,,TRUE,2026-08-13 10:43:06.735000 UTC,2026-09-16 09:52:18.894000 UTC,2026-09-16 10:12:18.894000 UTC
HS-031094,SHP-061338,active,,,,sea,fcl,EU Imp,FOB,,,8,2026-09-22,,,2026-08-13 09:32:34.363000 UTC,2026-09-18 13:23:56.213000 UTC,2026-09-18 13:39:56.213000 UTC
HS-202582,SHP-015981,active,,,,sea,fcl,EU Imp,FOB,,,2,2026-09-20,,,2026-08-12 07:26:40.565000 UTC,2026-09-18 08:03:49.562000 UTC,2026-09-18 10:40:49.562000 UTC
HS-005661,SHP-156933,completed,,,,air,lcl,EU Imp,FOB,138,,,2026-08-15,,TRUE,2026-08-11 07:14:13.461000 UTC,2026-09-10 12:21:01.883000 UTC,2026-09-10 15:43:01.883000 UTC
HS-044691,SHP-160590,active,,,,sea,fcl,EU Imp,FOB,,,2,2026-09-11,,,2026-07-29 05:59:27.788000 UTC,2026-09-14 03:38:51.808000 UTC,2026-09-14 07:30:51.808000 UTC
HS-122845,SHP-114401,completed,CBR-015298-0,CREF-030583,shipment,sea,fcl,EU Imp,CIF,,,2,2026-08-16,,TRUE,2026-07-17 12:38:21.814000 UTC,2026-09-03 08:31:59.257000 UTC,2026-09-03 10:05:59.257000 UTC
HS-021936,SHP-001051,completed,,CREF-150884,,sea,lcl,EU Imp,FOB,,7.0196,,2026-07-09,,TRUE,2026-06-26 05:59:31.380000 UTC,2026-09-15 10:21:16.916000 UTC,2026-09-15 13:33:16.916000 UTC
HS-160499,SHP-013746,completed,CBR-017598-0,CREF-010541,shipment,sea,fcl,EU Imp,CIF,,,2,2026-06-22,,TRUE,2026-06-24 10:19:23.434000 UTC,2026-07-27 07:07:18.048000 UTC,2026-07-27 09:10:18.048000 UTC
HS-075779,SHP-065859,completed,,,,sea,fcl,EU Exp,CFR,,,2,2026-07-21,,,2026-06-17 12:20:02.706000 UTC,2026-07-31 14:45:52.831000 UTC,2026-07-31 18:31:52.831000 UTC
HS-099426,SHP-137235,completed,,CREF-031526,,rail,lcl,CrossT,EXW,,7.8892,,2026-06-14,,TRUE,2026-06-02 14:13:05.899000 UTC,2026-07-09 12:22:09.652000 UTC,2026-07-09 14:27:09.652000 UTC
HS-128082,SHP-000875,canceled,,CREF-154541,,sea,lcl,EU Imp,FOB,,8.559,,2026-06-14,2026-06-01 13:47:36.986000 UTC,TRUE,2026-05-26 09:29:20.036000 UTC,2026-06-01 13:47:37.891000 UTC,2026-06-01 17:07:37.891000 UTC
HS-046493,SHP-075044,completed,,CREF-042027,,sea,lcl,EU Imp,FOB,,4.6299,,2026-06-13,,TRUE,2026-05-22 13:55:43.187000 UTC,2026-08-06 11:50:56.824000 UTC,2026-08-06 13:33:56.824000 UTC
HS-076617,SHP-193544,completed,,,,air,lcl,EU Imp,EXW,237,,,2026-05-19,,TRUE,2026-05-13 09:27:53.159000 UTC,2026-07-01 12:54:25.193000 UTC,2026-07-01 15:30:25.193000 UTC
HS-189064,SHP-082588,completed,,CREF-114990,,rail,lcl,EU Imp,FCA_T,,4.0503,,2026-06-18,,TRUE,2026-04-16 09:33:52.303000 UTC,2026-07-30 12:57:34.853000 UTC,2026-07-30 16:00:34.853000 UTC
HS-161396,SHP-185926,completed,,,,air,lcl,CrossT,FCA_LW,1616.59,,,2026-04-16,,TRUE,2026-03-19 08:58:58.475000 UTC,2026-05-05 15:08:15.919000 UTC,2026-05-05 16:08:15.919000 UTC
HS-083901,SHP-008181,completed,,,,air,lcl,EU Exp,FOB,665.5,,,2026-03-20,,TRUE,2026-03-16 11:11:23.552000 UTC,2026-04-14 12:57:32.500000 UTC,2026-04-14 13:59:32.500000 UTC
HS-002166,SHP-086413,completed,BKG-012814,CREF-080675,carrierConfirmed,sea,fcl,EU Imp,FOB,,,1,2026-03-14,,TRUE,2026-03-04 08:45:32.521000 UTC,2026-05-11 18:21:01.474000 UTC,2026-05-11 20:05:01.474000 UTC
HS-023069,SHP-156212,completed,,,,rail,lcl,EU Imp,EXW,,7.2324,,2026-04-08,,TRUE,2026-02-24 09:41:49.023000 UTC,2026-07-22 14:09:49.505000 UTC,2026-07-22 18:00:49.505000 UTC
HS-060963,SHP-216107,completed,,CREF-006160,,sea,lcl,EU Imp,FOB,,5.592,,2026-02-14,,TRUE,2026-02-04 08:24:01.225000 UTC,2026-05-08 05:48:39.710000 UTC,2026-05-08 09:33:39.710000 UTC
HS-132061,SHP-091004,completed,,,,air,lcl,EU Imp,EXW,991.79,,,2026-02-09,,TRUE,2026-02-04 03:29:33.608000 UTC,2026-03-03 15:46:23.602000 UTC,2026-03-03 19:03:23.602000 UTC
HS-210275,SHP-005699,completed,,CREF-046289,,sea,lcl,EU Imp,EXW,,2.2192,,2026-02-20,,TRUE,2026-02-03 14:44:48.228000 UTC,2026-07-08 11:56:14.293000 UTC,2026-07-08 15:12:14.293000 UTC
HS-043362,SHP-208160,completed,,CREF-135701,,sea,fcl,EU Imp,CIF,,,1,2026-02-25,,TRUE,2026-01-28 11:22:47.070000 UTC,2026-03-12 12:03:42.066000 UTC,2026-03-12 13:06:42.066000 UTC
HS-005627,SHP-106056,completed,,CREF-132780,,sea,lcl,EU Imp,FOB,,2.1696,,2026-02-15,,TRUE,2026-01-19 16:43:14.875000 UTC,2026-05-13 08:43:14.668000 UTC,2026-05-13 09:30:14.668000 UTC
HS-171992,SHP-143498,completed,,CREF-094919,,sea,lcl,EU Imp,FOB,,10,,2026-02-22,,TRUE,2026-01-19 14:08:41.873000 UTC,2026-04-17 07:32:21.706000 UTC,2026-04-17 08:26:21.706000 UTC
HS-063424,SHP-147981,canceled,BKG-016861,CREF-003448,carrierConfirmed,sea,fcl,EU Imp,FOB,,,2,2026-01-31,2026-01-19 07:02:39.118000 UTC,TRUE,2026-01-16 14:50:56.491000 UTC,2026-01-19 07:02:39.146000 UTC,2026-01-19 07:18:39.146000 UTC
HS-003631,SHP-171728,completed,,CREF-132413,,sea,lcl,EU Imp,FOB,,2.473,,2026-01-24,,TRUE,2026-01-12 08:58:22.799000 UTC,2026-03-25 15:12:15.283000 UTC,2026-03-25 17:05:15.283000 UTC
HS-105604,SHP-136948,completed,BKG-030134,CREF-165181,carrierConfirmed,sea,fcl,EU Imp,FOB,,,2,2026-01-15,,TRUE,2025-12-30 07:36:44.903000 UTC,2026-04-21 09:45:04.738000 UTC,2026-04-21 13:41:04.738000 UTC
HS-136920,SHP-220635,active,,,,air,lcl,EU Imp,FOB,1889.94,,,2026-09-20,,TRUE,2026-09-16 06:28:05.113000 UTC,2026-09-18 12:28:49.122000 UTC,2026-09-18 14:23:49.122000 UTC
HS-013086,SHP-130919,active,BKG-018453,CREF-035384,carrierConfirmed,sea,fcl,EU Imp,FCA_LW,,,2,2026-09-20,,TRUE,2026-09-15 07:21:43.628000 UTC,2026-09-17 08:40:11.815000 UTC,2026-09-17 12:18:11.815000 UTC
HS-117080,SHP-073032,active,,CREF-115040,,sea,lcl,EU Imp,FOB,,13.6323,,2026-09-26,,TRUE,2026-09-09 06:28:36.320000 UTC,2026-09-17 06:57:05.222000 UTC,2026-09-17 07:41:05.222000 UTC
HS-191786,SHP-099326,canceled,BKG-018668,,authorized,sea,fcl,EU Imp,FOB,,,2,2026-09-28,2026-09-07 09:15:43.785000 UTC,FALSE,2026-09-07 07:55:32.966000 UTC,2026-09-07 09:15:46.917000 UTC,2026-09-07 10:56:46.917000 UTC
HS-155706,SHP-002359,active,,,,sea,fcl,EU Imp,FOB,,,2,2026-09-27,,,2026-09-03 08:44:34.718000 UTC,2026-09-11 01:08:53.495000 UTC,2026-09-11 03:06:53.495000 UTC
HS-002905,SHP-153698,active,,,,air,lcl,EU Exp,DAP,132.8,,,2026-09-08,,TRUE,2026-09-03 06:32:36.380000 UTC,2026-09-16 10:15:05.323000 UTC,2026-09-16 10:31:05.323000 UTC
HS-094825,SHP-022243,active,,,,sea,fcl,EU Exp,CPT,,,2,2026-09-25,,,2026-08-31 11:54:36.261000 UTC,2026-09-15 10:21:39.278000 UTC,2026-09-15 13:52:39.278000 UTC
HS-128478,SHP-193427,active,BKG-011072,CREF-093507,carrierConfirmed,sea,fcl,EU Imp,FOB,,,1,2026-09-15,,TRUE,2026-08-19 07:54:28.341000 UTC,2026-09-18 13:08:08.688000 UTC,2026-09-18 16:23:08.688000 UTC
HS-180940,SHP-004785,active,,CREF-117370,,sea,lcl,EU Imp,FOB,,23.4696,,2026-09-04,,TRUE,2026-08-14 13:57:12.398000 UTC,2026-09-14 16:44:23.321000 UTC,2026-09-14 19:18:23.321000 UTC
HS-157566,SHP-043929,active,,,,sea,fcl,EU Imp,FOB,,,1,2026-09-02,,,2026-08-13 13:24:43.665000 UTC,2026-09-18 05:00:12.325000 UTC,2026-09-18 08:33:12.325000 UTC
HS-092415,SHP-137060,active,,,,sea,fcl,EU Exp,CIF,,,2,2026-08-25,,,2026-08-11 11:57:26.007000 UTC,2026-09-10 06:52:21.631000 UTC,2026-09-10 09:57:21.631000 UTC
HS-052044,SHP-191690,active,,,,sea,lcl,EU Imp,FOB,,10.465,,2026-08-30,,TRUE,2026-08-10 10:28:35.563000 UTC,2026-08-21 06:53:28.996000 UTC,2026-08-21 09:19:28.996000 UTC
HS-160826,SHP-192587,active,,,,sea,fcl,EU Imp,FOB,,,1,2026-10-02,,,2026-08-10 06:55:51.229000 UTC,2026-09-08 08:33:32.757000 UTC,2026-09-08 09:56:32.757000 UTC
HS-170255,SHP-056678,active,,,,sea,fcl,EU Imp,FOB,,,2,2026-08-31,,,2026-07-29 07:57:08.963000 UTC,2026-09-13 17:00:26.367000 UTC,2026-09-13 17:50:26.367000 UTC
HS-003316,SHP-126429,active,,CREF-142351,,sea,lcl,EU Imp,FOB,,9.24,,2026-08-05,,TRUE,2026-07-16 18:33:11.885000 UTC,2026-08-10 08:29:15.087000 UTC,2026-08-10 11:59:15.087000 UTC
HS-151956,SHP-058171,active,,CREF-011108,,sea,lcl,EU Imp,FOB,,10.3999,,2026-07-20,,TRUE,2026-07-07 15:10:09.916000 UTC,2026-09-08 12:23:49.637000 UTC,2026-09-08 16:00:49.637000 UTC
HS-070273,SHP-089518,completed,,,,air,lcl,EU Imp,FOB,187.99,,,2026-07-08,,TRUE,2026-07-03 07:22:56.000000 UTC,2026-08-12 07:25:37.499000 UTC,2026-08-12 10:52:37.499000 UTC
HS-088165,SHP-153105,active,,CREF-051836,,sea,lcl,EU Imp,FOB,,7.2002,,2026-07-21,,TRUE,2026-06-25 11:46:22.201000 UTC,2026-09-10 04:50:20.952000 UTC,2026-09-10 07:08:20.952000 UTC
HS-169638,SHP-003491,completed,CBR-024294-0,CREF-110467,carrierConfirmed,sea,fcl,EU Exp,CFR,,,2,2026-06-24,,TRUE,2026-05-29 10:21:44.531000 UTC,2026-08-31 10:06:33.841000 UTC,2026-08-31 10:20:33.841000 UTC
HS-141315,SHP-003003,active,BKG-010469,CREF-032321,carrierConfirmed,sea,fcl,EU Imp,FOB,,,2,2026-06-30,,TRUE,2026-05-28 08:43:53.355000 UTC,2026-09-18 09:01:08.889000 UTC,2026-09-18 12:16:08.889000 UTC
HS-097004,SHP-145094,completed,,,,air,lcl,EU Imp,EXW,1786,,,2026-05-23,,TRUE,2026-05-19 09:15:54.923000 UTC,2026-06-04 16:41:34.443000 UTC,2026-06-04 17:29:34.443000 UTC
HS-183612,SHP-216221,completed,,CREF-041069,,rail,lcl,EU Imp,DAP,,1.5015,,2026-05-29,,TRUE,2026-05-18 10:04:10.956000 UTC,2026-07-09 16:52:46.453000 UTC,2026-07-09 19:18:46.453000 UTC
HS-112072,SHP-014397,completed,,,,air,lcl,CrossT,EXW,4.7,,,2026-05-25,,TRUE,2026-05-15 11:08:02.305000 UTC,2026-06-03 10:02:16.778000 UTC,2026-06-03 12:06:16.778000 UTC
HS-053102,SHP-078027,completed,CBR-003463-0,CREF-042627,carrierConfirmed,sea,fcl,EU Exp,CFR,,,2,2026-06-01,,TRUE,2026-05-12 08:48:52.011000 UTC,2026-08-11 06:18:41.985000 UTC,2026-08-11 06:30:41.985000 UTC
HS-189061,SHP-039032,canceled,,,,sea,fcl,EU Exp,CFR,,,2,2026-06-16,2026-06-11 07:41:11.277000 UTC,,2026-05-08 11:34:14.383000 UTC,2026-06-11 07:41:13.715000 UTC,2026-06-11 11:32:13.715000 UTC
HS-104080,SHP-125031,completed,,,,air,lcl,EU Imp,FOB,4029.49,,,2026-05-05,,TRUE,2026-04-15 12:37:17.494000 UTC,2026-06-25 09:19:04.952000 UTC,2026-06-25 12:55:04.952000 UTC
HS-148723,SHP-059131,completed,,CREF-074147,,sea,lcl,EU Imp,FOB,,6.2296,,2026-05-13,,TRUE,2026-04-14 13:47:45.391000 UTC,2026-07-08 12:04:51.096000 UTC,2026-07-08 13:15:51.096000 UTC
HS-137352,SHP-063244,completed,BKG-021849,CREF-052420,carrierConfirmed,sea,fcl,EU Imp,FOB,,,2,2026-05-15,,TRUE,2026-04-14 08:07:51.027000 UTC,2026-07-27 16:34:53.579000 UTC,2026-07-27 17:15:53.579000 UTC
HS-038339,SHP-134293,completed,CBR-007438-0,CREF-154762,shipment,sea,fcl,EU Exp,DAP,,,2,2026-06-05,,TRUE,2026-04-01 14:05:03.765000 UTC,2026-07-30 09:39:43.027000 UTC,2026-07-30 10:04:43.027000 UTC
HS-125301,SHP-222693,completed,,CREF-021971,,sea,lcl,EU Imp,FOB,,0.5796,,2026-04-11,,TRUE,2026-04-01 13:53:22.586000 UTC,2026-06-30 10:21:16.047000 UTC,2026-06-30 10:28:16.047000 UTC
HS-069627,SHP-169324,canceled,,,,sea,fcl,EU Exp,CIF,,,2,2026-02-24,2026-02-12 12:12:31.117000 UTC,TRUE,2026-02-12 11:13:34.148000 UTC,2026-02-12 12:12:31.908000 UTC,2026-02-12 14:49:31.908000 UTC
HS-195664,SHP-155678,completed,,CREF-068971,,sea,lcl,EU Imp,FOB,,18.4406,,2026-02-09,,TRUE,2026-01-26 11:30:19.898000 UTC,2026-09-14 08:06:28.818000 UTC,2026-09-14 10:03:28.818000 UTC
HS-047291,SHP-164792,completed,BKG-004887,CREF-022292,carrierConfirmed,sea,fcl,EU Imp,FOB,,,1,2026-01-27,,TRUE,2026-01-13 10:39:25.667000 UTC,2026-05-05 14:48:47.298000 UTC,2026-05-05 15:26:47.298000 UTC
HS-155218,SHP-110033,active,CBR-030250-0,,shipment,sea,fcl,EU Imp,FOB,,,5,2026-11-12,,FALSE,2026-09-09 12:04:05.388000 UTC,2026-09-09 12:04:20.484000 UTC,2026-09-09 14:32:20.484000 UTC
HS-129213,SHP-126537,active,,,,sea,fcl,EU Imp,FOB,,,4,2026-09-20,,,2026-09-09 07:10:41.073000 UTC,2026-09-18 12:05:54.556000 UTC,2026-09-18 14:12:54.556000 UTC
HS-056059,SHP-124328,active,,,,sea,fcl,EU Imp,FOB,,,4,2026-09-28,,,2026-09-07 15:24:19.388000 UTC,2026-09-09 08:38:58.987000 UTC,2026-09-09 09:46:58.987000 UTC
HS-132784,SHP-220463,active,CBR-023160-0,CREF-107358,shipment,sea,fcl,EU Imp,CIF,,,2,2026-09-26,,TRUE,2026-09-07 14:47:06.166000 UTC,2026-09-17 18:29:08.518000 UTC,2026-09-17 22:18:08.518000 UTC
HS-108611,SHP-093338,active,,,,rail,fcl,EU Imp,CFR,,,2,2026-08-13,,TRUE,2026-09-02 12:32:39.286000 UTC,2026-09-16 14:28:39.766000 UTC,2026-09-16 16:13:39.766000 UTC
HS-060168,SHP-111237,active,,,,sea,fcl,EU Imp,FOB,,,2,2026-09-25,,,2026-08-18 06:19:29.115000 UTC,2026-09-14 08:49:47.306000 UTC,2026-09-14 12:39:47.306000 UTC
HS-093513,SHP-056802,canceled,CBR-028557-0,,renomination,sea,fcl,EU Imp,FOB,,,2,2026-08-28,2026-08-20 09:09:11.267000 UTC,FALSE,2026-08-13 07:53:02.795000 UTC,2026-08-20 09:09:15.226000 UTC,2026-08-20 12:20:15.226000 UTC
HS-080262,SHP-030982,active,,,,sea,fcl,EU Imp,FOB,,,2,2026-09-05,,,2026-08-13 07:24:54.437000 UTC,2026-09-18 14:00:12.552000 UTC,2026-09-18 17:50:12.552000 UTC
HS-024780,SHP-132551,completed,CBR-024446-0,CREF-029859,carrierContacted,sea,fcl,EU Exp,CFR,,,2,2026-08-25,,TRUE,2026-08-11 04:55:00.947000 UTC,2026-09-14 06:23:54.608000 UTC,2026-09-14 10:16:54.608000 UTC
HS-210493,SHP-192464,canceled,,CREF-086001,,rail,lcl,EU Imp,FOB,,12.86,,2026-08-29,2026-08-28 05:42:06.721000 UTC,TRUE,2026-08-07 13:30:12.317000 UTC,2026-08-28 05:42:07.043000 UTC,2026-08-28 09:19:07.043000 UTC
HS-060773,SHP-130710,canceled,,CREF-054787,,rail,lcl,EU Imp,FCA_T,,2.592,,2026-08-19,2026-08-20 13:08:50.973000 UTC,TRUE,2026-08-05 14:26:15.538000 UTC,2026-08-20 13:08:51.571000 UTC,2026-08-20 15:09:51.571000 UTC
HS-044178,SHP-145317,active,,,,sea,fcl,EU Exp,FOB,,,1,2026-08-21,,,2026-08-03 08:58:39.571000 UTC,2026-09-06 19:00:13.276000 UTC,2026-09-06 22:45:13.276000 UTC
HS-005010,SHP-189884,completed,,,,air,lcl,EU Imp,CPT,267,,,2026-08-01,,TRUE,2026-08-03 08:40:21.473000 UTC,2026-09-15 09:10:16.434000 UTC,2026-09-15 10:27:16.434000 UTC
HS-021053,SHP-150857,completed,CBR-018014-0,CREF-156770,shipment,sea,fcl,EU Imp,CIF,,,2,2026-07-19,,TRUE,2026-07-22 14:46:14.887000 UTC,2026-07-29 09:37:43.060000 UTC,2026-07-29 11:29:43.060000 UTC
HS-065432,SHP-142882,completed,,,,sea,fcl,EU Exp,FCA_LW,,,8,2026-08-29,,,2026-07-22 07:42:23.460000 UTC,2026-09-18 06:57:19.729000 UTC,2026-09-18 08:12:19.729000 UTC
HS-178794,SHP-108512,completed,,,,air,lcl,EU Imp,EXW,1370,,,2026-07-22,,TRUE,2026-07-14 07:30:51.029000 UTC,2026-08-04 08:31:58.918000 UTC,2026-08-04 10:08:58.918000 UTC
HS-213283,SHP-097243,active,,CREF-012124,,sea,lcl,EU Imp,FOB,,25.9185,,2026-08-07,,TRUE,2026-07-08 12:19:17.274000 UTC,2026-08-18 12:34:44.524000 UTC,2026-08-18 15:38:44.524000 UTC
HS-080532,SHP-071613,active,CBR-004207-0,CREF-119148,carrierConfirmed,sea,fcl,EU Exp,DAP,,,1,2026-07-20,,TRUE,2026-06-25 14:16:05.097000 UTC,2026-09-11 23:06:21.055000 UTC,2026-09-12 00:44:21.055000 UTC
HS-210194,SHP-031435,completed,CBR-005720-0,CREF-045256,carrierConfirmed,sea,fcl,EU Exp,CIF,,,2,2026-07-15,,TRUE,2026-06-19 12:33:38.767000 UTC,2026-08-18 13:42:00.108000 UTC,2026-08-18 13:53:00.108000 UTC
HS-146258,SHP-134482,completed,,,,air,lcl,EU Imp,EXW,860,,,2026-06-18,,TRUE,2026-06-11 10:36:59.149000 UTC,2026-08-05 12:17:39.053000 UTC,2026-08-05 15:36:39.053000 UTC
HS-080636,SHP-180142,completed,,CREF-015673,,sea,lcl,EU Imp,FOB,,6.6102,,2026-06-29,,TRUE,2026-06-08 12:40:38.173000 UTC,2026-09-17 09:34:36.023000 UTC,2026-09-17 11:28:36.023000 UTC
HS-147811,SHP-148430,completed,,,,air,lcl,EU Imp,EXW,1218.32,,,2026-06-09,,TRUE,2026-06-04 07:47:02.973000 UTC,2026-06-30 09:31:01.423000 UTC,2026-06-30 10:38:01.423000 UTC
HS-078196,SHP-078692,completed,,,,rail,fcl,EU Imp,CFR,,,2,2026-05-05,,TRUE,2026-05-20 15:10:55.227000 UTC,2026-07-03 12:23:57.228000 UTC,2026-07-03 14:43:57.228000 UTC
HS-057394,SHP-115202,completed,,CREF-126320,,sea,lcl,EU Imp,FOB,,5.9996,,2026-05-25,,TRUE,2026-05-15 08:37:29.627000 UTC,2026-08-05 12:03:29.852000 UTC,2026-08-05 14:18:29.852000 UTC
HS-155025,SHP-100115,completed,,CREF-137236,,sea,lcl,EU Imp,FOB,,11.4724,,2026-06-01,,TRUE,2026-05-13 12:43:06.205000 UTC,2026-08-07 16:01:46.222000 UTC,2026-08-07 16:13:46.222000 UTC
HS-053969,SHP-002962,canceled,,CREF-070922,,rail,lcl,EU Imp,EXW,,12.9999,,2026-06-20,2026-06-23 11:51:21.453000 UTC,TRUE,2026-05-08 12:27:20.285000 UTC,2026-06-23 11:51:22.233000 UTC,2026-06-23 12:42:22.233000 UTC
HS-113485,SHP-030109,completed,,,,sea,fcl,EU Exp,CPT,,,1,2026-06-07,,,2026-05-04 12:36:40.283000 UTC,2026-06-23 14:13:47.901000 UTC,2026-06-23 15:13:47.901000 UTC
HS-035708,SHP-163240,completed,,,,air,lcl,EU Imp,EXW,335,,,2026-05-12,,TRUE,2026-04-30 11:09:23.154000 UTC,2026-06-04 08:04:08.774000 UTC,2026-06-04 10:39:08.774000 UTC
HS-223828,SHP-173247,completed,,,,air,lcl,EU Imp,EXW,1120,,,2026-04-26,,TRUE,2026-04-22 10:56:07.415000 UTC,2026-06-02 09:52:29.026000 UTC,2026-06-02 13:35:29.026000 UTC
HS-150039,SHP-181932,completed,,,,air,lcl,EU Imp,FOB,364.8,,,2026-04-23,,TRUE,2026-04-20 08:18:41.977000 UTC,2026-04-30 10:50:23.938000 UTC,2026-04-30 13:02:23.938000 UTC
HS-078159,SHP-135340,completed,CBR-004558-0,CREF-037790,shipment,sea,fcl,EU Exp,CFR,,,56,2026-04-03,,TRUE,2026-03-02 14:04:35.150000 UTC,2026-05-20 08:52:14.970000 UTC,2026-05-20 11:29:14.970000 UTC
HS-142150,SHP-054985,completed,BKG-016676,CREF-090798,carrierConfirmed,sea,fcl,EU Imp,FOB,,,4,2026-03-09,,TRUE,2026-02-26 07:14:24.819000 UTC,2026-07-23 12:36:13.741000 UTC,2026-07-23 13:35:13.741000 UTC
HS-199066,SHP-038217,completed,,,,air,lcl,EU Exp,CPT,2046.2,,,2026-02-23,,TRUE,2026-02-13 10:56:26.709000 UTC,2026-03-06 15:01:37.222000 UTC,2026-03-06 16:27:37.222000 UTC
HS-074114,SHP-081803,completed,,,,rail,fcl,EU Imp,EXW,,,2,2026-02-24,,TRUE,2026-02-03 12:23:24.186000 UTC,2026-04-20 14:38:04.447000 UTC,2026-04-20 15:53:04.447000 UTC
HS-061151,SHP-021468,completed,BKG-010693,CREF-056747,carrierConfirmed,sea,fcl,EU Imp,FOB,,,12,2026-02-08,,TRUE,2026-01-22 07:30:30.065000 UTC,2026-05-07 08:07:01.816000 UTC,2026-05-07 11:32:01.816000 UTC
HS-133256,SHP-012139,completed,,CREF-128625,,sea,lcl,EU Imp,FOB,,4.131,,2026-02-23,,TRUE,2026-01-21 10:51:17.230000 UTC,2026-04-21 14:40:44.396000 UTC,2026-04-21 18:30:44.396000 UTC
HS-199995,SHP-110810,completed,,,,air,lcl,EU Imp,FOB,801.52,,,2026-01-30,,TRUE,2026-01-16 09:04:27.643000 UTC,2026-03-03 09:02:30.565000 UTC,2026-03-03 10:53:30.565000 UTC
HS-217036,SHP-184057,completed,,CREF-153228,,sea,fcl,EU Imp,CFR,,,16,2026-01-11,,TRUE,2026-01-15 13:33:20.709000 UTC,2026-02-19 05:52:19.330000 UTC,2026-02-19 08:02:19.330000 UTC
HS-175594,SHP-214477,completed,,,,air,lcl,EU Imp,FCA_T,611.82,,,2026-01-10,,TRUE,2026-01-05 11:33:05.995000 UTC,2026-03-03 13:28:54.469000 UTC,2026-03-03 14:39:54.469000 UTC
HS-015260,SHP-206385,canceled,,CREF-103104,,sea,fcl,EU Exp,CPT,,,2,2026-01-24,2026-01-14 07:40:02.051000 UTC,TRUE,2025-12-23 15:45:07.214000 UTC,2026-01-14 07:40:03.053000 UTC,2026-01-14 11:08:03.053000 UTC
HS-043549,SHP-042389,active,,,,sea,fcl,EU Exp,CFR,,,6,2026-09-24,,,2026-09-18 11:39:17.505000 UTC,2026-09-18 12:53:48.140000 UTC,2026-09-18 13:36:48.140000 UTC
HS-214255,SHP-033332,active,,,,sea,lcl,EU Imp,FOB,,5.4144,,2026-09-27,,TRUE,2026-09-15 18:25:01.474000 UTC,2026-09-16 06:18:43.460000 UTC,2026-09-16 07:33:43.460000 UTC
HS-195488,SHP-200217,active,,,,sea,fcl,EU Imp,FOB,,,2,2026-09-27,,,2026-09-04 08:59:16.695000 UTC,2026-09-17 19:03:12.910000 UTC,2026-09-17 21:35:12.910000 UTC
HS-164554,SHP-061953,active,,CREF-056606,,rail,lcl,EU Imp,FOB,,1.38,,2026-09-17,,TRUE,2026-08-27 06:02:55.474000 UTC,2026-09-17 09:31:08.167000 UTC,2026-09-17 13:15:08.167000 UTC
HS-205501,SHP-188089,active,,CREF-105954,,rail,lcl,EU Imp,EXW,,13.46,,2026-09-09,,TRUE,2026-08-26 14:26:57.031000 UTC,2026-09-10 13:28:13.910000 UTC,2026-09-10 16:48:13.910000 UTC
HS-104251,SHP-048431,active,,CREF-051918,,rail,lcl,EU Imp,FOB,,5.4648,,2026-09-04,,TRUE,2026-08-24 15:23:00.992000 UTC,2026-09-08 13:18:11.057000 UTC,2026-09-08 16:08:11.057000 UTC
HS-034309,SHP-166119,canceled,,,,sea,lcl,EU Imp,CFR,,2.25,,2026-08-17,2026-09-07 07:48:56.693000 UTC,TRUE,2026-08-21 09:20:34.362000 UTC,2026-09-07 07:48:57.162000 UTC,2026-09-07 09:22:57.162000 UTC
HS-067732,SHP-113726,active,,,,sea,fcl,EU Imp,FOB,,,2,2026-10-03,,,2026-08-21 07:50:55.757000 UTC,2026-09-07 08:33:11.590000 UTC,2026-09-07 10:29:11.590000 UTC
HS-169808,SHP-167376,active,,CREF-120915,,sea,lcl,EU Imp,FOB,,4.7003,,2026-09-06,,TRUE,2026-08-10 11:14:45.605000 UTC,2026-09-07 12:50:50.661000 UTC,2026-09-07 15:36:50.661000 UTC
HS-115949,SHP-171371,canceled,,,,sea,fcl,EU Exp,CPT,,,2,2026-08-28,2026-08-18 07:56:31.499000 UTC,,2026-08-04 08:34:22.688000 UTC,2026-08-18 08:03:50.083000 UTC,2026-08-18 09:50:50.083000 UTC
HS-192223,SHP-224210,active,,,,sea,fcl,EU Exp,CFR,,,6,2026-08-19,,,2026-07-24 09:34:29.135000 UTC,2026-09-18 07:57:14.840000 UTC,2026-09-18 11:07:14.840000 UTC
HS-221337,SHP-052544,completed,,,,sea,fcl,EU Exp,FCA_LW,,,4,2026-08-08,,,2026-07-22 07:12:04.184000 UTC,2026-08-28 07:28:58.209000 UTC,2026-08-28 11:24:58.209000 UTC
HS-045844,SHP-026098,active,,CREF-057322,,sea,lcl,EU Imp,FOB,,6.601,,2026-08-16,,TRUE,2026-07-16 11:18:53.814000 UTC,2026-09-14 17:37:58.450000 UTC,2026-09-14 19:43:58.450000 UTC
HS-034988,SHP-069705,active,,CREF-027613,,sea,lcl,EU Imp,FOB,,4.5803,,2026-08-25,,TRUE,2026-07-15 13:15:25.435000 UTC,2026-08-25 06:47:29.572000 UTC,2026-08-25 09:54:29.572000 UTC
HS-020809,SHP-081586,active,,,,sea,fcl,EU Imp,FOB,,,1,2026-08-16,,,2026-07-15 12:24:29.139000 UTC,2026-09-17 10:55:29.850000 UTC,2026-09-17 14:23:29.850000 UTC
HS-197268,SHP-143001,active,,CREF-112735,,sea,lcl,EU Imp,FOB,,9.5881,,2026-08-06,,TRUE,2026-07-15 09:29:47.336000 UTC,2026-09-16 00:19:09.064000 UTC,2026-09-16 03:04:09.064000 UTC
HS-190406,SHP-174426,active,,CREF-082699,,sea,lcl,EU Imp,FOB,,6.1366,,2026-09-03,,TRUE,2026-07-14 06:52:03.141000 UTC,2026-09-10 00:02:13.357000 UTC,2026-09-10 03:14:13.357000 UTC
HS-018012,SHP-200691,completed,CBR-019653-0,CREF-087877,carrierConfirmed,sea,fcl,EU Exp,EXW,,,1,2026-07-21,,TRUE,2026-07-10 08:51:13.716000 UTC,2026-09-07 10:29:54.074000 UTC,2026-09-07 11:03:54.074000 UTC
HS-221636,SHP-054530,completed,,CREF-000004,,rail,lcl,EU Imp,FOB,,13.5213,,2026-07-24,,TRUE,2026-06-30 13:22:19.888000 UTC,2026-08-21 06:32:04.740000 UTC,2026-08-21 08:18:04.740000 UTC
HS-043414,SHP-203574,active,BKG-020641,CREF-128944,carrierConfirmed,sea,fcl,EU Imp,FOB,,,2,2026-07-20,,TRUE,2026-06-15 10:52:16.259000 UTC,2026-09-15 12:50:09.969000 UTC,2026-09-15 13:46:09.969000 UTC
HS-032619,SHP-103774,completed,BKG-013134,CREF-137450,carrierConfirmed,sea,fcl,EU Imp,FOB,,,2,2026-06-25,,TRUE,2026-06-12 12:22:05.262000 UTC,2026-09-03 13:13:07.058000 UTC,2026-09-03 16:41:07.058000 UTC
HS-139150,SHP-132991,completed,,CREF-040523,,rail,lcl,EU Imp,FCA_T,,1.0003,,2026-06-10,,TRUE,2026-05-27 14:49:40.851000 UTC,2026-08-05 12:06:10.683000 UTC,2026-08-05 15:57:10.683000 UTC
HS-159978,SHP-182494,completed,,,,rail,fcl,EU Imp,CFR,,,2,2026-06-13,,TRUE,2026-05-22 05:32:12.498000 UTC,2026-07-20 18:14:38.186000 UTC,2026-07-20 21:48:38.186000 UTC
HS-118365,SHP-055269,completed,,,,sea,fcl,EU Imp,FOB,,,6,2026-06-27,,,2026-05-20 13:29:24.792000 UTC,2026-09-11 01:10:10.119000 UTC,2026-09-11 04:23:10.119000 UTC
HS-188098,SHP-101444,completed,,,,air,lcl,EU Imp,EXW,1479.28,,,2026-05-19,,TRUE,2026-05-15 09:19:56.188000 UTC,2026-06-01 11:32:16.641000 UTC,2026-06-01 14:33:16.641000 UTC
HS-105387,SHP-028694,completed,,,,sea,fcl,EU Exp,CIF,,,8,2026-05-31,,,2026-05-06 04:46:30.817000 UTC,2026-08-17 09:21:22.502000 UTC,2026-08-17 09:52:22.502000 UTC
HS-209362,SHP-193572,completed,,CREF-046998,,sea,lcl,EU Imp,FOB,,0.6336,,2026-05-07,,TRUE,2026-04-16 14:58:49.241000 UTC,2026-07-22 08:07:23.701000 UTC,2026-07-22 11:26:23.701000 UTC
HS-053436,SHP-162133,completed,,,,sea,fcl,EU Exp,CFR,,,30,2026-05-31,,,2026-04-16 14:24:32.151000 UTC,2026-07-01 15:09:35.374000 UTC,2026-07-01 18:11:35.374000 UTC
HS-120995,SHP-015853,completed,CBR-025318-0,CREF-084331,shipment,sea,fcl,EU Imp,CFR,,,2,2026-05-05,,TRUE,2026-04-14 13:21:32.171000 UTC,2026-06-01 15:05:28.708000 UTC,2026-06-01 16:07:28.708000 UTC
HS-167037,SHP-147457,completed,BKG-005256,CREF-051837,carrierConfirmed,sea,fcl,EU Imp,FOB,,,2,2026-05-16,,TRUE,2026-04-14 09:41:17.834000 UTC,2026-07-22 13:09:58.729000 UTC,2026-07-22 13:19:58.729000 UTC
HS-128030,SHP-098694,completed,,CREF-011302,,sea,lcl,EU Imp,FOB,,15.71,,2026-04-21,,TRUE,2026-04-07 11:34:47.588000 UTC,2026-07-14 08:48:14.185000 UTC,2026-07-14 09:56:14.185000 UTC
HS-194195,SHP-176979,completed,BKG-028340,CREF-099601,carrierConfirmed,sea,fcl,EU Imp,FOB,,,1,2026-04-14,,TRUE,2026-03-27 10:12:03.597000 UTC,2026-06-17 10:25:39.537000 UTC,2026-06-17 10:52:39.537000 UTC
HS-143284,SHP-127302,completed,,CREF-051293,,sea,lcl,EU Imp,EXW,,3.75,,2026-04-12,,TRUE,2026-03-27 07:07:06.591000 UTC,2026-06-25 09:29:53.412000 UTC,2026-06-25 09:51:53.412000 UTC
HS-015113,SHP-054899,completed,,CREF-154934,,sea,fcl,EU Exp,CFR,,,2,2026-04-26,,TRUE,2026-03-06 14:32:37.818000 UTC,2026-06-24 09:17:03.706000 UTC,2026-06-24 12:44:03.706000 UTC
HS-222805,SHP-165532,completed,,,,air,lcl,EU Imp,EXW,304,,,2026-02-10,,TRUE,2026-02-05 12:39:22.248000 UTC,2026-03-03 15:07:02.520000 UTC,2026-03-03 16:35:02.520000 UTC
HS-071583,SHP-098452,completed,CBR-029496-0,CREF-001454,shipment,sea,fcl,EU Exp,EXW,,,8,2026-04-29,,TRUE,2026-01-30 11:50:36.508000 UTC,2026-05-27 07:25:57.386000 UTC,2026-05-27 08:14:57.386000 UTC
HS-215704,SHP-152992,completed,BKG-029511,CREF-121417,carrierConfirmed,sea,fcl,EU Imp,FOB,,,12,2026-02-10,,TRUE,2026-01-22 07:32:11.582000 UTC,2026-05-07 07:53:53.791000 UTC,2026-05-07 10:25:53.791000 UTC
HS-065731,SHP-049521,completed,,CREF-001675,,sea,lcl,EU Imp,FOB,,9.7402,,2026-02-11,,TRUE,2026-01-19 16:33:34.095000 UTC,2026-04-22 21:25:06.858000 UTC,2026-04-22 21:30:06.858000 UTC
HS-133065,SHP-168392,completed,,CREF-095822,,sea,lcl,EU Imp,FOB,,20.2532,,2026-01-31,,TRUE,2026-01-19 09:15:18.143000 UTC,2026-05-06 11:49:59.324000 UTC,2026-05-06 14:55:59.324000 UTC
HS-112041,SHP-059805,completed,,,,air,lcl,EU Imp,FOB,344,,,2026-01-18,,TRUE,2026-01-13 11:29:58.052000 UTC,2026-02-04 10:07:45.873000 UTC,2026-02-04 13:39:45.873000 UTC
HS-111262,SHP-122811,completed,,CREF-082381,,sea,lcl,EU Imp,FOB,,0.6336,,2026-01-24,,TRUE,2026-01-08 14:05:51.784000 UTC,2026-03-17 08:47:25.091000 UTC,2026-03-17 08:56:25.091000 UTC
HS-195194,SHP-074055,completed,BKG-020019,CREF-055332,carrierConfirmed,sea,fcl,EU Imp,FOB,,,2,2026-01-09,,TRUE,2025-12-29 10:19:47.686000 UTC,2026-03-13 09:03:08.582000 UTC,2026-03-13 09:16:08.582000 UTC
HS-215476,SHP-077979,completed,,CREF-111035,,rail,lcl,EU Imp,FOB,,14.8489,,2026-01-17,,TRUE,2025-12-25 10:15:07.510000 UTC,2026-03-04 07:28:23.338000 UTC,2026-03-04 07:42:23.338000 UTC
HS-074856,SHP-045079,completed,,CREF-046540,,sea,fcl,EU Exp,CFR,,,16,2026-02-17,,TRUE,2025-12-22 14:00:07.464000 UTC,2026-03-31 07:38:49.286000 UTC,2026-03-31 11:26:49.286000 UTC
HS-044269,SHP-133042,completed,,CREF-125474,,sea,lcl,EU Imp,FOB,,1.2243,,2026-01-05,,TRUE,2025-12-18 08:46:28.790000 UTC,2026-03-16 10:50:05.860000 UTC,2026-03-16 13:49:05.860000 UTC
HS-204020,SHP-148027,canceled,,,,sea,lcl,EU Imp,FOB,,6.5615,,2026-01-01,2025-12-22 12:29:36.995000 UTC,TRUE,2025-12-04 13:41:08.018000 UTC,2025-12-22 12:29:37.730000 UTC,2025-12-22 14:48:37.730000 UTC
HS-052319,SHP-135339,active,,,,air,lcl,EU Imp,DAP,1816.27,,,2026-09-07,,TRUE,2026-09-07 11:11:56.626000 UTC,2026-09-16 09:07:49.524000 UTC,2026-09-16 10:16:49.524000 UTC
HS-126743,SHP-149862,active,,,,sea,fcl,EU Imp,CFR,,,10,2026-10-17,,,2026-09-03 08:16:29.324000 UTC,2026-09-18 06:00:07.167000 UTC,2026-09-18 09:17:07.167000 UTC
HS-004189,SHP-054307,active,,,,sea,fcl,EU Exp,EXW,,,2,2026-09-23,,,2026-08-27 11:28:18.173000 UTC,2026-09-14 12:58:28.194000 UTC,2026-09-14 15:02:28.194000 UTC
HS-224350,SHP-223370,active,,,,sea,fcl,EU Imp,FOB,,,2,2026-09-25,,,2026-08-24 08:59:08.524000 UTC,2026-09-18 10:47:57.156000 UTC,2026-09-18 11:58:57.156000 UTC
HS-001183,SHP-187035,active,,,,sea,fcl,EU Imp,FOB,,,2,2026-09-27,,,2026-08-19 05:43:04.553000 UTC,2026-09-08 02:33:49.987000 UTC,2026-09-08 05:04:49.987000 UTC
HS-113978,SHP-160285,active,,,,sea,fcl,EU Exp,EXW,,,2,2026-08-29,,,2026-08-12 14:29:13.465000 UTC,2026-09-15 12:00:12.903000 UTC,2026-09-15 15:59:12.903000 UTC
HS-101329,SHP-098856,active,BKG-012034,CREF-031892,carrierConfirmed,sea,fcl,EU Imp,FOB,,,1,2026-09-01,,TRUE,2026-08-12 13:16:22.989000 UTC,2026-09-17 15:35:46.094000 UTC,2026-09-17 19:22:46.094000 UTC
HS-042632,SHP-184494,active,,CREF-136339,,rail,lcl,EU Imp,DAP,,8.3182,,2026-08-26,,TRUE,2026-08-07 10:46:35.803000 UTC,2026-09-18 07:03:21.144000 UTC,2026-09-18 07:51:21.144000 UTC
HS-080372,SHP-144118,active,,,,sea,fcl,EU Imp,FOB,,,2,2026-09-30,,,2026-08-06 08:20:38.616000 UTC,2026-09-10 01:42:23.465000 UTC,2026-09-10 05:18:23.465000 UTC
HS-169046,SHP-194475,active,,CREF-042531,,sea,lcl,EU Imp,FOB,,2.35,,2026-08-31,,TRUE,2026-08-05 12:20:19.913000 UTC,2026-09-11 15:04:16.103000 UTC,2026-09-11 17:25:16.103000 UTC
HS-129752,SHP-218083,active,,,,sea,fcl,EU Imp,EXW,,,2,2026-09-01,,,2026-07-28 14:10:34.188000 UTC,2026-09-11 22:00:20.813000 UTC,2026-09-11 23:03:20.813000 UTC
HS-171785,SHP-145096,active,,,,sea,fcl,EU Imp,FOB,,,4,2026-08-23,,,2026-07-14 15:30:46.357000 UTC,2026-09-04 07:55:28.390000 UTC,2026-09-04 09:08:28.390000 UTC
HS-052245,SHP-034366,completed,,,,air,lcl,EU Imp,EXW,1347.18,,,2026-07-14,,TRUE,2026-07-09 10:11:12.998000 UTC,2026-08-04 08:31:49.400000 UTC,2026-08-04 08:45:49.400000 UTC
HS-069092,SHP-073915,completed,BKG-025730,CREF-047752,,sea,fcl,EU Imp,FOB,,,4,2026-07-23,,TRUE,2026-06-24 15:50:37.410000 UTC,2026-09-16 08:48:32.850000 UTC,2026-09-16 12:18:32.850000 UTC
HS-149419,SHP-091020,active,,,,sea,fcl,EU Imp,FOB,,,10,2026-09-21,,,2026-06-21 10:25:36.009000 UTC,2026-09-14 17:51:31.624000 UTC,2026-09-14 21:20:31.624000 UTC
HS-222104,SHP-213364,completed,CBR-014484-0,CREF-157157,shipment,sea,fcl,EU Imp,CIF,,,2,2026-06-15,,TRUE,2026-06-18 13:23:00.827000 UTC,2026-07-27 07:07:20.211000 UTC,2026-07-27 09:20:20.211000 UTC
HS-052453,SHP-190511,completed,,,,air,lcl,EU Imp,EXW,958.17,,,2026-06-10,,TRUE,2026-06-03 09:44:26.835000 UTC,2026-06-30 09:25:50.611000 UTC,2026-06-30 09:42:50.611000 UTC
HS-127920,SHP-001243,completed,,,,sea,fcl,EU Exp,CFR,,,2,2026-07-03,,,2026-05-28 10:45:48.490000 UTC,2026-09-14 05:53:22.829000 UTC,2026-09-14 08:40:22.829000 UTC
HS-054346,SHP-176426,completed,,,,sea,fcl,EU Exp,CPT,,,2,2026-06-14,,,2026-05-27 10:03:07.007000 UTC,2026-08-05 09:21:34.530000 UTC,2026-08-05 09:55:34.530000 UTC
HS-122462,SHP-099847,completed,BKG-008537,CREF-114455,carrierConfirmed,sea,fcl,EU Imp,FOB,,,2,2026-06-18,,TRUE,2026-05-20 09:22:18.750000 UTC,2026-08-26 14:29:12.122000 UTC,2026-08-26 17:11:12.122000 UTC
HS-126805,SHP-215134,completed,BKG-021205,CREF-007807,carrierConfirmed,sea,fcl,EU Imp,FOB,,,2,2026-06-11,,TRUE,2026-05-18 09:59:32.008000 UTC,2026-09-11 01:15:34.639000 UTC,2026-09-11 04:18:34.639000 UTC
HS-161269,SHP-076606,completed,,CREF-123667,,sea,lcl,EU Imp,FOB,,5.876,,2026-06-04,,TRUE,2026-05-13 13:40:02.454000 UTC,2026-08-31 12:28:49.442000 UTC,2026-08-31 12:42:49.442000 UTC
HS-054981,SHP-208005,completed,,,,air,lcl,EU Imp,EXW,75.71,,,2026-05-17,,TRUE,2026-05-08 08:16:10.700000 UTC,2026-06-10 11:55:43.556000 UTC,2026-06-10 15:32:43.556000 UTC
HS-161050,SHP-097345,completed,CBR-016114-0,CREF-132905,carrierConfirmed,sea,fcl,EU Exp,CFR,,,2,2026-06-14,,TRUE,2026-05-05 13:51:52.869000 UTC,2026-07-31 10:14:16.080000 UTC,2026-07-31 10:50:16.080000 UTC
HS-015546,SHP-026606,completed,BKG-030292,CREF-080285,carrierConfirmed,sea,fcl,EU Imp,FCA_T,,,2,2026-05-24,,TRUE,2026-05-04 09:55:32.589000 UTC,2026-08-01 11:35:02.615000 UTC,2026-08-01 14:50:02.615000 UTC
HS-065742,SHP-151187,completed,,CREF-040536,,rail,lcl,EU Imp,FOB,,2.4,,2026-05-15,,TRUE,2026-04-28 05:42:36.199000 UTC,2026-07-03 12:59:33.107000 UTC,2026-07-03 13:28:33.107000 UTC
HS-180767,SHP-009713,completed,,CREF-135774,,sea,lcl,CrossT,FOB,,3.2198,,2026-05-05,,TRUE,2026-04-15 07:15:16.145000 UTC,2026-07-08 13:00:53.277000 UTC,2026-07-08 15:24:53.277000 UTC
HS-041575,SHP-042751,completed,,,,air,lcl,EU Exp,DAP,175,,,2026-04-29,,TRUE,2026-04-15 07:05:08.603000 UTC,2026-05-18 14:33:20.358000 UTC,2026-05-18 15:35:20.358000 UTC
HS-067848,SHP-076681,completed,,CREF-164202,,sea,lcl,CrossT,FOB,,16.5152,,2026-05-03,,TRUE,2026-04-01 13:10:12.494000 UTC,2026-07-07 09:08:14.746000 UTC,2026-07-07 11:19:14.746000 UTC
HS-220719,SHP-077506,completed,,,,air,lcl,EU Exp,FCA_LW,181,,,2026-04-03,,TRUE,2026-03-30 07:48:56.408000 UTC,2026-05-15 08:53:00.049000 UTC,2026-05-15 10:39:00.049000 UTC
HS-070296,SHP-053529,completed,,CREF-082764,,sea,lcl,EU Imp,FOB,,1,,2026-04-13,,TRUE,2026-03-11 14:35:00.221000 UTC,2026-06-16 12:55:06.681000 UTC,2026-06-16 16:12:06.681000 UTC
HS-046645,SHP-221260,completed,,,,air,lcl,EU Imp,EXW,421.48,,,2026-03-19,,TRUE,2026-03-10 11:44:55.777000 UTC,2026-04-21 14:19:58.242000 UTC,2026-04-21 16:25:58.242000 UTC
HS-186331,SHP-090204,completed,,CREF-050897,,sea,lcl,EU Imp,EXW,,16.599,,2026-03-07,,TRUE,2026-02-10 14:11:11.440000 UTC,2026-05-08 06:10:06.475000 UTC,2026-05-08 06:40:06.475000 UTC
HS-192302,SHP-015114,completed,,CREF-129054,,sea,lcl,EU Imp,FOB,,0.55,,2026-01-27,,TRUE,2026-01-13 09:22:35.781000 UTC,2026-03-26 12:06:26.590000 UTC,2026-03-26 14:32:26.590000 UTC
HS-004584,SHP-102172,completed,,CREF-070149,,sea,fcl,EU Imp,CIF,,,2,2026-01-29,,TRUE,2026-01-06 08:05:08.010000 UTC,2026-03-18 14:14:35.154000 UTC,2026-03-18 16:49:35.154000 UTC
HS-109036,SHP-028943,completed,,,,air,lcl,EU Imp,EXW,226.38,,,2026-01-03,,TRUE,2025-12-30 09:25:21.878000 UTC,2026-01-23 11:19:16.936000 UTC,2026-01-23 15:14:16.936000 UTC
HS-215029,SHP-073309,active,,,,sea,fcl,EU Exp,CFR,,,2,2026-09-29,,,2026-09-06 13:07:06.317000 UTC,2026-09-11 08:48:32.841000 UTC,2026-09-11 09:30:32.841000 UTC
HS-001215,SHP-167105,active,,CREF-093353,,sea,lcl,EU Imp,EXW,,0.96,,2026-09-08,,TRUE,2026-08-25 07:22:02.261000 UTC,2026-09-17 11:45:08.032000 UTC,2026-09-17 12:29:08.032000 UTC
HS-094363,SHP-206688,active,,,,sea,fcl,EU Imp,FOB,,,1,2026-09-14,,,2026-08-24 04:35:16.899000 UTC,2026-09-18 10:00:07.630000 UTC,2026-09-18 12:08:07.630000 UTC
HS-181416,SHP-197941,active,,,,sea,fcl,EU Imp,FOB,,,2,2026-09-22,,,2026-08-05 10:03:24.885000 UTC,2026-09-18 12:07:05.362000 UTC,2026-09-18 12:16:05.362000 UTC
HS-125008,SHP-172455,active,,,,sea,fcl,EU Exp,CFR,,,6,2026-08-16,,,2026-07-31 07:07:00.692000 UTC,2026-09-18 14:07:20.545000 UTC,2026-09-18 18:00:20.545000 UTC
HS-079838,SHP-087173,canceled,,CREF-042822,,rail,lcl,EU Imp,FOB,,13.9392,,2026-08-12,2026-08-07 06:08:09.042000 UTC,TRUE,2026-07-29 08:51:35.059000 UTC,2026-08-07 06:08:09.545000 UTC,2026-08-07 09:22:09.545000 UTC
HS-079601,SHP-164632,completed,,,,air,lcl,EU Exp,CPT,153.6,,,2026-07-25,,TRUE,2026-07-23 08:29:48.567000 UTC,2026-08-14 11:51:37.943000 UTC,2026-08-14 13:24:37.943000 UTC
HS-031967,SHP-150612,completed,,,,sea,fcl,EU Exp,CPT,,,2,2026-08-14,,,2026-07-20 09:31:53.996000 UTC,2026-09-07 06:22:04.569000 UTC,2026-09-07 09:04:04.569000 UTC
HS-134300,SHP-018670,active,BKG-002868,CREF-007247,carrierConfirmed,sea,fcl,EU Imp,FOB,,,2,2026-07-31,,TRUE,2026-07-14 09:07:47.004000 UTC,2026-09-17 23:15:00.660000 UTC,2026-09-18 00:03:00.660000 UTC
HS-195805,SHP-055155,completed,,,,air,lcl,EU Exp,CPT,1054,,,2026-07-12,,TRUE,2026-07-08 06:47:20.743000 UTC,2026-08-14 11:44:20.392000 UTC,2026-08-14 14:08:20.392000 UTC
HS-118138,SHP-032912,completed,CBR-023856-0,CREF-165239,carrierConfirmed,sea,fcl,EU Exp,EXW,,,1,2026-07-18,,TRUE,2026-06-26 09:33:04.479000 UTC,2026-08-31 09:18:01.671000 UTC,2026-08-31 12:32:01.671000 UTC
HS-093826,SHP-167661,completed,,,,sea,fcl,EU Exp,CIF,,,1,2026-07-12,,,2026-06-15 12:55:32.724000 UTC,2026-07-25 15:37:53.713000 UTC,2026-07-25 18:48:53.713000 UTC
HS-010998,SHP-118896,active,BKG-021129,CREF-001581,carrierConfirmed,sea,fcl,EU Imp,FOB,,,1,2026-07-24,,TRUE,2026-06-10 17:14:42.948000 UTC,2026-09-17 08:28:49.808000 UTC,2026-09-17 10:04:49.808000 UTC
HS-052934,SHP-096990,completed,,,,sea,fcl,EU Exp,CFR,,,1,2026-06-24,,,2026-06-03 12:57:53.562000 UTC,2026-08-10 11:42:34.879000 UTC,2026-08-10 14:13:34.879000 UTC
HS-223910,SHP-186886,completed,,CREF-150887,,sea,lcl,EU Imp,FOB,,17.6632,,2026-06-17,,TRUE,2026-06-02 10:43:40.183000 UTC,2026-09-02 10:57:59.700000 UTC,2026-09-02 14:50:59.700000 UTC
HS-198486,SHP-049762,completed,,,,air,lcl,EU Imp,EXW,379.61,,,2026-06-05,,TRUE,2026-05-29 10:24:49.107000 UTC,2026-07-13 07:53:14.846000 UTC,2026-07-13 08:50:14.846000 UTC
HS-151839,SHP-138242,completed,,,,sea,fcl,EU Exp,CFR,,,2,2026-06-24,,,2026-05-29 09:21:00.704000 UTC,2026-07-20 06:42:00.076000 UTC,2026-07-20 09:46:00.076000 UTC
HS-060652,SHP-113580,completed,,,,air,lcl,EU Imp,FOB,149.5,,,2026-06-01,,TRUE,2026-05-28 09:05:22.844000 UTC,2026-07-30 07:33:23.516000 UTC,2026-07-30 11:01:23.516000 UTC
HS-019339,SHP-216962,completed,,,,air,lcl,EU Imp,FOB,228.29,,,2026-05-31,,TRUE,2026-05-27 07:38:05.039000 UTC,2026-07-30 07:39:08.310000 UTC,2026-07-30 10:55:08.310000 UTC
HS-122934,SHP-171800,completed,BKG-007258,CREF-041677,carrierConfirmed,sea,fcl,EU Imp,FOB,,,2,2026-06-06,,TRUE,2026-05-06 12:34:16.907000 UTC,2026-08-18 08:48:42.540000 UTC,2026-08-18 08:57:42.540000 UTC
HS-036173,SHP-064255,canceled,,CREF-089387,,sea,fcl,EU Exp,FCA_LW,,,20,2026-05-23,2026-05-11 12:17:29.359000 UTC,TRUE,2026-04-29 10:19:12.189000 UTC,2026-05-11 12:17:33.114000 UTC,2026-05-11 12:27:33.114000 UTC
HS-174550,SHP-218061,completed,CBR-034133-0,CREF-073527,carrierConfirmed,sea,fcl,EU Exp,CFR,,,2,2026-05-03,,TRUE,2026-03-23 09:23:16.584000 UTC,2026-06-29 06:32:26.789000 UTC,2026-06-29 09:20:26.789000 UTC
HS-212883,SHP-220842,completed,,,,sea,fcl,EU Exp,CFR,,,14,2026-04-12,,,2026-03-17 13:56:45.738000 UTC,2026-05-27 06:50:38.193000 UTC,2026-05-27 09:41:38.193000 UTC
HS-044900,SHP-109062,canceled,CBR-031658-0,CREF-042196,shipment,sea,fcl,EU Exp,CFR,,,20,2026-04-04,2026-03-20 11:27:45.222000 UTC,TRUE,2026-03-17 13:27:22.149000 UTC,2026-03-20 11:27:48.225000 UTC,2026-03-20 14:52:48.225000 UTC
HS-152075,SHP-185309,completed,,CREF-144042,,sea,lcl,EU Imp,FOB,,2.35,,2026-03-22,,TRUE,2026-03-12 07:34:08.738000 UTC,2026-06-01 11:39:20.170000 UTC,2026-06-01 13:56:20.170000 UTC
HS-012536,SHP-126423,completed,,CREF-033787,,sea,fcl,EU Imp,CFR,,,8,2026-05-08,,TRUE,2026-03-11 12:12:50.869000 UTC,2026-06-08 11:59:50.927000 UTC,2026-06-08 14:41:50.927000 UTC
HS-103160,SHP-024575,completed,CBR-002656-0,CREF-003268,shipment,sea,fcl,EU Exp,FCA_LW,,,2,2026-03-17,,TRUE,2026-02-25 14:43:34.304000 UTC,2026-04-12 10:16:12.670000 UTC,2026-04-12 11:38:12.670000 UTC
HS-195551,SHP-047334,completed,,,,air,lcl,EU Imp,FOB,609.91,,,2026-02-21,,TRUE,2026-02-05 17:16:42.370000 UTC,2026-03-03 09:33:47.055000 UTC,2026-03-03 12:11:47.055000 UTC
HS-126891,SHP-011487,completed,,,,air,lcl,EU Imp,EXW,33,,,2026-02-13,,TRUE,2026-02-04 08:18:17.932000 UTC,2026-03-03 09:32:43.364000 UTC,2026-03-03 10:49:43.364000 UTC
HS-221990,SHP-212143,completed,,CREF-069628,,rail,lcl,EU Imp,EXW,,5.2002,,2026-02-07,,TRUE,2026-01-13 12:49:56.506000 UTC,2026-03-17 16:24:36.038000 UTC,2026-03-17 20:13:36.038000 UTC
HS-003991,SHP-048480,active,,,,rail,fcl,EU Imp,CFR,,,2,2026-09-01,,TRUE,2026-09-10 09:04:42.694000 UTC,2026-09-17 10:23:14.251000 UTC,2026-09-17 11:29:14.251000 UTC
HS-126088,SHP-067142,active,,,,sea,fcl,EU Imp,FOB,,,2,2026-10-02,,,2026-09-04 08:44:36.136000 UTC,2026-09-17 06:09:54.578000 UTC,2026-09-17 10:05:54.578000 UTC
HS-033873,SHP-202980,active,,,,sea,fcl,EU Exp,CPT,,,2,2026-09-24,,,2026-09-02 09:12:21.665000 UTC,2026-09-16 09:47:09.295000 UTC,2026-09-16 13:11:09.295000 UTC
HS-122024,SHP-141762,active,CBR-025139-0,CREF-139060,carrierConfirmed,sea,fcl,EU Imp,FOB,,,6,2026-09-08,,TRUE,2026-08-17 06:31:29.784000 UTC,2026-09-10 14:21:40.648000 UTC,2026-09-10 14:42:40.648000 UTC
HS-199567,SHP-212757,active,,,,sea,fcl,EU Imp,FOB,,,2,2026-09-20,,,2026-08-11 12:26:36.124000 UTC,2026-09-16 12:27:11.350000 UTC,2026-09-16 14:14:11.350000 UTC
HS-188112,SHP-175763,active,,CREF-106573,,rail,lcl,EU Imp,FOB,,17.343,,2026-08-12,,TRUE,2026-08-07 06:06:13.733000 UTC,2026-09-17 08:39:28.542000 UTC,2026-09-17 12:24:28.542000 UTC
HS-179105,SHP-152610,completed,,,,air,lcl,EU Imp,EXW,260.15,,,2026-08-11,,TRUE,2026-08-07 01:17:07.280000 UTC,2026-09-14 10:26:11.135000 UTC,2026-09-14 10:48:11.135000 UTC
HS-190122,SHP-198182,completed,CBR-024491-0,CREF-046623,shipment,sea,fcl,EU Imp,CIF,,,2,2026-08-01,,TRUE,2026-08-06 09:37:20.282000 UTC,2026-09-01 11:56:57.120000 UTC,2026-09-01 13:33:57.120000 UTC
HS-201343,SHP-187734,active,,,,sea,fcl,EU Imp,FOB,,,2,2026-09-13,,,2026-08-05 15:12:40.591000 UTC,2026-09-17 20:00:15.825000 UTC,2026-09-17 21:22:15.825000 UTC
HS-032259,SHP-217752,active,,,,sea,fcl,EU Imp,FOB,,,10,2026-09-15,,,2026-07-31 04:30:34.510000 UTC,2026-09-18 13:22:39.089000 UTC,2026-09-18 13:29:39.089000 UTC
HS-134612,SHP-017905,active,,CREF-055716,,sea,fcl,EU Imp,FOB,,,1,2026-08-15,,TRUE,2026-07-30 07:55:31.847000 UTC,2026-09-18 07:16:38.754000 UTC,2026-09-18 07:41:38.754000 UTC
HS-148011,SHP-116809,active,,,,sea,fcl,EU Imp,DAP,,,2,2026-10-19,,,2026-07-30 05:19:52.565000 UTC,2026-09-14 10:00:15.508000 UTC,2026-09-14 13:26:15.508000 UTC
HS-065109,SHP-158958,canceled,BKG-013897,,authorized,sea,fcl,EU Exp,CPT,,,1,2026-08-14,2026-07-30 05:58:32.550000 UTC,FALSE,2026-07-29 12:14:17.006000 UTC,2026-07-30 05:58:37.577000 UTC,2026-07-30 06:55:37.577000 UTC
HS-198132,SHP-119675,completed,,,,air,lcl,CrossT,CIF,297,,,2026-07-28,,TRUE,2026-07-28 06:45:41.624000 UTC,2026-08-04 08:31:39.566000 UTC,2026-08-04 10:52:39.566000 UTC
HS-070879,SHP-096932,active,,,,sea,fcl,EU Exp,FCA_LW,,,1,2026-08-08,,,2026-07-20 12:24:16.936000 UTC,2026-09-17 14:18:36.442000 UTC,2026-09-17 15:02:36.442000 UTC
HS-036301,SHP-072032,active,,,,sea,fcl,EU Imp,FOB,,,4,2026-08-16,,,2026-07-14 15:29:49.051000 UTC,2026-09-18 07:17:21.480000 UTC,2026-09-18 10:36:21.480000 UTC
HS-203402,SHP-093764,active,,CREF-144325,,sea,lcl,EU Imp,FOB,,3.4707,,2026-08-03,,TRUE,2026-07-13 08:28:28.032000 UTC,2026-09-18 11:46:22.356000 UTC,2026-09-18 13:00:22.356000 UTC
HS-079348,SHP-036740,active,CBR-026612-0,CREF-114919,carrierConfirmed,sea,fcl,EU Exp,CFR,,,4,2026-09-01,,TRUE,2026-06-30 14:44:38.338000 UTC,2026-09-08 12:27:15.117000 UTC,2026-09-08 14:44:15.117000 UTC
HS-083296,SHP-075873,completed,,,,air,lcl,EU Imp,FOB,700,,,2026-06-27,,TRUE,2026-06-23 12:43:31.255000 UTC,2026-08-04 07:24:54.776000 UTC,2026-08-04 09:53:54.776000 UTC
HS-017123,SHP-167989,completed,,,,air,lcl,EU Imp,FOB,162,,,2026-05-31,,TRUE,2026-05-28 11:25:28.931000 UTC,2026-06-29 14:51:48.421000 UTC,2026-06-29 16:55:48.421000 UTC
HS-126240,SHP-029173,completed,,,,air,lcl,EU Imp,FOB,1301,,,2026-05-30,,TRUE,2026-05-22 07:21:03.217000 UTC,2026-06-03 08:58:02.647000 UTC,2026-06-03 09:52:02.647000 UTC
HS-087957,SHP-113200,completed,,,,air,lcl,EU Imp,EXW,200,,,2026-05-19,,TRUE,2026-05-12 08:16:13.319000 UTC,2026-06-22 10:43:26.381000 UTC,2026-06-22 12:42:26.381000 UTC
HS-201897,SHP-072913,completed,,CREF-115747,,sea,lcl,EU Imp,FOB,,20.2173,,2026-05-03,,TRUE,2026-04-22 14:33:01.476000 UTC,2026-07-01 14:36:11.823000 UTC,2026-07-01 16:43:11.823000 UTC
HS-005821,SHP-086472,completed,,CREF-030949,,sea,lcl,EU Imp,FOB,,5.7427,,2026-05-03,,TRUE,2026-04-16 15:10:29.050000 UTC,2026-07-28 19:35:06.772000 UTC,2026-07-28 20:21:06.772000 UTC
HS-222754,SHP-050691,completed,,CREF-118458,,rail,fcl,EU Imp,EXW,,,4,2026-03-25,,TRUE,2026-04-14 06:32:18.515000 UTC,2026-05-07 07:01:13.967000 UTC,2026-05-07 08:35:13.967000 UTC
HS-124573,SHP-078540,canceled,,,,sea,lcl,EU Imp,FOB,,0.28,,2026-05-19,2026-04-24 13:30:17.712000 UTC,TRUE,2026-04-09 11:37:24.465000 UTC,2026-04-24 13:30:18.577000 UTC,2026-04-24 16:58:18.577000 UTC
HS-149011,SHP-110136,completed,,CREF-039163,,sea,lcl,EU Imp,FOB,,1.6003,,2026-05-07,,TRUE,2026-04-08 08:51:51.565000 UTC,2026-07-17 09:45:17.950000 UTC,2026-07-17 10:56:17.950000 UTC
HS-222334,SHP-156300,completed,,CREF-111519,,sea,lcl,EU Imp,FOB,,20.8,,2026-04-08,,TRUE,2026-03-26 09:01:36.868000 UTC,2026-06-30 10:03:35.750000 UTC,2026-06-30 12:37:35.750000 UTC
HS-043960,SHP-205464,completed,BKG-008083,CREF-067168,authorized,sea,fcl,EU Imp,CFR,,,2,2026-04-12,,TRUE,2026-03-24 10:17:10.949000 UTC,2026-06-12 14:01:41.116000 UTC,2026-06-12 16:44:41.116000 UTC
HS-154069,SHP-152487,completed,,CREF-075228,,sea,lcl,EU Imp,FOB,,1.3125,,2026-06-11,,TRUE,2026-03-16 09:47:54.838000 UTC,2026-08-19 10:22:48.668000 UTC,2026-08-19 12:02:48.668000 UTC
HS-066386,SHP-157793,completed,,CREF-061214,,rail,fcl,EU Imp,FOB,,,2,2026-03-10,,TRUE,2026-02-25 12:51:35.949000 UTC,2026-04-20 06:15:37.850000 UTC,2026-04-20 09:46:37.850000 UTC
HS-121184,SHP-142620,completed,,CREF-042684,,sea,lcl,EU Imp,FOB,,13.2317,,2026-01-04,,TRUE,2025-12-16 14:49:54.643000 UTC,2026-03-05 09:15:07.688000 UTC,2026-03-05 12:45:07.688000 UTC
HS-140374,SHP-002262,active,,,,sea,lcl,EU Imp,FOB,,8.9784,,2026-09-28,,TRUE,2026-09-16 09:23:47.361000 UTC,2026-09-17 10:51:14.635000 UTC,2026-09-17 12:26:14.635000 UTC
HS-203992,SHP-195827,active,,,,air,lcl,EU Imp,FOB,769.5,,,2026-09-23,,TRUE,2026-09-11 09:12:14.988000 UTC,2026-09-16 08:22:32.208000 UTC,2026-09-16 10:12:32.208000 UTC
HS-117899,SHP-083807,active,,,,air,lcl,EU Exp,CPT,483,,,2026-09-13,,TRUE,2026-09-09 09:45:48.206000 UTC,2026-09-17 14:02:10.728000 UTC,2026-09-17 15:00:10.728000 UTC
HS-004629,SHP-158797,active,,CREF-165554,,rail,lcl,EU Imp,DAP,,5.491,,2026-09-26,,TRUE,2026-09-09 06:07:00.235000 UTC,2026-09-16 07:01:15.753000 UTC,2026-09-16 07:24:15.753000 UTC
HS-016977,SHP-136038,active,,CREF-027613,,sea,lcl,EU Imp,FOB,,4.5504,,2026-09-20,,TRUE,2026-09-01 14:54:01.832000 UTC,2026-09-11 11:17:47.346000 UTC,2026-09-11 15:09:47.346000 UTC
HS-151255,SHP-098218,active,,CREF-154495,,rail,lcl,EU Imp,EXW,,4.3598,,2026-09-05,,TRUE,2026-08-26 07:40:52.260000 UTC,2026-09-17 10:01:44.355000 UTC,2026-09-17 12:44:44.355000 UTC
HS-187672,SHP-044332,completed,CBR-004469-0,CREF-045090,shipment,sea,fcl,EU Imp,CFR,,,2,2026-09-10,,TRUE,2026-08-16 10:14:20.490000 UTC,2026-09-18 07:59:40.102000 UTC,2026-09-18 10:46:40.102000 UTC
HS-196204,SHP-106753,completed,,CREF-015459,,rail,lcl,EU Imp,FOB,,4.3959,,2026-08-15,,TRUE,2026-08-14 14:01:41.314000 UTC,2026-09-15 10:24:19.154000 UTC,2026-09-15 11:56:19.154000 UTC
HS-163804,SHP-219090,active,,,,sea,fcl,EU Imp,FOB,,,3,2026-08-22,,,2026-08-03 12:52:20.967000 UTC,2026-09-18 05:00:17.319000 UTC,2026-09-18 06:21:17.319000 UTC
HS-079548,SHP-012403,active,,CREF-142228,,sea,lcl,EU Imp,FOB,,5.5501,,2026-08-17,,TRUE,2026-07-16 11:27:18.239000 UTC,2026-09-09 09:16:34.198000 UTC,2026-09-09 09:26:34.198000 UTC
HS-131585,SHP-088923,completed,,,,sea,fcl,EU Imp,CFR,,,2,2026-07-31,,,2026-07-16 08:34:33.296000 UTC,2026-08-10 09:07:09.164000 UTC,2026-08-10 10:04:09.164000 UTC
HS-064199,SHP-080844,active,,CREF-098598,,sea,lcl,EU Imp,FOB,,22.9404,,2026-07-28,,TRUE,2026-07-06 07:35:03.779000 UTC,2026-09-12 21:31:20.789000 UTC,2026-09-13 00:30:20.789000 UTC
HS-006800,SHP-058106,active,,CREF-033850,,sea,lcl,EU Imp,FOB,,0.6101,,2026-07-18,,TRUE,2026-06-26 08:00:30.017000 UTC,2026-09-16 09:27:41.499000 UTC,2026-09-16 09:51:41.499000 UTC
HS-004505,SHP-098889,completed,,CREF-164323,,rail,lcl,EU Imp,FCA_T,,1.7146,,2026-06-24,,TRUE,2026-06-12 10:58:59.377000 UTC,2026-08-10 14:48:20.943000 UTC,2026-08-10 16:58:20.943000 UTC
HS-207123,SHP-147948,completed,,CREF-029552,,sea,lcl,EU Imp,EXW,,4.9498,,2026-07-03,,TRUE,2026-06-12 08:15:07.358000 UTC,2026-09-10 11:09:20.127000 UTC,2026-09-10 15:00:20.127000 UTC
HS-223344,SHP-201948,active,,CREF-132265,,rail,lcl,EU Imp,FOB,,0.2196,,2026-06-24,,TRUE,2026-06-11 12:13:32.781000 UTC,2026-08-05 07:29:06.776000 UTC,2026-08-05 07:49:06.776000 UTC
HS-157280,SHP-216917,completed,,CREF-100448,,sea,lcl,EU Imp,FOB,,5.7122,,2026-06-23,,TRUE,2026-06-09 06:25:33.926000 UTC,2026-09-02 10:11:38.229000 UTC,2026-09-02 13:00:38.229000 UTC
HS-018737,SHP-061828,active,CBR-021621-0,CREF-108125,carrierConfirmed,sea,fcl,EU Exp,CFR,,,2,2026-07-27,,TRUE,2026-05-29 05:48:15.131000 UTC,2026-09-18 08:04:51.937000 UTC,2026-09-18 09:19:51.937000 UTC
HS-013256,SHP-223388,completed,,,,sea,fcl,EU Exp,CFR,,,6,2026-07-04,,,2026-05-28 11:59:04.436000 UTC,2026-09-15 12:31:03.630000 UTC,2026-09-15 16:25:03.630000 UTC
HS-151409,SHP-093312,active,,,,sea,fcl,EU Imp,FOB,,,10,2026-09-21,,,2026-05-26 12:56:17.086000 UTC,2026-09-15 23:20:13.886000 UTC,2026-09-16 03:08:13.886000 UTC
HS-054242,SHP-049862,completed,CBR-002657-0,CREF-066604,carrierConfirmed,sea,fcl,EU Exp,CFR,,,30,2026-05-22,,TRUE,2026-04-24 09:24:52.191000 UTC,2026-07-06 05:37:25.159000 UTC,2026-07-06 08:07:25.159000 UTC
HS-222304,SHP-161200,completed,BKG-023437,CREF-161097,carrierConfirmed,sea,fcl,EU Exp,FOB,,,2,2026-04-28,,TRUE,2026-04-21 08:46:39.731000 UTC,2026-09-03 08:17:30.198000 UTC,2026-09-03 09:35:30.198000 UTC
HS-004895,SHP-210582,completed,,,,rail,fcl,EU Imp,CFR,,,2,2026-03-16,,TRUE,2026-04-02 14:47:31.657000 UTC,2026-07-23 11:13:38.422000 UTC,2026-07-23 11:45:38.422000 UTC
HS-087103,SHP-149911,completed,,,,rail,fcl,EU Imp,FCA_LW,,,2,2026-04-28,,TRUE,2026-03-24 10:17:07.177000 UTC,2026-06-03 14:27:57.753000 UTC,2026-06-03 18:18:57.753000 UTC
HS-082827,SHP-044130,completed,,,,rail,fcl,EU Imp,CFR,,,2,2026-02-23,,TRUE,2026-03-23 10:21:14.553000 UTC,2026-04-09 13:33:38.300000 UTC,2026-04-09 15:14:38.300000 UTC
HS-004798,SHP-147080,canceled,,,,sea,fcl,EU Exp,CPT,,,2,2026-03-13,2026-03-03 15:05:57.548000 UTC,TRUE,2026-03-03 13:45:31.800000 UTC,2026-03-03 15:05:58.214000 UTC,2026-03-03 18:00:58.214000 UTC
HS-099417,SHP-196005,completed,,CREF-094418,,sea,lcl,EU Exp,CFR,,13.4254,,2026-03-14,,TRUE,2026-01-20 11:00:42.945000 UTC,2026-05-21 13:22:01.492000 UTC,2026-05-21 15:49:01.492000 UTC
HS-165907,SHP-029702,completed,,CREF-121667,,sea,fcl,EU Imp,EXW,,,2,2026-01-25,,TRUE,2026-01-07 14:43:01.939000 UTC,2026-03-16 14:50:50.176000 UTC,2026-03-16 15:25:50.176000 UTC
HS-188691,SHP-120273,completed,,CREF-042966,,sea,lcl,EU Imp,FOB,,0.466,,2026-01-07,,TRUE,2025-12-24 06:37:51.067000 UTC,2026-03-02 09:09:39.065000 UTC,2026-03-02 11:12:39.065000 UTC
HS-027470,SHP-155074,completed,,CREF-071124,,rail,lcl,EU Imp,FCA_T,,6.6662,,2026-01-10,,TRUE,2025-12-19 11:53:43.878000 UTC,2026-04-01 11:31:06.492000 UTC,2026-04-01 14:41:06.492000 UTC
HS-046908,SHP-032461,active,,,,air,lcl,EU Imp,FOB,642,,,2026-09-17,,TRUE,2026-09-08 11:40:06.793000 UTC,2026-09-17 07:53:51.533000 UTC,2026-09-17 11:14:51.533000 UTC
HS-017404,SHP-036132,active,BKG-001019,CREF-163711,carrierConfirmed,sea,fcl,EU Imp,FOB,,,2,2026-09-24,,TRUE,2026-09-08 08:25:21.330000 UTC,2026-09-17 15:17:42.961000 UTC,2026-09-17 19:01:42.961000 UTC
HS-017920,SHP-189419,active,,CREF-033149,,rail,fcl,EU Imp,DAP,,,4,2026-09-06,,TRUE,2026-08-27 12:30:26.048000 UTC,2026-09-07 07:50:59.166000 UTC,2026-09-07 10:40:59.166000 UTC
HS-017093,SHP-088504,completed,,,,air,lcl,EU Imp,FOB,5692.42,,,2026-09-01,,TRUE,2026-08-25 11:46:49.215000 UTC,2026-09-14 15:27:33.877000 UTC,2026-09-14 18:45:33.877000 UTC
HS-128019,SHP-149698,completed,,CREF-057302,,rail,lcl,EU Imp,CFR,,3.34,,2026-08-14,,TRUE,2026-08-25 10:09:38.612000 UTC,2026-09-14 07:35:24.627000 UTC,2026-09-14 10:41:24.627000 UTC
HS-099145,SHP-224235,active,,,,sea,fcl,EU Imp,FOB,,,2,2026-09-24,,,2026-08-21 11:29:14.344000 UTC,2026-09-11 01:08:43.440000 UTC,2026-09-11 02:44:43.440000 UTC
HS-030618,SHP-162520,active,CBR-014579-0,CREF-001536,carrierConfirmed,sea,fcl,EU Exp,DAP,,,2,2026-09-08,,TRUE,2026-08-10 18:02:33.340000 UTC,2026-09-14 18:01:05.843000 UTC,2026-09-14 21:49:05.843000 UTC
HS-084500,SHP-045761,active,CBR-008925-0,CREF-026319,carrierConfirmed,sea,fcl,EU Imp,FOB,,,2,2026-08-26,,TRUE,2026-08-06 14:20:27.833000 UTC,2026-09-18 08:05:41.678000 UTC,2026-09-18 10:49:41.678000 UTC
HS-010884,SHP-108860,active,,,,sea,fcl,EU Imp,FOB,,,2,2026-09-23,,,2026-07-27 07:36:05.211000 UTC,2026-09-11 01:09:28.802000 UTC,2026-09-11 04:55:28.802000 UTC
HS-073398,SHP-151001,completed,,,,sea,fcl,EU Exp,FCA_LW,,,2,2026-08-29,,,2026-07-22 07:35:03.735000 UTC,2026-09-18 06:57:30.629000 UTC,2026-09-18 10:35:30.629000 UTC
HS-025626,SHP-116444,canceled,,,,sea,fcl,EU Imp,FOB,,,8,2026-08-17,2026-08-12 06:12:08.639000 UTC,,2026-07-20 10:27:10.208000 UTC,2026-08-17 11:11:06.051000 UTC,2026-08-17 12:38:06.051000 UTC
HS-205634,SHP-041610,completed,,,,air,lcl,EU Imp,FOB,3790,,,2026-07-21,,TRUE,2026-07-14 07:43:34.517000 UTC,2026-08-28 08:11:44.374000 UTC,2026-08-28 10:22:44.374000 UTC
HS-097207,SHP-121497,completed,,,,air,lcl,EU Imp,FOB,367.03,,,2026-07-10,,TRUE,2026-07-08 12:40:03.872000 UTC,2026-08-04 08:04:47.823000 UTC,2026-08-04 11:12:47.823000 UTC
HS-071279,SHP-094100,active,,,,sea,fcl,EU Exp,CFR,,,2,2026-07-21,,,2026-07-01 11:42:43.335000 UTC,2026-09-10 01:00:40.807000 UTC,2026-09-10 01:41:40.807000 UTC
HS-177578,SHP-198534,canceled,,CREF-048879,,rail,lcl,EU Imp,FOB,,10.3746,,2026-07-11,2026-06-30 15:15:35.632000 UTC,TRUE,2026-06-27 22:34:30.101000 UTC,2026-06-30 15:15:36.287000 UTC,2026-06-30 15:54:36.287000 UTC
HS-115474,SHP-220232,completed,,CREF-011042,,sea,lcl,EU Imp,FOB,,2.8501,,2026-07-02,,TRUE,2026-06-17 07:41:31.239000 UTC,2026-08-27 11:21:59.671000 UTC,2026-08-27 12:04:59.671000 UTC
HS-066008,SHP-170061,active,BKG-014378,CREF-157207,carrierConfirmed,sea,fcl,EU Imp,FOB,,,8,2026-07-24,,TRUE,2026-06-15 16:18:54.095000 UTC,2026-09-17 07:51:19.430000 UTC,2026-09-17 08:19:19.430000 UTC
HS-155026,SHP-186006,completed,,CREF-119302,,rail,lcl,EU Imp,FOB,,4.512,,2026-06-24,,TRUE,2026-06-12 07:20:03.889000 UTC,2026-08-05 12:05:12.917000 UTC,2026-08-05 13:23:12.917000 UTC
HS-042660,SHP-024351,completed,,CREF-116842,,rail,lcl,EU Imp,FOB,,16.3,,2026-06-24,,TRUE,2026-05-29 08:26:09.170000 UTC,2026-07-31 14:32:39.313000 UTC,2026-07-31 16:48:39.313000 UTC
HS-168692,SHP-203764,completed,,,,air,lcl,EU Imp,FOB,45,,,2026-06-09,,TRUE,2026-05-28 12:04:03.808000 UTC,2026-07-15 12:15:01.688000 UTC,2026-07-15 15:47:01.688000 UTC
HS-001186,SHP-006925,completed,,,,sea,fcl,EU Imp,FOB,,,1,2026-06-10,,,2026-05-25 06:20:18.004000 UTC,2026-08-31 15:11:20.558000 UTC,2026-08-31 16:36:20.558000 UTC
HS-198997,SHP-080086,completed,,,,sea,fcl,EU Imp,FOB,,,2,2026-06-20,,,2026-05-22 11:55:01.002000 UTC,2026-09-03 07:52:07.537000 UTC,2026-09-03 09:07:07.537000 UTC
HS-218365,SHP-206114,completed,,,,sea,fcl,EU Exp,FCA_LW,,,1,2026-06-07,,,2026-05-07 13:28:13.854000 UTC,2026-08-31 09:22:09.647000 UTC,2026-08-31 10:41:09.647000 UTC
HS-003860,SHP-091513,completed,,CREF-162649,,sea,lcl,EU Imp,FOB,,1.2602,,2026-05-17,,TRUE,2026-05-04 07:20:11.226000 UTC,2026-07-24 06:20:04.457000 UTC,2026-07-24 09:15:04.457000 UTC
HS-140090,SHP-117820,completed,BKG-004723,CREF-112192,carrierConfirmed,sea,fcl,EU Imp,FOB,,,2,2026-06-03,,TRUE,2026-05-04 06:45:49.584000 UTC,2026-08-04 06:37:15.132000 UTC,2026-08-04 10:19:15.132000 UTC
HS-216309,SHP-133768,completed,,,,air,lcl,EU Exp,EXW,20.9,,,2026-05-01,,TRUE,2026-04-27 09:00:08.557000 UTC,2026-07-01 07:30:00.064000 UTC,2026-07-01 08:38:00.064000 UTC
HS-047295,SHP-196602,completed,,,,air,lcl,EU Exp,EXW,134,,,2026-04-23,,TRUE,2026-04-20 06:25:51.340000 UTC,2026-05-15 13:13:42.771000 UTC,2026-05-15 13:18:42.771000 UTC
HS-171064,SHP-178855,canceled,CBR-012638-0,CREF-005689,carrierConfirmed,sea,fcl,EU Exp,CFR,,,2,2026-05-11,2026-04-20 07:58:48.110000 UTC,TRUE,2026-04-15 07:36:40.680000 UTC,2026-06-12 14:02:49.925000 UTC,2026-06-12 14:54:49.925000 UTC
HS-046686,SHP-004026,completed,BKG-021610,CREF-030780,carrierConfirmed,sea,fcl,EU Imp,FOB,,,2,2026-04-26,,TRUE,2026-03-31 14:48:12.192000 UTC,2026-08-03 09:49:05.675000 UTC,2026-08-03 10:48:05.675000 UTC
HS-025680,SHP-217556,completed,,,,air,lcl,EU Imp,EXW,621.97,,,2026-03-27,,TRUE,2026-03-25 03:29:18.180000 UTC,2026-04-20 13:18:41.434000 UTC,2026-04-20 13:58:41.434000 UTC
HS-192215,SHP-083598,active,BKG-012501,CREF-097568,carrierConfirmed,sea,fcl,EU Imp,CFR,,,1,2026-06-24,,TRUE,2026-03-19 02:58:03.418000 UTC,2026-07-01 15:13:18.549000 UTC,2026-07-01 16:21:18.549000 UTC
HS-041214,SHP-083077,completed,,CREF-058361,,sea,lcl,EU Imp,FOB,,5.4876,,2026-03-23,,TRUE,2026-03-02 21:26:47.387000 UTC,2026-06-02 16:45:35.128000 UTC,2026-06-02 20:02:35.128000 UTC
HS-015469,SHP-088329,completed,CBR-008604-0,CREF-071416,shipment,sea,fcl,EU Exp,CFR,,,12,2026-03-09,,TRUE,2026-02-20 13:33:20.093000 UTC,2026-04-07 05:33:58.026000 UTC,2026-04-07 09:17:58.026000 UTC
HS-222301,SHP-011216,completed,,CREF-004523,,sea,fcl,EU Exp,CFR,,,6,2026-03-28,,TRUE,2026-02-03 07:36:02.610000 UTC,2026-07-09 14:04:40.954000 UTC,2026-07-09 16:31:40.954000 UTC
HS-191624,SHP-050699,completed,CBR-004427-0,CREF-013058,shipment,sea,fcl,EU Exp,EXW,,,8,2026-05-05,,TRUE,2026-01-30 12:05:50.561000 UTC,2026-06-06 22:01:40.324000 UTC,2026-06-06 22:44:40.324000 UTC
HS-122839,SHP-184175,completed,,CREF-131429,,sea,lcl,EU Imp,FOB,,11.8896,,2026-02-22,,TRUE,2026-01-28 09:54:45.704000 UTC,2026-04-14 14:53:09.041000 UTC,2026-04-14 15:32:09.041000 UTC
HS-100703,SHP-048769,completed,,,,air,lcl,EU Imp,FOB,44.66,,,2026-01-31,,TRUE,2026-01-26 14:28:16.420000 UTC,2026-03-03 09:29:35.450000 UTC,2026-03-03 10:05:35.450000 UTC
HS-015015,SHP-179701,completed,,CREF-039366,,sea,lcl,EU Imp,EXW,,1.1856,,2026-02-15,,TRUE,2026-01-19 11:46:18.941000 UTC,2026-04-23 08:46:36.718000 UTC,2026-04-23 11:40:36.718000 UTC
HS-008515,SHP-166216,active,,,,sea,fcl,EU Imp,FOB,,,2,2026-10-06,,,2026-09-17 09:04:12.509000 UTC,2026-09-17 09:07:53.253000 UTC,2026-09-17 09:35:53.253000 UTC
HS-141379,SHP-058504,active,,,,rail,lcl,EU Imp,FOB,,0.624,,2026-09-23,,TRUE,2026-09-10 11:04:59.100000 UTC,2026-09-11 06:29:07.549000 UTC,2026-09-11 07:03:07.549000 UTC
HS-208001,SHP-088811,active,,,,sea,fcl,EU Imp,FOB,,,2,2026-10-01,,,2026-09-09 07:22:44.534000 UTC,2026-09-14 12:03:16.078000 UTC,2026-09-14 14:52:16.078000 UTC
HS-161225,SHP-163563,canceled,,,,sea,lcl,CrossT,FOB,,1.3997,,2026-09-07,2026-09-17 02:59:38.737000 UTC,TRUE,2026-09-08 07:47:24.241000 UTC,2026-09-17 02:59:39.121000 UTC,2026-09-17 06:45:39.121000 UTC
HS-072779,SHP-008805,active,,,,sea,fcl,EU Imp,FOB,,,2,2026-10-04,,,2026-09-04 08:43:21.029000 UTC,2026-09-09 07:51:05.215000 UTC,2026-09-09 11:15:05.215000 UTC
HS-084296,SHP-091625,active,,,,air,lcl,EU Imp,EXW,1089.08,,,2026-09-08,,TRUE,2026-09-03 06:36:48.792000 UTC,2026-09-17 06:44:38.793000 UTC,2026-09-17 08:28:38.793000 UTC
HS-218960,SHP-013493,active,,,,sea,fcl,EU Imp,FOB,,,1,2026-09-09,,,2026-09-01 09:04:03.453000 UTC,2026-09-17 22:39:11.148000 UTC,2026-09-18 01:20:11.148000 UTC
HS-223919,SHP-004816,active,,CREF-064534,,sea,lcl,EU Imp,DAP,,3.525,,2026-08-10,,TRUE,2026-08-19 03:56:09.710000 UTC,2026-09-03 11:44:24.402000 UTC,2026-09-03 13:08:24.402000 UTC
HS-143261,SHP-090930,completed,,,,air,lcl,EU Imp,EXW,764.92,,,2026-08-19,,TRUE,2026-08-14 08:21:11.307000 UTC,2026-08-27 11:31:00.345000 UTC,2026-08-27 12:51:00.345000 UTC
HS-219534,SHP-173469,active,,,,sea,fcl,EU Imp,FOB,,,1,2026-09-05,,,2026-08-13 08:51:53.578000 UTC,2026-09-18 05:00:06.709000 UTC,2026-09-18 08:26:06.709000 UTC
HS-069508,SHP-183329,active,,CREF-124201,,rail,lcl,EU Imp,FOB,,1.29,,2026-08-28,,TRUE,2026-08-12 11:26:23.532000 UTC,2026-09-04 10:01:23.935000 UTC,2026-09-04 11:20:23.935000 UTC
HS-100133,SHP-005628,active,,CREF-066971,,sea,lcl,EU Imp,FOB,,5.504,,2026-09-14,,TRUE,2026-08-04 09:08:17.029000 UTC,2026-09-16 12:47:16.882000 UTC,2026-09-16 14:29:16.882000 UTC
HS-077725,SHP-023179,completed,,,,sea,fcl,EU Exp,FCA_LW,,,2,2026-08-29,,,2026-07-22 07:38:05.062000 UTC,2026-09-18 06:57:44.690000 UTC,2026-09-18 09:54:44.690000 UTC
HS-141947,SHP-130407,completed,,,,air,lcl,EU Imp,EXW,116,,,2026-07-26,,TRUE,2026-07-21 07:32:20.985000 UTC,2026-08-04 08:34:38.497000 UTC,2026-08-04 09:35:38.497000 UTC
HS-043322,SHP-210432,active,,CREF-025201,,sea,lcl,EU Imp,FOB,,2.22,,2026-07-28,,TRUE,2026-07-08 09:45:38.245000 UTC,2026-09-18 08:17:52.879000 UTC,2026-09-18 10:50:52.879000 UTC
HS-079849,SHP-178736,completed,,,,air,lcl,EU Imp,EXW,2600.2,,,2026-06-21,,TRUE,2026-06-15 07:41:36.153000 UTC,2026-08-26 14:39:06.653000 UTC,2026-08-26 16:35:06.653000 UTC
HS-062842,SHP-101450,completed,,CREF-042716,,sea,lcl,EU Imp,FOB,,21.12,,2026-06-06,,TRUE,2026-05-28 12:35:53.993000 UTC,2026-08-11 15:47:04.550000 UTC,2026-08-11 16:49:04.550000 UTC
HS-065601,SHP-050247,canceled,CBR-025876-0,,renomination,sea,fcl,EU Imp,FOB,,,2,2026-06-05,2026-05-28 05:23:35.579000 UTC,FALSE,2026-05-27 06:13:12.439000 UTC,2026-06-19 11:33:49.310000 UTC,2026-06-19 15:22:49.310000 UTC
HS-028263,SHP-080833,completed,,,,rail,fcl,EU Imp,FCA_LW,,,2,2026-06-11,,TRUE,2026-05-26 11:19:51.727000 UTC,2026-08-29 15:25:59.201000 UTC,2026-08-29 17:30:59.201000 UTC
HS-199334,SHP-205976,completed,,CREF-150973,,sea,lcl,EU Imp,FOB,,8.25,,2026-06-07,,TRUE,2026-05-26 06:06:20.919000 UTC,2026-08-06 09:57:12.934000 UTC,2026-08-06 11:39:12.934000 UTC
HS-094358,SHP-093943,completed,,,,sea,fcl,EU Exp,DAP,,,2,2026-06-01,,,2026-05-22 08:46:16.358000 UTC,2026-07-08 12:12:06.168000 UTC,2026-07-08 14:54:06.168000 UTC
HS-117998,SHP-145533,completed,,,,rail,fcl,EU Imp,CFR,,,2,2026-06-02,,TRUE,2026-05-22 05:31:01.447000 UTC,2026-07-27 18:25:13.668000 UTC,2026-07-27 21:24:13.668000 UTC
HS-153075,SHP-051427,canceled,CBR-011943-0,,shipment,sea,fcl,EU Imp,FOB,,,2,2026-05-25,2026-05-18 09:51:41.312000 UTC,FALSE,2026-05-18 09:48:50.584000 UTC,2026-05-18 09:51:43.672000 UTC,2026-05-18 12:11:43.672000 UTC
HS-072144,SHP-145343,canceled,,,,sea,lcl,EU Imp,EXW,,7.152,,2026-06-02,2026-05-19 13:34:31.997000 UTC,TRUE,2026-05-18 09:12:12.292000 UTC,2026-05-19 13:34:32.941000 UTC,2026-05-19 14:25:32.941000 UTC
HS-149188,SHP-165434,completed,,,,air,lcl,EU Exp,CPT,138,,,2026-05-13,,TRUE,2026-05-08 09:24:08.128000 UTC,2026-06-18 15:00:50.104000 UTC,2026-06-18 16:15:50.104000 UTC
HS-057473,SHP-102681,completed,BKG-012094,CREF-014267,authorized,sea,fcl,EU Imp,CFR,,,2,2026-06-15,,TRUE,2026-05-04 08:39:01.750000 UTC,2026-06-18 07:02:41.800000 UTC,2026-06-18 08:21:41.800000 UTC
HS-160911,SHP-115355,completed,,CREF-076128,,rail,lcl,EU Imp,FOB,,33.1195,,2026-05-06,,TRUE,2026-04-15 11:27:20.526000 UTC,2026-06-18 05:11:47.300000 UTC,2026-06-18 08:19:47.300000 UTC
HS-043827,SHP-021850,completed,BKG-004611,CREF-004608,authorized,sea,fcl,EU Imp,CIF,,,2,2026-04-01,,TRUE,2026-04-01 15:39:20.432000 UTC,2026-06-12 14:00:56.007000 UTC,2026-06-12 16:44:56.007000 UTC
HS-087164,SHP-054066,canceled,BKG-034374,,authorized,sea,fcl,EU Imp,FOB,,,1,2026-04-06,2026-04-01 13:35:56.619000 UTC,FALSE,2026-03-25 13:20:59.196000 UTC,2026-07-14 11:45:27.800000 UTC,2026-07-14 14:08:27.800000 UTC
HS-011732,SHP-170460,completed,,CREF-044084,,rail,lcl,EU Imp,FOB,,12.7325,,2026-04-05,,TRUE,2026-03-17 13:26:07.000000 UTC,2026-05-29 08:59:14.312000 UTC,2026-05-29 10:50:14.312000 UTC
HS-191963,SHP-071545,completed,,,,rail,lcl,EU Imp,EXW,,5.2187,,2026-04-08,,TRUE,2026-02-24 09:44:15.178000 UTC,2026-06-02 10:08:53.957000 UTC,2026-06-02 14:04:53.957000 UTC
HS-184961,SHP-017323,completed,,CREF-067375,,sea,lcl,EU Imp,FCA_T,,9.42,,2026-03-01,,TRUE,2026-02-02 09:41:50.008000 UTC,2026-05-12 07:34:34.409000 UTC,2026-05-12 08:27:34.409000 UTC
HS-119092,SHP-094867,completed,,,,air,lcl,EU Imp,EXW,82,,,2026-02-01,,TRUE,2026-01-28 08:59:03.775000 UTC,2026-03-19 10:23:43.452000 UTC,2026-03-19 11:33:43.452000 UTC
HS-080681,SHP-204304,completed,,,,air,lcl,EU Exp,CPT,247,,,2026-01-24,,TRUE,2026-01-22 01:33:58.581000 UTC,2026-03-17 08:50:45.442000 UTC,2026-03-17 12:45:45.442000 UTC
HS-112857,SHP-212552,completed,,CREF-045476,,sea,lcl,EU Imp,FOB,,0.311,,2026-02-27,,TRUE,2026-01-13 11:01:38.382000 UTC,2026-05-20 15:07:54.139000 UTC,2026-05-20 19:01:54.139000 UTC
HS-045240,SHP-158415,completed,,CREF-089826,,sea,lcl,EU Imp,FOB,,5.1304,,2026-02-12,,TRUE,2026-01-12 16:06:34.617000 UTC,2026-04-21 10:42:53.382000 UTC,2026-04-21 13:42:53.382000 UTC
HS-217874,SHP-053149,completed,,CREF-018957,,sea,lcl,EU Imp,EXW,,5.7598,,2026-01-22,,TRUE,2026-01-05 12:13:28.451000 UTC,2026-04-09 10:45:53.041000 UTC,2026-04-09 14:07:53.041000 UTC
HS-176781,SHP-088314,completed,,CREF-097365,,sea,fcl,EU Imp,CFR,,,1,2026-01-31,,TRUE,2025-12-22 05:04:14.912000 UTC,2026-04-13 04:52:19.427000 UTC,2026-04-13 05:20:19.427000 UTC
HS-216997,SHP-207727,completed,,CREF-051048,,rail,lcl,EU Imp,CFR,,14.5673,,2026-01-06,,TRUE,2025-12-19 10:29:16.624000 UTC,2026-02-17 07:14:52.651000 UTC,2026-02-17 08:47:52.651000 UTC
HS-146448,SHP-145263,completed,,CREF-126793,,rail,fcl,EU Imp,FCA_LW,,,2,2026-01-11,,TRUE,2025-12-17 05:42:23.567000 UTC,2026-02-18 10:36:23.297000 UTC,2026-02-18 12:13:23.297000 UTC
HS-006111,SHP-214745,completed,,CREF-135652,,sea,lcl,EU Imp,FOB,,10.85,,2026-01-03,,TRUE,2025-12-15 13:34:34.236000 UTC,2026-04-07 12:52:21.224000 UTC,2026-04-07 14:27:21.224000 UTC
HS-156812,SHP-100355,active,BKG-016692,,authorized,sea,fcl,EU Imp,FOB,,,2,2026-09-21,,FALSE,2026-09-04 08:42:21.679000 UTC,2026-09-04 14:35:05.317000 UTC,2026-09-04 16:00:05.317000 UTC
HS-159365,SHP-033159,active,,CREF-154541,,sea,lcl,EU Imp,FOB,,17.291,,2026-09-29,,TRUE,2026-08-28 09:35:55.290000 UTC,2026-09-18 06:57:58.786000 UTC,2026-09-18 07:22:58.786000 UTC
HS-167854,SHP-085474,canceled,CBR-002706-0,,shipment,sea,fcl,EU Imp,FOB,,,2,2026-08-17,2026-08-11 08:20:56.973000 UTC,FALSE,2026-08-10 08:47:00.444000 UTC,2026-08-11 08:21:09.799000 UTC,2026-08-11 10:11:09.799000 UTC
HS-189089,SHP-207879,active,,,,sea,fcl,EU Imp,FOB,,,4,2026-09-06,,,2026-08-04 11:39:50.855000 UTC,2026-09-16 08:21:07.077000 UTC,2026-09-16 11:52:07.077000 UTC
HS-215276,SHP-019660,active,,,,sea,fcl,EU Exp,CFR,,,1,2026-08-20,,,2026-07-24 09:32:51.930000 UTC,2026-09-10 05:00:08.878000 UTC,2026-09-10 08:20:08.878000 UTC
HS-088493,SHP-174069,canceled,,,,rail,lcl,EU Imp,FOB,,4.1549,,2026-08-21,2026-08-20 11:42:24.212000 UTC,TRUE,2026-07-22 11:12:08.068000 UTC,2026-08-20 11:42:24.582000 UTC,2026-08-20 15:19:24.582000 UTC
HS-032493,SHP-180469,canceled,,CREF-072086,,rail,lcl,EU Imp,FOB,,5.76,,2026-07-31,2026-07-30 07:32:35.387000 UTC,TRUE,2026-07-17 09:30:31.966000 UTC,2026-07-30 07:32:35.881000 UTC,2026-07-30 11:28:35.881000 UTC
HS-166285,SHP-030627,active,,,,sea,fcl,EU Imp,FOB,,,2,2026-09-29,,,2026-07-14 15:34:40.341000 UTC,2026-09-09 08:00:02.239000 UTC,2026-09-09 10:15:02.239000 UTC
HS-181372,SHP-026440,active,CBR-013117-0,CREF-135117,carrierConfirmed,sea,fcl,CrossT,DAP,,,2,2026-07-23,,TRUE,2026-07-10 09:57:53.788000 UTC,2026-08-18 10:04:44.321000 UTC,2026-08-18 12:04:44.321000 UTC
HS-165334,SHP-081025,completed,,CREF-164258,,sea,lcl,EU Imp,FOB,,12.1538,,2026-07-20,,TRUE,2026-07-02 05:44:38.792000 UTC,2026-09-17 07:56:23.419000 UTC,2026-09-17 11:05:23.419000 UTC
HS-081457,SHP-217129,active,,CREF-107492,,sea,lcl,EU Imp,EXW,,4.1281,,2026-07-21,,TRUE,2026-07-01 16:39:55.042000 UTC,2026-09-17 16:45:49.027000 UTC,2026-09-17 17:37:49.027000 UTC
HS-109315,SHP-048745,completed,,,,air,lcl,EU Imp,EXW,299,,,2026-06-29,,TRUE,2026-06-25 08:42:28.909000 UTC,2026-07-07 06:33:35.962000 UTC,2026-07-07 07:50:35.962000 UTC
HS-216503,SHP-216501,active,BKG-019089,CREF-113811,carrierConfirmed,sea,fcl,EU Imp,FOB,,,2,2026-07-28,,TRUE,2026-06-23 08:43:30.480000 UTC,2026-09-14 10:35:14.414000 UTC,2026-09-14 11:36:14.414000 UTC
HS-192441,SHP-138435,active,BKG-015919,CREF-145185,carrierConfirmed,sea,fcl,EU Imp,FOB,,,1,2026-07-17,,TRUE,2026-06-17 06:42:36.141000 UTC,2026-09-18 07:40:49.908000 UTC,2026-09-18 09:13:49.908000 UTC
HS-214270,SHP-099092,completed,BKG-034075,CREF-091533,carrierConfirmed,sea,fcl,EU Imp,FOB,,,2,2026-07-09,,TRUE,2026-06-09 07:23:37.828000 UTC,2026-09-14 07:49:09.106000 UTC,2026-09-14 10:45:09.106000 UTC
HS-153544,SHP-072228,completed,,,,sea,fcl,EU Exp,CFR,,,4,2026-06-16,,,2026-06-02 12:11:30.811000 UTC,2026-08-03 06:50:11.814000 UTC,2026-08-03 10:41:11.814000 UTC
HS-181914,SHP-138960,completed,,,,air,lcl,EU Imp,FOB,280,,,2026-06-06,,TRUE,2026-05-20 10:04:01.492000 UTC,2026-07-30 07:58:04.386000 UTC,2026-07-30 11:39:04.386000 UTC
HS-060685,SHP-135923,completed,BKG-024206,CREF-110978,carrierConfirmed,sea,fcl,EU Imp,FOB,,,8,2026-05-20,,TRUE,2026-04-28 14:25:14.284000 UTC,2026-08-17 12:38:59.895000 UTC,2026-08-17 13:44:59.895000 UTC
HS-112571,SHP-111864,completed,,,,air,lcl,EU Exp,CPT,278.25,,,2026-04-30,,TRUE,2026-04-27 09:56:15.122000 UTC,2026-05-15 14:10:16.913000 UTC,2026-05-15 15:17:16.913000 UTC
HS-043733,SHP-087131,completed,,CREF-025641,,rail,lcl,EU Imp,FOB,,12.07,,2026-05-15,,TRUE,2026-04-22 10:23:14.024000 UTC,2026-07-03 12:55:29.339000 UTC,2026-07-03 13:12:29.339000 UTC
HS-196594,SHP-172971,completed,,,,air,lcl,EU Imp,EXW,735.2,,,2026-04-28,,TRUE,2026-04-20 10:51:10.576000 UTC,2026-05-21 15:10:06.514000 UTC,2026-05-21 16:27:06.514000 UTC
HS-003530,SHP-001855,completed,,CREF-137260,,sea,lcl,EU Imp,FOB,,4.1401,,2026-05-09,,TRUE,2026-04-17 13:15:46.221000 UTC,2026-08-12 11:37:46.936000 UTC,2026-08-12 11:47:46.936000 UTC
HS-157749,SHP-161574,completed,,,,air,lcl,EU Imp,EXW,360,,,2026-04-22,,TRUE,2026-04-15 14:59:12.227000 UTC,2026-04-30 10:50:50.482000 UTC,2026-04-30 14:17:50.482000 UTC
HS-211634,SHP-221518,completed,,CREF-041697,,rail,lcl,EU Imp,FCA_T,,0.528,,2026-04-08,,TRUE,2026-03-25 08:44:28.083000 UTC,2026-05-18 11:27:54.584000 UTC,2026-05-18 15:12:54.584000 UTC
HS-022400,SHP-116328,completed,BKG-011499,CREF-026866,authorized,sea,fcl,EU Imp,CFR,,,2,2026-05-11,,TRUE,2026-03-18 12:34:21.212000 UTC,2026-05-21 09:41:12.133000 UTC,2026-05-21 11:46:12.133000 UTC
HS-184704,SHP-180721,completed,BKG-010175,CREF-067133,carrierConfirmed,sea,fcl,EU Imp,FOB,,,6,2026-03-11,,TRUE,2026-02-12 09:17:57.502000 UTC,2026-07-03 09:31:31.491000 UTC,2026-07-03 09:50:31.491000 UTC
HS-087004,SHP-168938,completed,,CREF-149110,,sea,lcl,EU Imp,FOB,,13.2477,,2026-02-21,,TRUE,2026-02-01 17:05:44.631000 UTC,2026-07-23 14:11:57.098000 UTC,2026-07-23 17:37:57.098000 UTC
HS-013032,SHP-066942,canceled,BKG-024134,CREF-139607,carrierConfirmed,sea,fcl,EU Imp,FOB,,,2,2026-02-13,2026-02-06 08:04:45.799000 UTC,TRUE,2026-01-28 07:15:12.918000 UTC,2026-02-06 08:04:45.822000 UTC,2026-02-06 08:30:45.822000 UTC
HS-214242,SHP-068909,completed,,CREF-012921,,sea,lcl,EU Imp,FOB,,0.7104,,2026-02-22,,TRUE,2026-01-26 09:09:04.429000 UTC,2026-05-04 05:56:05.385000 UTC,2026-05-04 06:14:05.385000 UTC
HS-040904,SHP-001223,completed,,,,air,lcl,EU Imp,EXW,647.25,,,2026-01-29,,TRUE,2026-01-23 08:20:51.588000 UTC,2026-03-03 15:02:03.406000 UTC,2026-03-03 17:01:03.406000 UTC
HS-006242,SHP-210540,completed,,CREF-104615,,sea,lcl,EU Imp,EXW,,2.1902,,2026-02-10,,TRUE,2026-01-22 08:06:16.534000 UTC,2026-04-20 07:24:01.213000 UTC,2026-04-20 08:02:01.213000 UTC
HS-219225,SHP-194550,completed,,CREF-111104,,sea,lcl,EU Imp,FOB,,16.32,,2026-01-31,,TRUE,2026-01-06 21:45:22.210000 UTC,2026-03-25 15:03:19.304000 UTC,2026-03-25 17:52:19.304000 UTC
HS-170015,SHP-164355,active,,,,sea,fcl,EU Exp,CPT,,,2,2026-10-14,,,2026-09-18 08:12:14.979000 UTC,2026-09-18 12:48:46.691000 UTC,2026-09-18 14:05:46.691000 UTC
HS-071612,SHP-151320,active,,,,air,lcl,EU Exp,CPT,15.45,,,2026-09-22,,TRUE,2026-09-17 12:29:30.283000 UTC,2026-09-18 09:33:59.598000 UTC,2026-09-18 12:48:59.598000 UTC
HS-131157,SHP-050491,active,,,,sea,fcl,EU Exp,CPT,,,2,2026-09-24,,,2026-09-01 14:42:29.975000 UTC,2026-09-16 09:47:46.541000 UTC,2026-09-16 11:22:46.541000 UTC
HS-084984,SHP-150809,active,,,,sea,fcl,EU Imp,FOB,,,2,2026-09-28,,,2026-08-28 08:26:25.731000 UTC,2026-09-16 12:40:57.159000 UTC,2026-09-16 14:31:57.159000 UTC
HS-101120,SHP-061232,active,,CREF-106993,,sea,lcl,EU Imp,FOB,,1.824,,2026-09-10,,TRUE,2026-08-20 07:14:07.803000 UTC,2026-09-14 06:13:02.501000 UTC,2026-09-14 08:24:02.501000 UTC
HS-084858,SHP-046008,active,,,,sea,fcl,EU Imp,FOB,,,2,2026-09-16,,,2026-08-19 08:13:40.985000 UTC,2026-09-16 07:25:30.053000 UTC,2026-09-16 10:27:30.053000 UTC
HS-123218,SHP-200927,completed,,,,air,lcl,EU Imp,DAP,127.07,,,2026-08-22,,TRUE,2026-08-18 13:50:06.124000 UTC,2026-08-28 09:00:43.377000 UTC,2026-08-28 11:07:43.377000 UTC
HS-139307,SHP-105292,active,,,,sea,fcl,EU Imp,FOB,,,2,2026-09-10,,,2026-08-14 09:14:14.612000 UTC,2026-09-17 16:00:06.012000 UTC,2026-09-17 17:13:06.012000 UTC
HS-046000,SHP-098675,active,,CREF-027613,,sea,lcl,EU Imp,EXW,,0.3971,,2026-09-11,,TRUE,2026-08-11 09:24:55.235000 UTC,2026-09-10 12:34:34.821000 UTC,2026-09-10 13:23:34.821000 UTC
HS-029984,SHP-057194,canceled,,,,sea,lcl,EU Imp,FOB,,18.172,,2026-08-18,2026-08-12 14:09:56.639000 UTC,TRUE,2026-08-05 14:05:29.217000 UTC,2026-08-12 14:09:57.048000 UTC,2026-08-12 17:23:57.048000 UTC
HS-017545,SHP-044534,active,,,,sea,fcl,EU Exp,DAP,,,10,2026-08-15,,,2026-08-04 12:32:55.865000 UTC,2026-09-11 08:46:24.486000 UTC,2026-09-11 09:53:24.486000 UTC
HS-080057,SHP-122853,active,,CREF-157077,,rail,lcl,EU Imp,EXW,,7.1854,,2026-07-31,,TRUE,2026-07-17 14:09:13.338000 UTC,2026-09-03 09:30:42.209000 UTC,2026-09-03 12:38:42.209000 UTC
HS-146622,SHP-135145,active,,,,sea,fcl,EU Imp,FOB,,,2,2026-08-15,,,2026-07-15 16:34:10.541000 UTC,2026-09-17 12:35:36.432000 UTC,2026-09-17 15:30:36.432000 UTC
HS-015838,SHP-089850,active,,CREF-004020,,sea,lcl,EU Imp,FOB,,7.3463,,2026-07-20,,TRUE,2026-06-26 11:21:42.354000 UTC,2026-09-17 08:19:18.881000 UTC,2026-09-17 11:55:18.881000 UTC
HS-211004,SHP-094847,active,,,,sea,fcl,EU Imp,FOB,,,2,2026-07-24,,,2026-06-26 06:50:55.171000 UTC,2026-09-18 04:00:22.114000 UTC,2026-09-18 04:27:22.114000 UTC
HS-089852,SHP-043347,active,,,,sea,fcl,EU Exp,CFR,,,2,2026-08-04,,,2026-06-25 13:25:57.446000 UTC,2026-09-17 12:00:13.458000 UTC,2026-09-17 14:07:13.458000 UTC
HS-157248,SHP-185468,active,BKG-033941,CREF-071573,carrierConfirmed,sea,fcl,EU Imp,FOB,,,2,2026-07-23,,TRUE,2026-06-23 23:38:46.164000 UTC,2026-09-12 09:02:56.855000 UTC,2026-09-12 10:06:56.855000 UTC
HS-188295,SHP-187758,active,,,,sea,fcl,EU Exp,CFR,,,4,2026-07-04,,,2026-05-28 11:50:48.512000 UTC,2026-09-18 11:30:52.434000 UTC,2026-09-18 11:50:52.434000 UTC
HS-117069,SHP-182888,completed,,CREF-023996,,sea,lcl,EU Imp,FOB,,27.0897,,2026-05-25,,TRUE,2026-05-12 07:37:41.405000 UTC,2026-07-21 14:31:32.202000 UTC,2026-07-21 14:40:32.202000 UTC
HS-019005,SHP-020862,completed,,CREF-026484,,sea,lcl,EU Imp,FOB,,5.03,,2026-04-27,,TRUE,2026-04-16 10:06:40.368000 UTC,2026-07-15 14:34:40.553000 UTC,2026-07-15 16:35:40.553000 UTC
HS-148928,SHP-104578,completed,BKG-030602,CREF-000572,carrierConfirmed,sea,fcl,EU Imp,FOB,,,2,2026-05-07,,TRUE,2026-04-15 14:02:40.108000 UTC,2026-07-27 14:40:47.377000 UTC,2026-07-27 17:43:47.377000 UTC
HS-152960,SHP-056175,completed,,CREF-164042,,sea,lcl,EU Imp,FOB,,7.1291,,2026-04-24,,TRUE,2026-04-15 08:09:12.697000 UTC,2026-07-22 16:33:43.845000 UTC,2026-07-22 20:02:43.845000 UTC
HS-163466,SHP-086417,completed,,,,air,lcl,CrossT,EXW,21,,,2026-04-26,,TRUE,2026-04-14 15:18:44.918000 UTC,2026-05-21 09:05:10.469000 UTC,2026-05-21 12:37:10.469000 UTC
HS-067436,SHP-167604,completed,,CREF-103130,,rail,lcl,EU Imp,FCA_LW,,6.3084,,2026-04-29,,TRUE,2026-04-14 14:26:37.374000 UTC,2026-06-12 09:38:39.283000 UTC,2026-06-12 11:38:39.283000 UTC
HS-154269,SHP-065733,completed,,CREF-076468,,rail,lcl,EU Imp,FCA_T,,0.96,,2026-04-29,,TRUE,2026-04-10 06:03:10.400000 UTC,2026-06-08 11:44:44.093000 UTC,2026-06-08 13:19:44.093000 UTC
HS-157726,SHP-050851,completed,,,,rail,fcl,EU Imp,CFR,,,2,2026-02-23,,TRUE,2026-03-24 12:23:47.230000 UTC,2026-04-07 06:36:05.873000 UTC,2026-04-07 10:02:05.873000 UTC
HS-091138,SHP-177191,completed,,CREF-075432,,rail,fcl,EU Imp,FCA_LW,,,2,2026-04-07,,TRUE,2026-03-19 09:36:12.496000 UTC,2026-06-03 14:38:17.053000 UTC,2026-06-03 17:50:17.053000 UTC
HS-030705,SHP-119044,canceled,,CREF-027613,,sea,lcl,EU Imp,FOB,,1.2293,,2026-03-19,2026-03-25 15:02:41.114000 UTC,TRUE,2026-02-10 09:53:44.760000 UTC,2026-04-30 12:16:12.789000 UTC,2026-04-30 12:39:12.789000 UTC
HS-024241,SHP-054707,completed,BKG-024276,CREF-099425,carrierConfirmed,sea,fcl,EU Imp,FOB,,,1,2026-02-10,,TRUE,2026-01-15 08:21:56.656000 UTC,2026-06-04 13:20:14.900000 UTC,2026-06-04 14:00:14.900000 UTC
HS-169403,SHP-164940,completed,,CREF-003750,,rail,lcl,EU Imp,EXW,,11.4198,,2026-01-28,,TRUE,2026-01-12 09:04:15.188000 UTC,2026-03-10 16:09:36.614000 UTC,2026-03-10 18:31:36.614000 UTC
HS-156636,SHP-100650,canceled,,,,sea,lcl,EU Imp,FOB,,1.23,,2026-01-02,2025-12-24 09:02:28.830000 UTC,TRUE,2025-12-17 17:19:57.477000 UTC,2025-12-24 09:02:29.336000 UTC,2025-12-24 10:34:29.336000 UTC
HS-145028,SHP-176670,completed,,CREF-002224,,sea,lcl,EU Imp,FOB,,7.1613,,2026-01-05,,TRUE,2025-12-05 13:41:52.332000 UTC,2026-03-16 10:38:35.697000 UTC,2026-03-16 13:50:35.697000 UTC
HS-153404,SHP-089514,active,CBR-024674-0,,carrierContacted,sea,fcl,EU Imp,FOB,,,6,2026-09-21,,FALSE,2026-09-16 12:23:22.835000 UTC,2026-09-17 02:49:24.665000 UTC,2026-09-17 05:03:24.665000 UTC
HS-159348,SHP-184566,completed,,,,air,lcl,EU Imp,EXW,819.72,,,2026-09-05,,TRUE,2026-09-02 08:49:19.750000 UTC,2026-09-17 07:21:01.225000 UTC,2026-09-17 07:57:01.225000 UTC
HS-183642,SHP-078929,completed,,,,air,lcl,EU Imp,EXW,1109.76,,,2026-08-29,,TRUE,2026-08-21 11:51:41.077000 UTC,2026-09-07 13:16:39.230000 UTC,2026-09-07 16:37:39.230000 UTC
HS-213368,SHP-115277,active,CBR-010765-0,CREF-099436,carrierConfirmed,sea,fcl,EU Imp,FOB,,,2,2026-09-01,,TRUE,2026-08-20 07:11:20.965000 UTC,2026-09-17 23:02:10.991000 UTC,2026-09-18 02:18:10.991000 UTC
HS-216928,SHP-122704,active,,,,sea,fcl,EU Imp,FOB,,,4,2026-08-30,,,2026-08-13 07:53:36.336000 UTC,2026-09-18 10:00:36.776000 UTC,2026-09-18 11:04:36.776000 UTC
HS-128545,SHP-169848,active,,,,sea,fcl,EU Exp,CFR,,,12,2026-09-09,,,2026-08-12 09:02:22.461000 UTC,2026-09-18 14:10:46.540000 UTC,2026-09-18 15:54:46.540000 UTC
HS-194486,SHP-040904,active,,,,sea,fcl,EU Imp,FOB,,,2,2026-09-30,,,2026-08-10 06:56:31.440000 UTC,2026-09-03 03:46:45.554000 UTC,2026-09-03 06:48:45.554000 UTC
HS-005847,SHP-029523,active,,,,sea,fcl,EU Imp,FOB,,,1,2026-09-19,,,2026-07-21 07:26:09.640000 UTC,2026-09-17 07:47:32.450000 UTC,2026-09-17 08:56:32.450000 UTC
HS-032285,SHP-144628,completed,,,,air,lcl,EU Imp,FOB,790,,,2026-07-30,,TRUE,2026-07-21 06:59:14.520000 UTC,2026-08-28 08:11:19.209000 UTC,2026-08-28 10:11:19.209000 UTC
HS-004166,SHP-121172,completed,,,,air,lcl,EU Imp,EXW,26,,,2026-07-19,,TRUE,2026-07-15 07:29:54.597000 UTC,2026-08-04 08:08:04.531000 UTC,2026-08-04 08:51:04.531000 UTC
HS-083694,SHP-211653,active,,,,sea,fcl,EU Imp,FOB,,,3,2026-08-16,,,2026-07-14 15:30:54.142000 UTC,2026-09-17 20:15:30.576000 UTC,2026-09-17 23:42:30.576000 UTC
HS-002864,SHP-175393,active,,,,sea,fcl,EU Exp,CFR,,,2,2026-08-19,,,2026-07-06 13:54:51.094000 UTC,2026-09-17 14:38:53.380000 UTC,2026-09-17 16:52:53.380000 UTC
HS-175558,SHP-147411,completed,,CREF-150052,,sea,lcl,EU Imp,FOB,,24.2998,,2026-07-28,,TRUE,2026-07-03 13:36:20.924000 UTC,2026-09-14 14:40:49.118000 UTC,2026-09-14 17:45:49.118000 UTC
HS-208949,SHP-205551,canceled,,CREF-037649,,sea,fcl,EU Imp,FOB,,,2,2026-08-26,2026-08-13 07:40:23.494000 UTC,TRUE,2026-06-30 07:56:23.875000 UTC,2026-08-13 07:40:24.402000 UTC,2026-08-13 09:58:24.402000 UTC
HS-208060,SHP-075090,completed,,CREF-008312,,rail,lcl,EU Imp,FCA_LW,,20.6068,,2026-07-18,,TRUE,2026-06-30 06:20:43.598000 UTC,2026-09-03 18:50:29.719000 UTC,2026-09-03 19:57:29.719000 UTC
HS-085969,SHP-160050,completed,,CREF-137715,,rail,lcl,EU Imp,FOB,,19.199,,2026-07-15,,TRUE,2026-06-18 15:29:54.078000 UTC,2026-08-18 07:44:19.860000 UTC,2026-08-18 07:58:19.860000 UTC
HS-025515,SHP-157176,completed,,,,air,lcl,EU Imp,EXW,907.74,,,2026-06-23,,TRUE,2026-06-17 02:54:11.512000 UTC,2026-07-22 08:52:26.243000 UTC,2026-07-22 11:23:26.243000 UTC
HS-026070,SHP-076533,completed,,,,air,lcl,EU Imp,FOB,1100,,,2026-07-03,,TRUE,2026-06-11 16:18:46.048000 UTC,2026-08-04 08:05:39.658000 UTC,2026-08-04 09:38:39.658000 UTC
HS-057264,SHP-059134,completed,,,,sea,fcl,EU Imp,FOB,,,1,2026-06-10,,,2026-06-01 06:32:32.653000 UTC,2026-08-17 08:05:14.701000 UTC,2026-08-17 11:54:14.701000 UTC
HS-131050,SHP-163227,completed,,CREF-051698,,sea,lcl,EU Imp,FOB,,19.2,,2026-06-06,,TRUE,2026-05-28 12:37:10.625000 UTC,2026-08-11 15:49:05.830000 UTC,2026-08-11 16:37:05.830000 UTC
HS-068052,SHP-053217,completed,,,,sea,fcl,EU Exp,CFR,,,2,2026-06-11,,,2026-05-28 10:10:25.866000 UTC,2026-08-18 06:14:32.192000 UTC,2026-08-18 08:56:32.192000 UTC
HS-015294,SHP-121821,completed,,,,air,lcl,EU Imp,FOB,3331,,,2026-05-18,,TRUE,2026-05-11 13:47:16.871000 UTC,2026-06-29 14:15:18.227000 UTC,2026-06-29 15:12:18.227000 UTC
HS-004899,SHP-028473,canceled,BKG-003090,CREF-044828,carrierConfirmed,sea,fcl,EU Imp,FOB,,,1,2026-05-25,2026-05-20 08:41:10.005000 UTC,TRUE,2026-05-08 15:16:19.003000 UTC,2026-05-20 08:41:32.406000 UTC,2026-05-20 09:57:32.406000 UTC
HS-105536,SHP-001045,completed,,,,sea,fcl,EU Exp,FCA_LW,,,1,2026-06-07,,,2026-05-07 12:36:47.633000 UTC,2026-08-31 09:22:32.870000 UTC,2026-08-31 11:01:32.870000 UTC
HS-211061,SHP-060747,canceled,,,,sea,lcl,CrossT,FOB,,1.6132,,2026-05-06,2026-05-13 07:29:39.453000 UTC,TRUE,2026-04-29 03:26:23.943000 UTC,2026-05-13 07:29:40.192000 UTC,2026-05-13 10:32:40.192000 UTC
HS-207547,SHP-159992,completed,,CREF-059441,,sea,lcl,CrossT,EXW,,4.99,,2026-05-05,,TRUE,2026-04-15 11:54:45.509000 UTC,2026-07-01 11:48:23.178000 UTC,2026-07-01 12:30:23.178000 UTC
HS-122503,SHP-159624,completed,,CREF-150922,,sea,lcl,EU Imp,FOB,,4.8017,,2026-04-19,,TRUE,2026-04-07 13:17:56.228000 UTC,2026-08-19 10:26:08.030000 UTC,2026-08-19 12:32:08.030000 UTC
HS-087052,SHP-038331,canceled,BKG-003416,CREF-024648,carrierConfirmed,sea,fcl,EU Imp,FOB,,,1,2026-05-12,2026-05-07 08:37:35.762000 UTC,TRUE,2026-03-23 14:30:34.749000 UTC,2026-05-07 08:37:52.694000 UTC,2026-05-07 09:25:52.694000 UTC
HS-094973,SHP-095044,completed,,,,air,lcl,EU Imp,FCA_LW,147,,,2026-03-25,,TRUE,2026-03-16 14:30:00.967000 UTC,2026-04-22 08:24:08.072000 UTC,2026-04-22 11:05:08.072000 UTC
HS-089190,SHP-073757,completed,,CREF-014099,,sea,lcl,EU Imp,FOB,,0.67,,2026-02-24,,TRUE,2026-02-05 12:37:23.535000 UTC,2026-05-04 07:10:45.401000 UTC,2026-05-04 09:30:45.401000 UTC
HS-003993,SHP-131300,completed,,,,air,lcl,EU Imp,EXW,263,,,2026-02-09,,TRUE,2026-02-03 11:33:39.561000 UTC,2026-03-03 15:07:32.179000 UTC,2026-03-03 15:56:32.179000 UTC
HS-091118,SHP-157731,completed,CBR-012667-0,CREF-025495,carrierConfirmed,sea,fcl,EU Exp,CFR,,,40,2026-02-15,,TRUE,2026-01-13 15:26:25.358000 UTC,2026-03-25 15:37:22.894000 UTC,2026-03-25 17:15:22.894000 UTC
HS-068664,SHP-205988,completed,,CREF-095345,,rail,lcl,EU Imp,FOB,,9.9078,,2026-01-31,,TRUE,2026-01-13 14:05:46.991000 UTC,2026-03-09 12:36:13.528000 UTC,2026-03-09 15:17:13.528000 UTC
HS-187976,SHP-193105,canceled,,,,air,lcl,CrossT,DPU,1.67,,,2026-01-14,2026-01-13 16:54:11.586000 UTC,TRUE,2026-01-13 06:23:49.863000 UTC,2026-01-13 16:54:12.103000 UTC,2026-01-13 19:16:12.103000 UTC
HS-134068,SHP-077891,completed,,,,air,lcl,EU Imp,EXW,748,,,2026-01-26,,TRUE,2026-01-13 06:09:08.119000 UTC,2026-04-14 13:54:57.831000 UTC,2026-04-14 14:01:57.831000 UTC
HS-023696,SHP-154341,completed,,,,air,lcl,EU Exp,EXW,575,,,2026-01-13,,TRUE,2026-01-09 07:34:35.073000 UTC,2026-03-17 08:43:50.246000 UTC,2026-03-17 09:16:50.246000 UTC
HS-100941,SHP-094396,completed,,CREF-008234,,sea,fcl,EU Exp,CFR,,,18,2026-01-21,,TRUE,2025-12-19 13:30:44.293000 UTC,2026-03-09 08:56:44.317000 UTC,2026-03-09 12:27:44.317000 UTC
HS-154745,SHP-171069,active,CBR-024778-0,CREF-143926,carrierConfirmed,sea,fcl,EU Exp,CFR,,,16,2026-10-06,,TRUE,2026-09-11 11:34:04.747000 UTC,2026-09-18 11:00:42.649000 UTC,2026-09-18 14:08:42.649000 UTC
HS-207276,SHP-131077,active,,,,rail,fcl,EU Imp,CFR,,,2,2026-09-01,,TRUE,2026-09-10 09:06:42.418000 UTC,2026-09-17 10:23:25.782000 UTC,2026-09-17 14:09:25.782000 UTC
HS-108987,SHP-034658,active,,CREF-154541,,sea,lcl,EU Imp,FOB,,16.2087,,2026-09-21,,TRUE,2026-09-08 12:27:51.162000 UTC,2026-09-09 09:26:23.236000 UTC,2026-09-09 12:07:23.236000 UTC
HS-209713,SHP-155291,completed,,,,air,lcl,EU Exp,CPT,1462.26,,,2026-09-12,,TRUE,2026-09-07 13:44:54.751000 UTC,2026-09-14 06:21:59.350000 UTC,2026-09-14 08:18:59.350000 UTC
HS-053409,SHP-134399,active,,CREF-083938,,rail,lcl,EU Imp,FCA_T,,0.22,,2026-09-23,,TRUE,2026-09-07 06:10:25.115000 UTC,2026-09-07 08:48:58.685000 UTC,2026-09-07 11:38:58.685000 UTC
HS-182671,SHP-100069,completed,,,,air,lcl,EU Exp,DAP,130,,,2026-08-25,,TRUE,2026-08-20 08:41:38.277000 UTC,2026-09-03 08:31:18.084000 UTC,2026-09-03 10:46:18.084000 UTC
HS-168954,SHP-047797,active,,,,sea,fcl,EU Exp,CPT,,,2,2026-09-14,,,2026-08-19 11:42:27.122000 UTC,2026-09-18 08:49:44.765000 UTC,2026-09-18 10:51:44.765000 UTC
HS-093706,SHP-126304,active,,,,sea,fcl,EU Imp,FOB,,,1,2026-09-27,,,2026-08-11 09:15:43.174000 UTC,2026-09-16 08:55:02.925000 UTC,2026-09-16 12:43:02.925000 UTC
HS-189045,SHP-208328,active,,,,sea,fcl,EU Imp,FOB,,,1,2026-09-12,,,2026-08-05 05:57:49.415000 UTC,2026-09-18 08:50:50.299000 UTC,2026-09-18 12:15:50.299000 UTC
HS-220906,SHP-188391,active,,,,sea,fcl,EU Imp,FOB,,,1,2026-08-22,,,2026-07-28 07:14:10.425000 UTC,2026-09-14 14:00:10.240000 UTC,2026-09-14 16:22:10.240000 UTC
HS-025776,SHP-075660,active,,CREF-016489,,sea,lcl,EU Imp,FCA_LW,,4.9925,,2026-08-15,,TRUE,2026-07-28 05:01:22.547000 UTC,2026-09-15 00:01:46.422000 UTC,2026-09-15 02:35:46.422000 UTC
HS-195963,SHP-003700,completed,,CREF-059460,,rail,lcl,EU Imp,FOB,,0.5334,,2026-07-29,,TRUE,2026-07-20 08:44:23.967000 UTC,2026-08-31 12:44:33.383000 UTC,2026-08-31 14:31:33.383000 UTC
HS-175172,SHP-192185,active,,,,sea,lcl,CrossT,FOB,,6.0563,,2026-07-22,,TRUE,2026-07-20 07:45:54.140000 UTC,2026-07-26 08:59:27.308000 UTC,2026-07-26 11:35:27.308000 UTC
HS-151148,SHP-200878,active,,CREF-082432,,sea,lcl,EU Imp,FOB,,0.7812,,2026-08-15,,TRUE,2026-07-17 10:06:47.994000 UTC,2026-09-14 12:18:52.432000 UTC,2026-09-14 15:54:52.432000 UTC
HS-177530,SHP-058943,active,,CREF-160644,,sea,lcl,EU Imp,FOB,,7.5883,,2026-08-16,,TRUE,2026-07-13 08:27:02.104000 UTC,2026-08-19 17:25:49.233000 UTC,2026-08-19 21:10:49.233000 UTC
HS-132442,SHP-074656,completed,,,,rail,fcl,EU Imp,FOB,,,2,2026-07-15,,TRUE,2026-07-03 07:24:04.696000 UTC,2026-08-18 05:54:15.659000 UTC,2026-08-18 09:18:15.659000 UTC
HS-022131,SHP-104691,completed,CBR-002959-0,CREF-065306,carrierConfirmed,sea,fcl,EU Exp,EXW,,,2,2026-07-09,,TRUE,2026-06-29 08:33:03.790000 UTC,2026-08-04 08:51:02.966000 UTC,2026-08-04 10:47:02.966000 UTC
HS-158097,SHP-129555,active,,CREF-117525,,sea,lcl,EU Imp,FOB,,1.8996,,2026-07-18,,TRUE,2026-06-27 23:32:50.859000 UTC,2026-09-17 06:08:02.547000 UTC,2026-09-17 08:17:02.547000 UTC
HS-137702,SHP-213847,completed,,CREF-145358,,sea,lcl,EU Imp,FOB,,0.576,,2026-07-19,,TRUE,2026-06-15 13:23:29.888000 UTC,2026-09-10 11:35:26.059000 UTC,2026-09-10 13:12:26.059000 UTC
HS-170994,SHP-089397,completed,,CREF-097710,,rail,fcl,EU Imp,FOB,,,2,2026-05-14,,TRUE,2026-05-25 05:58:27.380000 UTC,2026-07-03 09:31:07.451000 UTC,2026-07-03 12:31:07.451000 UTC
HS-120649,SHP-119126,completed,,CREF-007297,,sea,lcl,EU Imp,FOB,,10.212,,2026-06-15,,TRUE,2026-05-20 09:55:52.858000 UTC,2026-08-24 13:25:35.045000 UTC,2026-08-24 13:33:35.045000 UTC
HS-039530,SHP-113457,completed,,,,air,lcl,EU Imp,FOB,1332,,,2026-05-12,,TRUE,2026-05-06 07:39:40.787000 UTC,2026-06-29 15:05:09.662000 UTC,2026-06-29 15:54:09.662000 UTC
HS-009800,SHP-080919,completed,,,,air,lcl,EU Imp,EXW,326,,,2026-05-04,,TRUE,2026-04-24 19:47:02.298000 UTC,2026-06-22 08:48:05.672000 UTC,2026-06-22 10:40:05.672000 UTC
HS-150300,SHP-125835,completed,,CREF-039676,,rail,lcl,EU Imp,DAP,,2.52,,2026-04-26,,TRUE,2026-04-20 09:36:46.095000 UTC,2026-06-23 15:12:59.456000 UTC,2026-06-23 17:43:59.456000 UTC
HS-219586,SHP-092156,canceled,,CREF-154541,,sea,fcl,EU Exp,CFR,,,12,2026-05-26,2026-05-20 06:41:05.939000 UTC,TRUE,2026-04-13 09:16:09.105000 UTC,2026-05-20 06:41:08.558000 UTC,2026-05-20 09:44:08.558000 UTC
HS-164964,SHP-182786,completed,,CREF-075584,,sea,lcl,CrossT,FOB,,2.8504,,2026-05-06,,TRUE,2026-04-13 08:34:06.586000 UTC,2026-07-01 09:16:06.190000 UTC,2026-07-01 12:14:06.190000 UTC
HS-184301,SHP-122771,completed,BKG-022521,CREF-056723,carrierConfirmed,sea,fcl,EU Imp,FOB,,,1,2026-04-08,,TRUE,2026-03-23 09:27:04.926000 UTC,2026-07-14 11:44:59.278000 UTC,2026-07-14 13:33:59.278000 UTC
HS-142055,SHP-038240,completed,,,,air,lcl,EU Imp,FOB,1167.14,,,2026-04-09,,TRUE,2026-03-18 16:41:50.690000 UTC,2026-07-22 08:10:02.327000 UTC,2026-07-22 08:41:02.327000 UTC
HS-071947,SHP-223045,completed,,CREF-116571,,sea,fcl,EU Exp,CFR,,,3,2026-04-26,,TRUE,2026-03-06 14:32:16.494000 UTC,2026-07-27 07:26:10.366000 UTC,2026-07-27 08:58:10.366000 UTC
HS-174016,SHP-137178,completed,,CREF-051377,,rail,lcl,EU Imp,EXW,,2.405,,2026-01-24,,TRUE,2026-01-12 12:12:06.075000 UTC,2026-03-10 10:56:01.739000 UTC,2026-03-10 12:28:01.739000 UTC
HS-199553,SHP-158575,completed,,CREF-098329,,rail,lcl,EU Imp,FCA_T,,4.9296,,2026-01-24,,TRUE,2026-01-12 08:16:56.561000 UTC,2026-03-16 15:06:58.217000 UTC,2026-03-16 15:22:58.217000 UTC
HS-159531,SHP-126723,canceled,,CREF-148007,,sea,fcl,EU Exp,CFR,,,20,2026-01-07,2025-12-22 13:41:09.982000 UTC,TRUE,2025-12-22 13:40:12.067000 UTC,2025-12-22 13:41:13.491000 UTC,2025-12-22 16:38:13.491000 UTC
HS-162849,SHP-097637,completed,,CREF-028426,,sea,lcl,EU Imp,FOB,,20.3997,,2026-01-21,,TRUE,2025-12-22 08:48:19.672000 UTC,2026-05-04 15:39:35.156000 UTC,2026-05-04 18:26:35.156000 UTC
HS-047748,SHP-161914,completed,,CREF-128641,,sea,lcl,EU Imp,FOB,,7.945,,2026-01-07,,TRUE,2025-12-18 12:27:28.819000 UTC,2026-03-02 11:53:55.169000 UTC,2026-03-02 12:15:55.169000 UTC
HS-011395,SHP-131184,completed,,CREF-094047,,sea,lcl,EU Imp,FOB,,15.2029,,2026-02-05,,TRUE,2025-12-15 15:47:30.255000 UTC,2026-03-30 14:00:06.736000 UTC,2026-03-30 15:29:06.736000 UTC
HS-134266,SHP-042811,active,,,,air,lcl,EU Imp,CPT,2200,,,2026-09-17,,TRUE,2026-09-14 08:11:28.948000 UTC,2026-09-17 09:41:25.456000 UTC,2026-09-17 10:21:25.456000 UTC
HS-162566,SHP-027342,active,,,,sea,fcl,EU Exp,EXW,,,2,2026-09-27,,,2026-09-09 08:22:57.849000 UTC,2026-09-17 08:49:21.311000 UTC,2026-09-17 12:10:21.311000 UTC
HS-055076,SHP-101083,canceled,,,,sea,fcl,EU Imp,FOB,,,1,2026-09-22,2026-09-09 07:30:53.389000 UTC,,2026-09-07 09:46:28.149000 UTC,2026-09-09 08:08:37.524000 UTC,2026-09-09 08:44:37.524000 UTC
HS-208386,SHP-181211,active,,,,rail,fcl,EU Imp,EXW,,,2,2026-09-18,,TRUE,2026-09-02 06:02:01.599000 UTC,2026-09-11 06:35:37.575000 UTC,2026-09-11 06:49:37.575000 UTC
HS-170515,SHP-086555,active,,,,rail,fcl,EU Imp,CFR,,,2,2026-08-28,,TRUE,2026-08-28 06:31:58.135000 UTC,2026-09-17 10:22:24.030000 UTC,2026-09-17 10:56:24.030000 UTC
HS-060213,SHP-021474,active,,,,sea,fcl,EU Exp,CIF,,,2,2026-09-05,,,2026-08-25 11:05:48.294000 UTC,2026-09-17 07:00:17.824000 UTC,2026-09-17 09:24:17.824000 UTC
HS-055639,SHP-030119,active,,CREF-115040,,sea,lcl,EU Imp,FOB,,6.4998,,2026-09-25,,TRUE,2026-08-24 07:01:14.315000 UTC,2026-09-01 05:55:50.102000 UTC,2026-09-01 06:07:50.102000 UTC
HS-035246,SHP-088232,completed,,,,air,lcl,EU Imp,FOB,26,,,2026-08-20,,TRUE,2026-08-14 09:45:23.291000 UTC,2026-08-28 09:03:45.350000 UTC,2026-08-28 10:37:45.350000 UTC
HS-067488,SHP-050870,active,,,,sea,fcl,EU Exp,CIF,,,1,2026-08-30,,,2026-08-06 11:22:20.570000 UTC,2026-09-11 08:46:49.539000 UTC,2026-09-11 11:15:49.539000 UTC
HS-028871,SHP-159270,active,,,,sea,fcl,EU Imp,FOB,,,2,2026-08-30,,,2026-07-30 07:34:36.960000 UTC,2026-09-18 05:08:59.797000 UTC,2026-09-18 07:16:59.797000 UTC
HS-029253,SHP-117668,canceled,,,,rail,lcl,EU Imp,FOB,,6.144,,2026-08-08,2026-07-31 07:26:00.289000 UTC,TRUE,2026-07-29 14:17:28.807000 UTC,2026-07-31 07:26:01.050000 UTC,2026-07-31 11:08:01.050000 UTC
HS-083046,SHP-020606,active,,,,sea,fcl,EU Imp,FOB,,,2,2026-09-05,,,2026-07-28 20:45:06.212000 UTC,2026-09-16 16:00:17.203000 UTC,2026-09-16 16:06:17.203000 UTC
HS-075379,SHP-148783,active,,,,sea,lcl,EU Imp,FOB,,11.2295,,2026-08-16,,,2026-07-23 11:36:12.194000 UTC,2026-09-16 12:30:15.378000 UTC,2026-09-16 13:21:15.378000 UTC
HS-022354,SHP-052805,completed,CBR-017517-0,CREF-000132,shipment,sea,fcl,EU Imp,CIF,,,2,2026-07-11,,TRUE,2026-07-15 14:42:51.653000 UTC,2026-07-28 09:07:22.926000 UTC,2026-07-28 11:49:22.926000 UTC
HS-070247,SHP-148237,completed,,,,air,lcl,EU Imp,FOB,1786,,,2026-07-14,,TRUE,2026-07-08 09:16:17.675000 UTC,2026-08-12 08:41:01.484000 UTC,2026-08-12 11:37:01.484000 UTC
HS-140800,SHP-035141,completed,,CREF-151909,,sea,lcl,EU Imp,FOB,,24.93,,2026-07-28,,TRUE,2026-07-03 13:33:43.621000 UTC,2026-09-07 14:51:18.551000 UTC,2026-09-07 16:40:18.551000 UTC
HS-177509,SHP-177550,completed,,,,sea,fcl,EU Exp,CFR,,,2,2026-07-21,,,2026-07-01 11:03:47.689000 UTC,2026-08-24 05:48:59.721000 UTC,2026-08-24 09:11:59.721000 UTC
HS-005489,SHP-110665,canceled,CBR-031202-0,CREF-068976,carrierConfirmed,sea,fcl,EU Exp,CFR,,,2,2026-07-22,2026-07-02 14:39:06.422000 UTC,TRUE,2026-06-26 11:31:13.797000 UTC,2026-07-02 14:39:10.295000 UTC,2026-07-02 15:48:10.295000 UTC
HS-132358,SHP-076143,completed,,CREF-002172,,sea,lcl,EU Imp,FOB,,4.3523,,2026-06-21,,TRUE,2026-06-05 13:13:38.575000 UTC,2026-09-01 13:14:21.264000 UTC,2026-09-01 16:13:21.264000 UTC
HS-159288,SHP-213425,completed,,,,rail,fcl,EU Imp,CFR,,,2,2026-05-12,,TRUE,2026-04-29 12:29:05.835000 UTC,2026-07-17 08:45:35.734000 UTC,2026-07-17 12:31:35.734000 UTC
HS-127850,SHP-114900,completed,BKG-022325,CREF-020825,carrierConfirmed,sea,fcl,EU Exp,CPT,,,2,2026-05-18,,TRUE,2026-04-23 11:38:19.997000 UTC,2026-07-14 11:45:33.955000 UTC,2026-07-14 14:46:33.955000 UTC
HS-137343,SHP-102682,completed,,CREF-127643,,sea,lcl,EU Imp,FOB,,2,,2026-05-07,,TRUE,2026-04-23 08:41:41.725000 UTC,2026-08-05 05:40:08.274000 UTC,2026-08-05 07:49:08.274000 UTC
HS-183416,SHP-047783,completed,,,,sea,fcl,EU Exp,FOB,,,8,2026-05-10,,,2026-04-21 09:35:19.531000 UTC,2026-06-29 06:44:16.597000 UTC,2026-06-29 07:18:16.597000 UTC
HS-214915,SHP-211603,canceled,BKG-027326,,carrierContacted,sea,fcl,EU Imp,FOB,,,4,2026-03-30,2026-03-25 08:27:37.201000 UTC,FALSE,2026-03-17 09:52:44.807000 UTC,2026-06-12 14:00:16.705000 UTC,2026-06-12 17:09:16.705000 UTC
HS-134846,SHP-192084,completed,,CREF-041840,,sea,lcl,EU Imp,FOB,,5.1091,,2026-03-22,,TRUE,2026-03-06 09:53:29.348000 UTC,2026-07-16 15:13:48.196000 UTC,2026-07-16 18:50:48.196000 UTC
HS-130199,SHP-088561,completed,,CREF-146811,,sea,fcl,EU Imp,FOB,,,4,2026-05-06,,TRUE,2026-02-25 16:19:07.544000 UTC,2026-06-24 16:39:02.200000 UTC,2026-06-24 18:20:02.200000 UTC
HS-067480,SHP-088148,completed,,CREF-076583,,sea,fcl,EU Imp,CIF,,,2,2026-02-23,,TRUE,2026-02-20 06:52:48.708000 UTC,2026-03-03 09:01:30.278000 UTC,2026-03-03 10:05:30.278000 UTC
HS-156168,SHP-110269,canceled,,CREF-125590,,sea,fcl,EU Exp,CFR,,,2,2026-02-06,2026-01-30 08:39:23.357000 UTC,TRUE,2026-01-28 18:13:53.883000 UTC,2026-01-30 08:39:24.413000 UTC,2026-01-30 11:00:24.413000 UTC
HS-082866,SHP-091061,canceled,,CREF-054588,,rail,lcl,CrossT,EXW,,2.5244,,2026-01-05,2026-03-03 16:33:54.059000 UTC,TRUE,2026-01-27 07:19:08.711000 UTC,2026-03-03 16:33:54.401000 UTC,2026-03-03 19:36:54.401000 UTC
HS-196778,SHP-154634,canceled,,CREF-154541,,sea,lcl,EU Imp,EXW,,3.5424,,2026-02-08,2026-01-29 07:11:50.458000 UTC,TRUE,2026-01-22 08:53:45.994000 UTC,2026-01-29 07:11:51.100000 UTC,2026-01-29 09:56:51.100000 UTC
HS-213486,SHP-106750,completed,,CREF-075124,,sea,fcl,EU Imp,CFR,,,2,2026-01-31,,TRUE,2025-12-22 05:03:29.881000 UTC,2026-04-13 04:51:49.716000 UTC,2026-04-13 07:32:49.716000 UTC
HS-126936,SHP-132000,active,,,,air,lcl,EU Imp,EXW,427.68,,,2026-09-18,,TRUE,2026-09-14 03:50:18.891000 UTC,2026-09-18 06:44:30.920000 UTC,2026-09-18 09:34:30.920000 UTC
HS-097547,SHP-079209,active,,,,sea,fcl,EU Imp,FOB,,,1,2026-10-03,,,2026-09-08 06:49:23.363000 UTC,2026-09-16 09:46:57.208000 UTC,2026-09-16 13:33:57.208000 UTC
HS-047611,SHP-061252,active,,,,air,lcl,EU Imp,FOB,150,,,2026-09-13,,TRUE,2026-09-07 10:59:01.737000 UTC,2026-09-18 08:41:57.052000 UTC,2026-09-18 10:15:57.052000 UTC
HS-204073,SHP-145373,active,,,,sea,fcl,EU Exp,CFR,,,2,2026-09-25,,,2026-09-03 13:46:15.150000 UTC,2026-09-18 11:59:57.673000 UTC,2026-09-18 14:07:57.673000 UTC
HS-001821,SHP-208084,active,,CREF-029237,,sea,lcl,EU Imp,FOB,,2.736,,2026-09-21,,TRUE,2026-09-01 12:55:00.582000 UTC,2026-09-03 09:35:17.841000 UTC,2026-09-03 13:03:17.841000 UTC
HS-163087,SHP-073874,completed,,,,rail,fcl,EU Imp,CFR,,,2,2026-08-05,,TRUE,2026-08-28 06:25:09.921000 UTC,2026-09-11 09:30:43.062000 UTC,2026-09-11 10:52:43.062000 UTC
HS-103008,SHP-116403,active,,CREF-115156,,sea,lcl,EU Imp,FOB,,2.2003,,2026-09-10,,TRUE,2026-08-11 11:57:40.300000 UTC,2026-09-14 14:19:27.554000 UTC,2026-09-14 17:30:27.554000 UTC
HS-156231,SHP-033394,active,,,,sea,fcl,EU Exp,DAP,,,2,2026-09-07,,,2026-08-10 08:45:11.161000 UTC,2026-09-17 22:00:04.316000 UTC,2026-09-18 00:02:04.316000 UTC
HS-071890,SHP-118160,completed,,,,air,lcl,CrossT,EXW,374,,,2026-08-07,,TRUE,2026-08-03 08:00:03.356000 UTC,2026-08-25 11:00:56.434000 UTC,2026-08-25 12:32:56.434000 UTC
HS-215143,SHP-179561,completed,,,,air,lcl,EU Imp,FOB,7083.09,,,2026-08-21,,TRUE,2026-07-27 12:39:30.143000 UTC,2026-08-30 15:16:44.300000 UTC,2026-08-30 15:51:44.300000 UTC
HS-185930,SHP-069985,active,,,,sea,fcl,EU Imp,FOB,,,2,2026-08-20,,,2026-07-27 07:33:15.964000 UTC,2026-09-18 05:09:45.454000 UTC,2026-09-18 05:26:45.454000 UTC
HS-092918,SHP-079865,canceled,,CREF-154541,,sea,lcl,EU Imp,FOB,,2.35,,2026-08-15,2026-08-05 14:28:00.204000 UTC,TRUE,2026-07-23 06:13:40.999000 UTC,2026-08-05 14:28:01.043000 UTC,2026-08-05 17:47:01.043000 UTC
HS-190482,SHP-049212,canceled,,,,sea,fcl,EU Exp,CFR,,,1,2026-08-14,2026-08-13 11:37:11.777000 UTC,,2026-07-22 12:21:13.506000 UTC,2026-08-13 11:37:15.728000 UTC,2026-08-13 14:44:15.728000 UTC
HS-119231,SHP-107407,completed,,,,air,lcl,EU Exp,EXW,372,,,2026-07-22,,TRUE,2026-07-15 12:56:12.665000 UTC,2026-08-17 06:56:07.908000 UTC,2026-08-17 08:22:07.908000 UTC
HS-181469,SHP-112386,completed,,,,sea,fcl,EU Exp,CFR,,,1,2026-07-18,,,2026-07-01 10:55:33.820000 UTC,2026-08-17 09:22:10.116000 UTC,2026-08-17 10:04:10.116000 UTC
HS-129142,SHP-056237,completed,,CREF-143615,,rail,lcl,EU Imp,FCA_T,,2.1,,2026-07-15,,TRUE,2026-06-30 14:47:52.830000 UTC,2026-08-17 09:37:53.718000 UTC,2026-08-17 12:01:53.718000 UTC
HS-170009,SHP-055635,completed,,CREF-031388,,sea,lcl,EU Imp,EXW,,0.7747,,2026-06-13,,TRUE,2026-05-22 10:11:39.823000 UTC,2026-08-06 15:05:08.187000 UTC,2026-08-06 16:22:08.187000 UTC
HS-071963,SHP-127894,completed,,,,sea,fcl,EU Exp,CFR,,,2,2026-06-20,,,2026-05-20 07:47:31.456000 UTC,2026-08-20 01:00:11.366000 UTC,2026-08-20 02:01:11.366000 UTC
HS-198569,SHP-183280,completed,,CREF-149339,,sea,lcl,EU Imp,EXW,,1.8596,,2026-06-13,,TRUE,2026-05-18 08:58:10.962000 UTC,2026-08-12 06:14:30.471000 UTC,2026-08-12 06:55:30.471000 UTC
HS-037062,SHP-101722,completed,,,,sea,fcl,EU Exp,CFR,,,4,2026-06-21,,,2026-05-08 11:28:20.988000 UTC,2026-08-18 11:46:25.678000 UTC,2026-08-18 13:06:25.678000 UTC
HS-155310,SHP-076775,completed,,,,air,lcl,EU Exp,CPT,1586.27,,,2026-05-09,,TRUE,2026-05-06 11:12:31.277000 UTC,2026-07-15 08:41:06.111000 UTC,2026-07-15 10:08:06.111000 UTC
HS-054980,SHP-210715,completed,CBR-024146-0,CREF-063413,shipment,sea,fcl,EU Exp,FCA_LW,,,10,2026-06-02,,TRUE,2026-05-05 07:07:24.329000 UTC,2026-07-17 05:58:28.272000 UTC,2026-07-17 09:47:28.272000 UTC
HS-046083,SHP-065520,completed,,CREF-081818,,sea,lcl,EU Imp,FOB,,2.66,,2026-05-25,,TRUE,2026-04-30 11:50:23.763000 UTC,2026-07-22 11:42:07.415000 UTC,2026-07-22 15:01:07.415000 UTC
HS-023244,SHP-013033,completed,,CREF-054898,,sea,lcl,EU Imp,FOB,,14.2001,,2026-04-13,,TRUE,2026-03-27 14:58:03.435000 UTC,2026-06-19 12:35:06.979000 UTC,2026-06-19 15:21:06.979000 UTC
HS-060758,SHP-165709,completed,,CREF-121011,,sea,lcl,EU Imp,FOB,,1.56,,2026-04-08,,TRUE,2026-03-27 08:19:49.597000 UTC,2026-06-03 09:26:39.472000 UTC,2026-06-03 13:14:39.472000 UTC
HS-061011,SHP-117659,canceled,BKG-009080,,authorized,sea,fcl,EU Imp,FOB,,,1,2026-04-02,2026-03-30 08:46:01.635000 UTC,FALSE,2026-03-24 12:27:22.583000 UTC,2026-06-12 14:01:58.577000 UTC,2026-06-12 14:43:58.577000 UTC
HS-168168,SHP-189772,canceled,,,,sea,fcl,EU Exp,EXW,,,1,2026-02-28,2026-05-07 07:43:54.151000 UTC,TRUE,2026-02-24 13:49:08.296000 UTC,2026-05-07 07:43:54.904000 UTC,2026-05-07 11:21:54.904000 UTC
HS-053782,SHP-133854,completed,,CREF-154143,,sea,fcl,EU Imp,CFR,,,8,2026-01-07,,TRUE,2026-01-15 13:23:50.303000 UTC,2026-01-23 10:35:08.545000 UTC,2026-01-23 11:36:08.545000 UTC
HS-175349,SHP-152537,completed,CBR-026564-0,CREF-071433,shipment,sea,fcl,EU Exp,CIF,,,2,2026-02-15,,TRUE,2026-01-02 14:29:51.411000 UTC,2026-03-22 15:33:37.805000 UTC,2026-03-22 19:11:37.805000 UTC
HS-128903,SHP-084844,completed,BKG-030312,CREF-150771,carrierConfirmed,sea,fcl,EU Imp,FOB,,,1,2026-01-10,,TRUE,2025-12-30 08:58:37.356000 UTC,2026-02-27 04:11:12.246000 UTC,2026-02-27 07:07:12.246000 UTC
HS-079520,SHP-133370,completed,,CREF-002089,,rail,lcl,EU Imp,FOB,,6.57,,2026-01-06,,TRUE,2025-12-12 08:16:09.154000 UTC,2026-03-05 13:07:34.975000 UTC,2026-03-05 16:42:34.975000 UTC
HS-060850,SHP-120566,active,,,,sea,fcl,EU Exp,FOB,,,2,2026-09-29,,,2026-09-07 10:36:53.237000 UTC,2026-09-11 07:47:00.506000 UTC,2026-09-11 09:06:00.506000 UTC
HS-132066,SHP-203417,active,,,,sea,fcl,EU Imp,FOB,,,2,2026-09-27,,,2026-09-04 08:59:30.747000 UTC,2026-09-17 19:01:37.023000 UTC,2026-09-17 20:41:37.023000 UTC
HS-073464,SHP-130503,active,,,,sea,fcl,EU Exp,CFR,,,48,2026-09-27,,,2026-09-04 06:23:06.936000 UTC,2026-09-18 14:08:16.744000 UTC,2026-09-18 18:06:16.744000 UTC
HS-152201,SHP-210319,completed,,,,sea,lcl,CrossT,FOB,,1.4422,,2026-08-22,,TRUE,2026-08-20 03:16:35.468000 UTC,2026-09-07 07:40:15.253000 UTC,2026-09-07 08:24:15.253000 UTC
HS-002148,SHP-215627,active,,,,sea,fcl,EU Imp,FOB,,,1,2026-09-12,,,2026-08-11 09:13:40.513000 UTC,2026-09-18 09:12:18.210000 UTC,2026-09-18 10:03:18.210000 UTC
HS-139989,SHP-126755,active,,,,sea,fcl,CrossT,CFR,,,4,2026-08-29,,,2026-08-07 11:36:11.120000 UTC,2026-09-18 14:10:38.739000 UTC,2026-09-18 16:23:38.739000 UTC
HS-032982,SHP-008912,active,,,,sea,fcl,EU Imp,FOB,,,2,2026-09-16,,,2026-08-06 08:21:35.583000 UTC,2026-09-17 05:25:52.801000 UTC,2026-09-17 09:01:52.801000 UTC
HS-177790,SHP-210396,completed,,,,rail,fcl,EU Imp,CFR,,,2,2026-08-01,,TRUE,2026-08-05 08:40:09.070000 UTC,2026-09-03 12:42:47.199000 UTC,2026-09-03 12:47:47.199000 UTC
HS-154954,SHP-026853,completed,,CREF-007772,,rail,lcl,CrossT,EXW,,0.57,,2026-07-30,,TRUE,2026-07-22 14:35:26.358000 UTC,2026-08-18 11:06:33.984000 UTC,2026-08-18 13:03:33.984000 UTC
HS-173095,SHP-168246,active,,,,sea,fcl,EU Imp,FOB,,,1,2026-08-30,,,2026-07-16 08:41:00.877000 UTC,2026-09-12 16:00:22.695000 UTC,2026-09-12 17:06:22.695000 UTC
HS-057776,SHP-181772,completed,,CREF-107154,,rail,lcl,EU Imp,EXW,,0.46,,2026-07-31,,TRUE,2026-07-14 12:58:46.639000 UTC,2026-08-31 12:48:37.252000 UTC,2026-08-31 14:56:37.252000 UTC
HS-007073,SHP-077568,completed,,,,air,lcl,EU Imp,FOB,254,,,2026-07-16,,TRUE,2026-07-09 09:13:00.274000 UTC,2026-08-04 08:06:53.449000 UTC,2026-08-04 08:31:53.449000 UTC
HS-060263,SHP-204206,completed,,,,air,lcl,EU Imp,CPT,178,,,2026-07-12,,TRUE,2026-07-08 13:28:56.913000 UTC,2026-08-04 08:06:44.221000 UTC,2026-08-04 08:50:44.221000 UTC
HS-146855,SHP-112779,active,,,,sea,fcl,EU Imp,FOB,,,2,2026-08-12,,,2026-06-15 16:15:58.669000 UTC,2026-09-04 04:15:43.457000 UTC,2026-09-04 07:55:43.457000 UTC
HS-104040,SHP-090949,completed,,CREF-104144,,rail,lcl,EU Imp,FOB,,0.1656,,2026-06-24,,TRUE,2026-06-10 11:49:40.474000 UTC,2026-08-03 14:37:13.630000 UTC,2026-08-03 15:08:13.630000 UTC
HS-013132,SHP-156908,active,,,,sea,fcl,EU Exp,CFR,,,20,2026-07-04,,,2026-06-04 15:11:28.968000 UTC,2026-09-17 17:00:34.124000 UTC,2026-09-17 19:32:34.124000 UTC
HS-078180,SHP-131503,active,,,,sea,fcl,EU Imp,FOB,,,2,2026-06-20,,,2026-06-01 08:29:57.232000 UTC,2026-08-18 23:59:25.665000 UTC,2026-08-19 03:11:25.665000 UTC
HS-088384,SHP-126499,completed,,,,air,lcl,EU Imp,DAP,198.9,,,2026-06-10,,TRUE,2026-05-28 09:00:24.323000 UTC,2026-07-13 07:53:41.801000 UTC,2026-07-13 10:23:41.801000 UTC
HS-032255,SHP-184506,completed,,CREF-038966,,sea,lcl,EU Imp,FOB,,7.9204,,2026-06-14,,TRUE,2026-05-27 09:00:35.653000 UTC,2026-08-31 06:42:01.555000 UTC,2026-08-31 10:17:01.555000 UTC
HS-089312,SHP-102671,completed,,CREF-009474,,rail,lcl,EU Imp,FOB,,1.4995,,2026-06-11,,TRUE,2026-05-20 11:31:00.703000 UTC,2026-08-11 08:40:38.926000 UTC,2026-08-11 09:05:38.926000 UTC
HS-208499,SHP-045218,completed,BKG-002397,CREF-090466,authorized,sea,fcl,EU Imp,CIF,,,2,2026-05-05,,TRUE,2026-05-06 07:30:17.399000 UTC,2026-05-12 13:56:50.885000 UTC,2026-05-12 17:55:50.885000 UTC
HS-197680,SHP-020937,completed,,CREF-046192,,rail,lcl,EU Imp,EXW,,19.8278,,2026-04-30,,TRUE,2026-04-16 14:21:27.900000 UTC,2026-06-16 10:32:49.713000 UTC,2026-06-16 14:00:49.713000 UTC
HS-010734,SHP-154792,canceled,BKG-002466,CREF-078153,carrierContacted,sea,fcl,EU Exp,CFR,,,4,2026-04-16,2026-04-09 08:35:59.461000 UTC,FALSE,2026-04-08 09:05:52.011000 UTC,2026-07-14 11:45:16.473000 UTC,2026-07-14 14:53:16.473000 UTC
HS-186570,SHP-011232,completed,,CREF-162295,,rail,lcl,EU Imp,EXW,,0.7796,,2026-04-08,,TRUE,2026-03-27 09:09:38.528000 UTC,2026-05-29 10:05:06.544000 UTC,2026-05-29 11:48:06.544000 UTC
HS-190477,SHP-150521,completed,,CREF-077223,,sea,fcl,EU Exp,CFR,,,8,2026-04-05,,TRUE,2026-03-26 08:56:36.223000 UTC,2026-04-24 16:31:53.082000 UTC,2026-04-24 19:52:53.082000 UTC
HS-049133,SHP-184372,completed,,CREF-067380,,sea,lcl,EU Imp,FOB,,5.0399,,2026-03-29,,TRUE,2026-03-05 09:15:16.145000 UTC,2026-07-06 08:33:26.795000 UTC,2026-07-06 08:53:26.795000 UTC
HS-119973,SHP-097452,completed,,,,air,lcl,EU Imp,EXW,347,,,2026-02-13,,TRUE,2026-02-05 11:40:15.729000 UTC,2026-03-03 15:46:00.222000 UTC,2026-03-03 17:18:00.222000 UTC
HS-200945,SHP-019652,canceled,,,,rail,lcl,CrossT,FOB,,7.68,,2026-02-13,2026-01-27 13:39:39.381000 UTC,TRUE,2026-01-22 09:05:30.250000 UTC,2026-01-27 13:39:39.858000 UTC,2026-01-27 15:06:39.858000 UTC
HS-165011,SHP-091976,completed,BKG-025223,CREF-156899,carrierConfirmed,sea,fcl,EU Imp,FOB,,,1,2026-02-01,,TRUE,2026-01-21 10:56:35.189000 UTC,2026-04-29 08:47:36.851000 UTC,2026-04-29 09:45:36.851000 UTC
HS-172350,SHP-110577,completed,,CREF-006786,,sea,fcl,EU Imp,CIF,,,2,2026-01-19,,TRUE,2026-01-21 05:51:12.554000 UTC,2026-02-17 14:35:04.392000 UTC,2026-02-17 17:15:04.392000 UTC
HS-182405,SHP-073929,completed,BKG-005751,CREF-022784,carrierConfirmed,sea,fcl,EU Imp,FOB,,,2,2026-01-27,,TRUE,2026-01-13 10:29:45.958000 UTC,2026-04-03 07:08:59.308000 UTC,2026-04-03 10:07:59.308000 UTC
HS-220046,SHP-053087,completed,,CREF-115493,,sea,lcl,EU Imp,FOB,,3.83,,2026-01-07,,TRUE,2026-01-06 08:12:35.240000 UTC,2026-02-27 09:56:28.496000 UTC,2026-02-27 12:09:28.496000 UTC
HS-093167,SHP-028989,completed,BKG-018900,CREF-053867,carrierConfirmed,sea,fcl,EU Imp,FOB,,,1,2026-01-09,,TRUE,2025-12-30 08:20:46.943000 UTC,2026-02-26 23:08:06.533000 UTC,2026-02-27 01:39:06.533000 UTC
HS-210504,SHP-013212,completed,BKG-009721,CREF-073506,carrierConfirmed,sea,fcl,EU Imp,FOB,,,2,2026-01-11,,TRUE,2025-12-29 08:04:59.573000 UTC,2026-03-26 12:16:25.007000 UTC,2026-03-26 14:31:25.007000 UTC
HS-042672,SHP-015300,canceled,,CREF-054588,,rail,lcl,CrossT,EXW,,3.9602,,2026-01-05,2026-02-02 12:11:10.129000 UTC,TRUE,2025-12-29 07:12:05.690000 UTC,2026-02-02 12:11:10.536000 UTC,2026-02-02 13:46:10.536000 UTC
HS-149855,SHP-209556,completed,BKG-000543,CREF-122647,carrierConfirmed,sea,fcl,EU Imp,FOB,,,2,2026-01-13,,TRUE,2025-12-29 06:49:57.519000 UTC,2026-04-03 10:52:46.083000 UTC,2026-04-03 12:58:46.083000 UTC
HS-005170,SHP-188334,canceled,CBR-009202-0,CREF-072578,shipment,sea,fcl,EU Exp,CFR,,,2,2026-01-09,2025-12-17 10:44:19.970000 UTC,TRUE,2025-11-11 15:17:46.923000 UTC,2025-12-17 10:44:20.501000 UTC,2025-12-17 13:24:20.501000 UTC
HS-020088,SHP-095073,active,,,,air,lcl,EU Imp,EXW,87,,,2026-09-20,,TRUE,2026-09-15 13:30:24.538000 UTC,2026-09-18 06:16:01.443000 UTC,2026-09-18 09:32:01.443000 UTC
HS-164335,SHP-054058,canceled,CBR-015190-0,,shipment,sea,fcl,EU Imp,CFR,,,2,2026-08-17,2026-09-09 08:20:38.086000 UTC,TRUE,2026-09-09 08:16:01.899000 UTC,2026-09-09 08:20:43.379000 UTC,2026-09-09 11:46:43.379000 UTC
HS-057460,SHP-152053,active,,,,air,lcl,EU Imp,EXW,647.25,,,2026-08-29,,TRUE,2026-08-26 05:34:32.412000 UTC,2026-09-16 06:37:37.771000 UTC,2026-09-16 09:18:37.771000 UTC
HS-075359,SHP-118012,active,CBR-002299-0,CREF-034640,carrierConfirmed,sea,fcl,EU Imp,FOB,,,9,2026-10-01,,TRUE,2026-08-18 15:45:23.373000 UTC,2026-09-15 08:16:08.165000 UTC,2026-09-15 09:34:08.165000 UTC
HS-038436,SHP-051602,active,,,,sea,fcl,EU Exp,CFR,,,6,2026-09-14,,,2026-08-17 07:58:57.713000 UTC,2026-09-18 14:06:38.373000 UTC,2026-09-18 14:45:38.373000 UTC
HS-034957,SHP-004149,active,,,,sea,fcl,EU Imp,FOB,,,1,2026-09-18,,,2026-08-12 10:04:06.626000 UTC,2026-09-18 12:12:04.068000 UTC,2026-09-18 13:13:04.068000 UTC
HS-161673,SHP-217440,active,,,,sea,fcl,EU Exp,CFR,,,2,2026-08-25,,,2026-08-10 10:48:08.729000 UTC,2026-09-17 22:00:10.104000 UTC,2026-09-18 00:43:10.104000 UTC
HS-063053,SHP-051037,active,,CREF-119352,,sea,lcl,EU Imp,FOB,,12.6516,,2026-08-16,,TRUE,2026-08-03 09:32:43.190000 UTC,2026-08-16 01:23:55.084000 UTC,2026-08-16 01:42:55.084000 UTC
HS-138376,SHP-216468,canceled,,,,rail,lcl,EU Imp,EXW,,29.0632,,2026-08-26,2026-08-31 08:22:51.217000 UTC,TRUE,2026-07-27 07:59:24.598000 UTC,2026-08-31 08:22:51.950000 UTC,2026-08-31 10:33:51.950000 UTC
HS-074615,SHP-159396,active,,,,sea,fcl,EU Exp,CIF,,,2,2026-08-21,,,2026-07-27 06:29:21.308000 UTC,2026-09-14 17:58:34.800000 UTC,2026-09-14 19:24:34.800000 UTC
HS-143592,SHP-179871,active,CBR-013403-0,CREF-139531,carrierConfirmed,sea,fcl,EU Exp,CFR,,,1,2026-08-16,,TRUE,2026-07-20 13:57:49.022000 UTC,2026-09-18 13:24:13.955000 UTC,2026-09-18 16:07:13.955000 UTC
HS-037259,SHP-025599,active,BKG-029345,CREF-134941,carrierConfirmed,sea,fcl,EU Imp,FOB,,,2,2026-07-27,,TRUE,2026-07-09 07:51:01.177000 UTC,2026-09-18 12:04:59.858000 UTC,2026-09-18 14:59:59.858000 UTC
HS-184583,SHP-089871,active,,,,sea,fcl,EU Imp,FOB,,,2,2026-08-15,,,2026-07-03 08:27:06.212000 UTC,2026-09-01 06:18:24.244000 UTC,2026-09-01 07:55:24.244000 UTC
HS-010473,SHP-010693,canceled,CBR-031931-0,,carrierContacted,sea,fcl,EU Exp,DAP,,,12,2026-07-13,2026-07-02 11:19:00.832000 UTC,TRUE,2026-07-02 08:04:20.508000 UTC,2026-07-02 11:19:09.571000 UTC,2026-07-02 12:30:09.571000 UTC
HS-169671,SHP-009864,completed,,CREF-091824,,sea,lcl,EU Imp,FOB,,3.805,,2026-07-07,,TRUE,2026-06-10 12:34:13.355000 UTC,2026-08-31 17:56:28.882000 UTC,2026-08-31 21:19:28.882000 UTC
HS-018736,SHP-035540,completed,,,,sea,fcl,EU Exp,CFR,,,2,2026-06-16,,,2026-05-28 06:32:12.036000 UTC,2026-07-13 08:56:50.275000 UTC,2026-07-13 12:46:50.275000 UTC
HS-126007,SHP-167827,completed,,,,air,lcl,EU Imp,EXW,704,,,2026-06-03,,TRUE,2026-05-26 14:10:00.873000 UTC,2026-06-29 15:05:27.687000 UTC,2026-06-29 18:27:27.687000 UTC
HS-091333,SHP-119774,completed,,,,sea,fcl,EU Exp,DAP,,,12,2026-06-16,,,2026-05-21 09:36:06.309000 UTC,2026-08-13 08:41:20.003000 UTC,2026-08-13 10:09:20.003000 UTC
HS-018099,SHP-132156,completed,BKG-004366,CREF-084021,carrierConfirmed,sea,fcl,EU Imp,FOB,,,1,2026-06-15,,TRUE,2026-05-19 07:12:46.899000 UTC,2026-08-13 15:17:11.480000 UTC,2026-08-13 16:13:11.480000 UTC
HS-146243,SHP-026688,completed,,CREF-109003,,sea,lcl,EU Imp,FOB,,2.5699,,2026-06-07,,TRUE,2026-05-15 14:25:09.824000 UTC,2026-08-05 08:27:20.557000 UTC,2026-08-05 10:11:20.557000 UTC
HS-145076,SHP-118921,completed,,,,rail,fcl,EU Imp,CFR,,,2,2026-04-01,,TRUE,2026-04-21 01:07:03.880000 UTC,2026-05-26 12:05:01.636000 UTC,2026-05-26 12:44:01.636000 UTC
HS-045839,SHP-093863,completed,,,,air,lcl,CrossT,EXW,166.06,,,2026-04-20,,TRUE,2026-04-14 15:06:48.195000 UTC,2026-06-03 10:28:20.917000 UTC,2026-06-03 11:21:20.917000 UTC
HS-024368,SHP-167564,completed,,CREF-027613,,rail,lcl,EU Imp,FOB,,2.592,,2026-04-04,,TRUE,2026-03-24 12:03:05.792000 UTC,2026-06-02 16:33:56.926000 UTC,2026-06-02 18:46:56.926000 UTC
HS-202992,SHP-003957,completed,,,,air,lcl,EU Imp,FOB,789,,,2026-03-28,,TRUE,2026-03-23 09:17:41.729000 UTC,2026-05-06 08:33:10.391000 UTC,2026-05-06 11:02:10.391000 UTC
HS-192239,SHP-037704,completed,BKG-009298,CREF-076265,carrierConfirmed,sea,fcl,EU Imp,FOB,,,4,2026-03-30,,TRUE,2026-03-12 08:12:50.057000 UTC,2026-05-22 12:28:29.215000 UTC,2026-05-22 13:01:29.215000 UTC
HS-219219,SHP-090490,canceled,,,,rail,fcl,EU Imp,FOB,,,2,2026-03-17,2026-03-11 11:31:03.940000 UTC,TRUE,2026-03-05 11:34:20.188000 UTC,2026-03-11 11:31:04.657000 UTC,2026-03-11 14:25:04.657000 UTC
HS-140897,SHP-172103,canceled,CBR-000576-0,CREF-137196,shipment,sea,fcl,EU Exp,CFR,,,2,2026-04-05,2026-03-23 07:22:50.389000 UTC,FALSE,2026-02-26 10:44:47.268000 UTC,2026-03-23 07:22:51.647000 UTC,2026-03-23 10:32:51.647000 UTC
HS-069488,SHP-186878,completed,,CREF-016000,,sea,lcl,EU Imp,FOB,,0.576,,2026-01-04,,TRUE,2025-12-16 07:57:40.444000 UTC,2026-03-06 06:30:43.809000 UTC,2026-03-06 07:12:43.809000 UTC
HS-170637,SHP-223790,completed,,,,air,lcl,EU Exp,EXW,280,,,2026-01-15,,TRUE,2025-12-03 11:34:18.017000 UTC,2026-03-12 11:22:18.798000 UTC,2026-03-12 12:32:18.798000 UTC
HS-002019,SHP-048643,active,,,,rail,fcl,EU Imp,FOB,,,2,2026-09-22,,TRUE,2026-09-08 12:11:07.959000 UTC,2026-09-11 09:52:23.404000 UTC,2026-09-11 12:10:23.404000 UTC
HS-106532,SHP-098911,active,,,,sea,lcl,EU Imp,FOB,,4.96,,2026-10-02,,TRUE,2026-09-01 07:44:14.757000 UTC,2026-09-16 06:15:26.619000 UTC,2026-09-16 08:38:26.619000 UTC
HS-217766,SHP-176668,active,,,,sea,fcl,EU Exp,CFR,,,40,2026-09-27,,,2026-08-26 13:15:11.567000 UTC,2026-09-18 14:09:01.087000 UTC,2026-09-18 16:32:01.087000 UTC
HS-211605,SHP-069550,active,,CREF-073263,,sea,lcl,EU Imp,FOB,,1.6995,,2026-08-31,,TRUE,2026-08-10 11:45:32.285000 UTC,2026-09-17 08:13:32.492000 UTC,2026-09-17 08:30:32.492000 UTC
HS-089903,SHP-152048,canceled,CBR-002771-0,,shipment,sea,fcl,EU Imp,FOB,,,1,2026-08-17,2026-08-11 08:21:53.134000 UTC,FALSE,2026-08-10 08:53:58.954000 UTC,2026-08-11 08:21:57.583000 UTC,2026-08-11 09:12:57.583000 UTC
HS-167180,SHP-175865,completed,,,,air,lcl,EU Imp,EXW,432,,,2026-08-22,,TRUE,2026-08-10 08:40:24.220000 UTC,2026-08-28 09:04:52.593000 UTC,2026-08-28 09:24:52.593000 UTC
HS-120047,SHP-136646,active,CBR-002234-0,CREF-147225,carrierConfirmed,sea,fcl,EU Imp,FOB,,,2,2026-08-20,,TRUE,2026-07-31 11:46:54.650000 UTC,2026-09-14 06:41:29.090000 UTC,2026-09-14 08:08:29.090000 UTC
HS-011391,SHP-042960,active,,,,sea,fcl,EU Exp,CFR,,,20,2026-08-15,,,2026-07-31 06:16:03.215000 UTC,2026-09-18 14:08:35.973000 UTC,2026-09-18 14:34:35.973000 UTC
HS-090177,SHP-019294,canceled,,CREF-154541,,sea,lcl,EU Imp,FOB,,16.1719,,2026-09-08,2026-08-14 06:45:01.165000 UTC,TRUE,2026-07-29 13:47:38.564000 UTC,2026-08-14 06:45:02.150000 UTC,2026-08-14 10:44:02.150000 UTC
HS-159814,SHP-095667,active,,,,sea,fcl,EU Exp,FOB,,,2,2026-08-21,,,2026-07-28 12:45:23.276000 UTC,2026-09-12 11:50:19.154000 UTC,2026-09-12 14:25:19.154000 UTC
HS-101046,SHP-057771,active,,CREF-132377,,rail,lcl,EU Imp,FCA_T,,1.38,,2026-08-25,,TRUE,2026-07-27 09:55:36.148000 UTC,2026-09-18 07:54:39.611000 UTC,2026-09-18 10:06:39.611000 UTC
HS-045123,SHP-085304,active,,,,sea,fcl,EU Imp,FOB,,,2,2026-08-26,,,2026-07-14 15:26:01.764000 UTC,2026-09-14 06:00:08.419000 UTC,2026-09-14 09:11:08.419000 UTC
HS-015307,SHP-148262,completed,BKG-031521,CREF-053209,authorized,sea,fcl,EU Imp,CFR,,,2,2026-08-26,,TRUE,2026-06-30 16:58:39.162000 UTC,2026-09-16 13:05:25.517000 UTC,2026-09-16 15:36:25.517000 UTC
HS-064334,SHP-197268,completed,,,,sea,fcl,EU Exp,CFR,,,1,2026-06-20,,,2026-06-03 10:40:24.052000 UTC,2026-08-17 09:17:44.481000 UTC,2026-08-17 11:12:44.481000 UTC
HS-201485,SHP-070565,completed,,,,air,lcl,EU Imp,EXW,336.2,,,2026-06-10,,TRUE,2026-06-03 09:14:41.398000 UTC,2026-06-30 09:29:18.475000 UTC,2026-06-30 12:47:18.475000 UTC
HS-102886,SHP-127037,canceled,,CREF-154541,,rail,lcl,EU Imp,FOB,,13.0334,,2026-06-27,2026-06-12 07:29:14.154000 UTC,TRUE,2026-06-02 14:23:24.733000 UTC,2026-06-12 07:29:14.507000 UTC,2026-06-12 07:37:14.507000 UTC
HS-207611,SHP-193336,completed,,,,air,lcl,EU Imp,EXW,742,,,2026-06-08,,TRUE,2026-05-29 13:11:45.436000 UTC,2026-06-29 15:01:34.110000 UTC,2026-06-29 18:03:34.110000 UTC
HS-030396,SHP-159326,completed,,,,sea,fcl,EU Exp,CFR,,,2,2026-07-05,,,2026-05-29 09:17:12.783000 UTC,2026-08-10 11:42:57.801000 UTC,2026-08-10 15:25:57.801000 UTC
HS-046012,SHP-074581,completed,,,,air,lcl,EU Imp,EXW,94,,,2026-06-02,,TRUE,2026-05-28 09:24:19.050000 UTC,2026-06-29 09:19:08.496000 UTC,2026-06-29 10:04:08.496000 UTC
HS-166064,SHP-110935,completed,BKG-030758,CREF-153627,carrierConfirmed,sea,fcl,EU Imp,FOB,,,2,2026-06-17,,TRUE,2026-05-07 09:23:48.346000 UTC,2026-09-11 01:10:43.854000 UTC,2026-09-11 01:49:43.854000 UTC
HS-023623,SHP-124197,completed,,,,air,lcl,EU Imp,EXW,158.98,,,2026-05-09,,TRUE,2026-05-04 13:42:47.206000 UTC,2026-06-10 11:53:35.937000 UTC,2026-06-10 13:01:35.937000 UTC
HS-216831,SHP-017480,completed,BKG-022675,CREF-164594,authorized,sea,fcl,EU Imp,CFR,,,2,2026-06-21,,TRUE,2026-05-04 10:41:57.435000 UTC,2026-06-26 10:06:35.078000 UTC,2026-06-26 12:22:35.078000 UTC
HS-105437,SHP-213458,completed,,CREF-081026,,sea,lcl,EU Imp,FOB,,3.7562,,2026-06-07,,TRUE,2026-04-29 11:44:05.994000 UTC,2026-08-19 11:13:12.565000 UTC,2026-08-19 13:02:12.565000 UTC
HS-011093,SHP-171438,completed,,CREF-055145,,sea,lcl,EU Imp,FCA_T,,9.504,,2026-05-23,,TRUE,2026-04-29 11:24:24.673000 UTC,2026-08-11 15:28:58.955000 UTC,2026-08-11 16:24:58.955000 UTC
HS-045650,SHP-027485,completed,BKG-017355,CREF-100174,carrierConfirmed,sea,fcl,EU Imp,FOB,,,1,2026-05-07,,TRUE,2026-04-23 07:38:07.321000 UTC,2026-08-27 18:24:13.084000 UTC,2026-08-27 22:09:13.084000 UTC
HS-050998,SHP-150476,completed,,CREF-097212,,sea,fcl,EU Exp,CFR,,,32,2026-05-03,,TRUE,2026-04-07 12:04:43.506000 UTC,2026-07-03 07:52:23.425000 UTC,2026-07-03 08:25:23.425000 UTC
HS-137524,SHP-079011,completed,,CREF-104694,,rail,lcl,EU Imp,EXW,,1.5996,,2026-04-19,,TRUE,2026-04-01 10:28:20.144000 UTC,2026-05-28 12:09:05.337000 UTC,2026-05-28 16:05:05.337000 UTC
HS-138836,SHP-015689,canceled,BKG-028511,,nominated,sea,fcl,EU Imp,FOB,,,3,2026-04-10,2026-03-31 07:38:01.644000 UTC,FALSE,2026-03-23 14:30:05.263000 UTC,2026-06-12 14:01:47.604000 UTC,2026-06-12 14:48:47.604000 UTC
HS-064711,SHP-115532,completed,BKG-010378,CREF-144651,carrierConfirmed,sea,fcl,EU Imp,FOB,,,2,2026-03-20,,TRUE,2026-03-09 09:10:55.617000 UTC,2026-05-19 12:49:55.244000 UTC,2026-05-19 16:09:55.244000 UTC
HS-005510,SHP-056670,completed,,CREF-039615,,sea,fcl,EU Exp,CFR,,,104,2026-01-03,,TRUE,2026-01-27 17:54:01.865000 UTC,2026-01-28 08:48:32.529000 UTC,2026-01-28 10:29:32.529000 UTC
HS-223469,SHP-157313,completed,BKG-017397,CREF-029603,carrierConfirmed,sea,fcl,EU Imp,FOB,,,2,2026-03-03,,TRUE,2026-01-21 07:41:12.246000 UTC,2026-04-22 11:47:55.824000 UTC,2026-04-22 15:14:55.824000 UTC
HS-182055,SHP-125902,closed,BKG-021772,CREF-160747,carrierConfirmed,sea,fcl,EU Imp,FOB,,,2,2026-02-02,,TRUE,2026-01-20 11:51:10.550000 UTC,2026-08-06 12:14:12.812000 UTC,2026-08-06 12:52:12.812000 UTC
HS-166034,SHP-222354,completed,,CREF-009150,,sea,lcl,EU Imp,FOB,,10.5005,,2026-01-15,,TRUE,2025-12-18 14:07:50.793000 UTC,2026-03-19 15:13:00.430000 UTC,2026-03-19 16:34:00.430000 UTC
HS-095611,SHP-117003,completed,,CREF-082071,,sea,lcl,EU Imp,FOB,,2.8971,,2026-01-02,,TRUE,2025-12-12 15:46:06.103000 UTC,2026-05-06 07:15:44.458000 UTC,2026-05-06 10:38:44.458000 UTC
HS-185386,SHP-046555,completed,,CREF-043092,,sea,lcl,EU Imp,FOB,,3.552,,2026-01-03,,TRUE,2025-12-08 12:52:58.698000 UTC,2026-03-05 09:12:46.259000 UTC,2026-03-05 13:10:46.259000 UTC
HS-056537,SHP-119473,active,,,,air,lcl,EU Exp,EXW,150,,,2026-09-22,,TRUE,2026-09-17 08:52:11.060000 UTC,2026-09-17 09:10:17.480000 UTC,2026-09-17 09:32:17.480000 UTC
HS-074482,SHP-161632,active,,,,air,lcl,EU Imp,CPT,1046,,,2026-09-10,,TRUE,2026-09-03 17:31:31.657000 UTC,2026-09-14 09:57:34.594000 UTC,2026-09-14 10:29:34.594000 UTC
HS-105291,SHP-140126,active,,,,sea,fcl,EU Exp,CFR,,,2,2026-09-08,,,2026-09-02 09:28:11.981000 UTC,2026-09-17 19:00:07.222000 UTC,2026-09-17 22:07:07.222000 UTC
HS-021381,SHP-100095,active,,,,sea,fcl,EU Imp,FOB,,,1,2026-09-26,,,2026-09-01 07:36:49.656000 UTC,2026-09-02 06:05:08.195000 UTC,2026-09-02 07:45:08.195000 UTC
HS-066441,SHP-023700,active,,,,sea,fcl,EU Imp,FOB,,,2,2026-09-30,,,2026-08-28 08:49:01.880000 UTC,2026-09-11 01:09:07.331000 UTC,2026-09-11 03:26:07.331000 UTC
HS-198917,SHP-143971,active,,CREF-109673,,sea,lcl,EU Imp,FOB,,5.5758,,2026-09-09,,TRUE,2026-08-12 12:21:26.921000 UTC,2026-09-16 10:13:18.071000 UTC,2026-09-16 12:58:18.071000 UTC
HS-112278,SHP-133856,completed,,CREF-086001,,rail,lcl,EU Imp,DAP,,1.2038,,2026-08-13,,TRUE,2026-08-07 09:49:25.410000 UTC,2026-09-11 10:25:14.265000 UTC,2026-09-11 12:18:14.265000 UTC
HS-113846,SHP-215072,completed,,,,rail,fcl,EU Imp,CFR,,,2,2026-08-01,,TRUE,2026-08-05 08:42:25.366000 UTC,2026-09-02 11:56:07.189000 UTC,2026-09-02 15:48:07.189000 UTC
HS-123420,SHP-095598,active,,,,sea,fcl,EU Imp,FOB,,,2,2026-08-30,,,2026-07-29 07:30:10.621000 UTC,2026-09-18 05:11:00.918000 UTC,2026-09-18 07:42:00.918000 UTC
HS-064641,SHP-163333,active,,,,rail,fcl,EU Imp,EXW,,,2,2026-08-12,,TRUE,2026-07-23 14:06:28.153000 UTC,2026-09-17 10:36:10.225000 UTC,2026-09-17 13:36:10.225000 UTC
HS-159350,SHP-162314,completed,,,,rail,fcl,EU Imp,CFR,,,2,2026-07-16,,TRUE,2026-07-01 12:51:19.424000 UTC,2026-09-11 01:11:55.253000 UTC,2026-09-11 02:05:55.253000 UTC
HS-082114,SHP-184577,completed,,,,sea,fcl,EU Imp,FOB,,,2,2026-08-03,,,2026-07-01 06:36:12.944000 UTC,2026-09-18 07:27:27.105000 UTC,2026-09-18 08:46:27.105000 UTC
HS-010611,SHP-056851,active,,,,sea,fcl,EU Exp,CFR,,,8,2026-08-23,,,2026-06-05 06:51:18.568000 UTC,2026-09-18 07:05:35.711000 UTC,2026-09-18 07:42:35.711000 UTC
HS-099917,SHP-124785,completed,,,,sea,fcl,EU Exp,CFR,,,2,2026-07-05,,,2026-06-03 09:32:56.400000 UTC,2026-08-28 06:35:49.181000 UTC,2026-08-28 10:01:49.181000 UTC
HS-058630,SHP-154093,completed,,CREF-114975,,sea,lcl,EU Imp,FOB,,8.2531,,2026-05-09,,TRUE,2026-04-28 12:14:13.895000 UTC,2026-08-05 05:42:48.830000 UTC,2026-08-05 07:04:48.830000 UTC
HS-006087,SHP-130389,completed,,,,air,lcl,EU Imp,DAP,80,,,2026-04-21,,TRUE,2026-04-17 08:04:16.474000 UTC,2026-04-30 10:51:03.599000 UTC,2026-04-30 10:56:03.599000 UTC
HS-189657,SHP-080710,completed,,CREF-059458,,sea,lcl,EU Imp,FOB,,7.3004,,2026-04-27,,TRUE,2026-04-13 09:53:12.533000 UTC,2026-07-28 19:20:14.657000 UTC,2026-07-28 22:49:14.657000 UTC
HS-030962,SHP-046083,completed,CBR-017030-0,CREF-110593,shipment,sea,fcl,EU Exp,EXW,,,2,2026-04-13,,TRUE,2026-03-26 16:28:54.042000 UTC,2026-06-08 06:09:13.297000 UTC,2026-06-08 07:43:13.297000 UTC
HS-155196,SHP-098450,completed,,CREF-106043,,sea,lcl,EU Imp,FOB,,10.0001,,2026-04-20,,TRUE,2026-03-26 14:23:51.103000 UTC,2026-06-25 14:54:20.520000 UTC,2026-06-25 16:41:20.520000 UTC
HS-060975,SHP-151236,completed,,CREF-100009,,sea,lcl,EU Imp,FOB,,3.96,,2026-04-23,,TRUE,2026-03-25 10:18:49.334000 UTC,2026-06-30 08:31:32.507000 UTC,2026-06-30 10:06:32.507000 UTC
HS-185405,SHP-196459,completed,BKG-025685,CREF-008435,carrierConfirmed,sea,fcl,EU Imp,FOB,,,2,2026-04-01,,TRUE,2026-03-16 08:54:51.444000 UTC,2026-06-18 09:56:58.495000 UTC,2026-06-18 10:15:58.495000 UTC
HS-135633,SHP-057970,canceled,,CREF-095703,,sea,fcl,EU Exp,CFR,,,8,2026-04-07,2026-03-26 11:39:34.682000 UTC,TRUE,2026-03-05 13:43:40.949000 UTC,2026-03-26 11:39:36.067000 UTC,2026-03-26 14:22:36.067000 UTC
HS-115724,SHP-168563,completed,,CREF-093376,,sea,fcl,EU Exp,CPT,,,1,2026-03-02,,TRUE,2026-02-18 09:56:36.431000 UTC,2026-05-08 11:41:21.455000 UTC,2026-05-08 12:32:21.455000 UTC
HS-021454,SHP-125493,canceled,CBR-013047-0,,shipment,sea,fcl,EU Exp,EXW,,,8,2026-02-14,2026-02-05 15:35:25.013000 UTC,FALSE,2026-02-05 15:33:17.873000 UTC,2026-02-05 15:35:26.586000 UTC,2026-02-05 19:03:26.586000 UTC
HS-217185,SHP-058569,completed,,,,rail,fcl,EU Imp,DAP,,,2,2026-03-02,,TRUE,2026-02-04 16:32:39.593000 UTC,2026-04-10 11:37:55.936000 UTC,2026-04-10 14:42:55.936000 UTC
HS-095733,SHP-065248,completed,,CREF-033052,,sea,lcl,EU Imp,FOB,,15.0498,,2026-01-05,,TRUE,2025-12-16 09:35:28.314000 UTC,2026-03-19 06:31:52.585000 UTC,2026-03-19 08:18:52.585000 UTC
HS-022340,SHP-181917,active,,,,sea,fcl,EU Exp,CFR,,,2,2026-10-06,,,2026-09-17 15:27:40.364000 UTC,2026-09-17 15:31:18.362000 UTC,2026-09-17 15:37:18.362000 UTC
HS-175688,SHP-152818,active,CBR-003142-0,CREF-078279,carrierConfirmed,sea,fcl,EU Imp,FOB,,,1,2026-09-28,,TRUE,2026-09-10 08:09:32.317000 UTC,2026-09-11 07:30:24.755000 UTC,2026-09-11 10:01:24.755000 UTC
HS-060277,SHP-150296,active,,CREF-154541,,sea,lcl,EU Imp,FOB,,0.934,,2026-09-29,,TRUE,2026-09-03 13:48:26.245000 UTC,2026-09-18 06:58:04.166000 UTC,2026-09-18 09:34:04.166000 UTC
HS-005065,SHP-208420,active,,,,sea,fcl,EU Imp,FOB,,,6,2026-10-04,,,2026-09-03 08:43:39.537000 UTC,2026-09-16 07:58:44.914000 UTC,2026-09-16 09:52:44.914000 UTC
HS-001196,SHP-094730,active,,,,sea,fcl,EU Exp,EXW,,,2,2026-09-08,,,2026-09-02 07:52:29.488000 UTC,2026-09-17 18:00:07.645000 UTC,2026-09-17 19:13:07.645000 UTC
HS-138111,SHP-195085,active,,,,sea,fcl,EU Imp,FOB,,,2,2026-09-22,,,2026-09-01 07:42:25.526000 UTC,2026-09-17 08:16:57.737000 UTC,2026-09-17 08:46:57.737000 UTC
HS-190702,SHP-129390,active,,,,sea,fcl,EU Imp,FOB,,,2,2026-10-02,,,2026-08-25 08:03:36.049000 UTC,2026-09-18 06:09:23.514000 UTC,2026-09-18 09:13:23.514000 UTC
HS-162901,SHP-223223,completed,CBR-017004-0,CREF-096848,shipment,sea,fcl,EU Imp,CIF,,,2,2026-08-18,,TRUE,2026-08-12 08:55:29.704000 UTC,2026-08-24 12:18:01.921000 UTC,2026-08-24 13:18:01.921000 UTC
HS-053750,SHP-010074,canceled,CBR-012819-0,,shipment,sea,fcl,EU Imp,CFR,,,2,2026-08-22,2026-08-12 13:32:10.919000 UTC,TRUE,2026-08-10 12:19:19.129000 UTC,2026-08-12 13:32:14.570000 UTC,2026-08-12 15:04:14.570000 UTC
HS-188906,SHP-004814,active,,,,sea,fcl,EU Imp,FOB,,,2,2026-09-22,,,2026-08-07 12:08:29.614000 UTC,2026-09-18 11:50:55.611000 UTC,2026-09-18 14:09:55.611000 UTC
HS-069328,SHP-109915,active,,CREF-146575,,sea,lcl,EU Imp,FOB,,5.808,,2026-09-05,,TRUE,2026-08-02 14:37:06.087000 UTC,2026-09-10 09:37:51.753000 UTC,2026-09-10 12:17:51.753000 UTC
HS-193568,SHP-109090,active,,,,sea,fcl,EU Imp,FOB,,,6,2026-08-28,,,2026-07-31 08:20:35.786000 UTC,2026-09-18 09:59:58.640000 UTC,2026-09-18 11:29:58.640000 UTC
HS-077665,SHP-150973,active,,CREF-103570,,rail,lcl,EU Imp,FOB,,6.144,,2026-08-12,,TRUE,2026-07-31 07:23:53.065000 UTC,2026-09-18 08:41:53.113000 UTC,2026-09-18 11:26:53.113000 UTC
HS-074338,SHP-165653,completed,,,,air,lcl,EU Imp,FOB,87,,,2026-07-23,,TRUE,2026-07-17 08:21:06.955000 UTC,2026-08-28 08:15:36.591000 UTC,2026-08-28 09:49:36.591000 UTC
HS-205859,SHP-099250,active,,CREF-054639,,sea,lcl,EU Imp,EXW,,2.3004,,2026-08-20,,TRUE,2026-07-07 08:09:16.769000 UTC,2026-08-20 14:55:17.442000 UTC,2026-08-20 18:25:17.442000 UTC
HS-116919,SHP-111111,active,BKG-033953,CREF-106018,carrierConfirmed,sea,fcl,EU Imp,EXW,,,1,2026-08-03,,TRUE,2026-07-06 11:09:48.287000 UTC,2026-09-17 13:10:59.643000 UTC,2026-09-17 15:52:59.643000 UTC
HS-146585,SHP-042640,completed,,,,sea,fcl,EU Exp,FOB,,,2,2026-07-04,,,2026-06-26 07:58:15.856000 UTC,2026-08-31 10:47:39.562000 UTC,2026-08-31 14:19:39.562000 UTC
HS-207960,SHP-200288,active,,CREF-075574,,sea,lcl,EU Imp,FOB,,1.2672,,2026-07-20,,TRUE,2026-06-24 14:45:45.926000 UTC,2026-09-16 09:41:15.527000 UTC,2026-09-16 11:22:15.527000 UTC
HS-035749,SHP-079527,canceled,,CREF-088498,,rail,lcl,EU Imp,FOB,,14.14,,2026-06-27,2026-06-30 14:24:11.559000 UTC,TRUE,2026-06-10 13:08:17.762000 UTC,2026-06-30 14:24:11.918000 UTC,2026-06-30 18:03:11.918000 UTC
HS-039336,SHP-114926,completed,BKG-009019,CREF-099164,carrierConfirmed,sea,fcl,EU Imp,FOB,,,6,2026-07-14,,TRUE,2026-06-08 11:16:39.289000 UTC,2026-09-17 07:18:34.781000 UTC,2026-09-17 07:49:34.781000 UTC
HS-116025,SHP-031248,completed,,CREF-133801,,sea,lcl,EU Imp,FOB,,1.776,,2026-06-24,,TRUE,2026-05-19 08:44:46.882000 UTC,2026-09-02 11:36:42.790000 UTC,2026-09-02 15:19:42.790000 UTC
HS-216211,SHP-079908,completed,BKG-002793,CREF-024122,carrierConfirmed,sea,fcl,EU Imp,FOB,,,1,2026-05-08,,TRUE,2026-04-24 09:42:50.491000 UTC,2026-07-14 17:20:31.005000 UTC,2026-07-14 18:00:31.005000 UTC
HS-173859,SHP-142033,completed,,,,air,lcl,EU Imp,EXW,611,,,2026-04-29,,TRUE,2026-04-23 08:19:53.576000 UTC,2026-05-29 09:29:41.736000 UTC,2026-05-29 10:19:41.736000 UTC
HS-077080,SHP-021456,completed,CBR-022421-0,CREF-028464,carrierConfirmed,sea,fcl,EU Imp,FOB,,,9,2026-05-20,,TRUE,2026-04-20 08:38:25.891000 UTC,2026-07-21 10:05:55.942000 UTC,2026-07-21 12:22:55.942000 UTC
HS-013895,SHP-008516,completed,,CREF-093642,,sea,lcl,EU Imp,FOB,,4.6999,,2026-05-13,,TRUE,2026-04-17 08:04:06.274000 UTC,2026-07-14 09:35:27.048000 UTC,2026-07-14 11:39:27.048000 UTC
HS-086971,SHP-213082,completed,,CREF-090285,,rail,lcl,EU Imp,EXW,,2.7492,,2026-04-19,,TRUE,2026-03-17 07:45:13.695000 UTC,2026-07-22 14:23:54.001000 UTC,2026-07-22 17:59:54.001000 UTC
HS-059941,SHP-036300,completed,,,,air,lcl,EU Imp,FCA_T,3064.92,,,2026-03-13,,TRUE,2026-03-09 12:37:56.029000 UTC,2026-04-09 14:25:43.216000 UTC,2026-04-09 14:55:43.216000 UTC
HS-098805,SHP-090946,completed,,,,air,lcl,EU Exp,DAP,430,,,2026-03-03,,TRUE,2026-02-26 02:23:00.352000 UTC,2026-04-14 13:23:12.283000 UTC,2026-04-14 16:18:12.283000 UTC
HS-115607,SHP-162217,completed,,,,air,lcl,EU Imp,DAP,385,,,2026-02-13,,TRUE,2026-02-10 07:34:58.616000 UTC,2026-03-03 15:23:19.456000 UTC,2026-03-03 17:32:19.456000 UTC
HS-178147,SHP-095400,completed,,CREF-165014,,sea,lcl,EU Imp,FOB,,0.96,,2026-03-07,,TRUE,2026-02-09 14:12:35.527000 UTC,2026-05-29 12:35:56.079000 UTC,2026-05-29 15:29:56.079000 UTC
HS-119254,SHP-058236,completed,,CREF-067571,,sea,lcl,EU Imp,FOB,,2.6043,,2026-01-31,,TRUE,2026-01-09 16:21:07.955000 UTC,2026-03-20 05:37:13.940000 UTC,2026-03-20 07:50:13.940000 UTC
HS-173389,SHP-023164,completed,,,,air,lcl,EU Imp,EXW,149.16,,,2026-01-13,,TRUE,2026-01-07 11:34:43.529000 UTC,2026-02-04 10:04:15.122000 UTC,2026-02-04 13:17:15.122000 UTC
HS-066389,SHP-065507,completed,,,,air,lcl,EU Imp,EXW,78,,,2026-01-03,,TRUE,2025-12-23 10:21:47.827000 UTC,2026-03-02 10:33:58.920000 UTC,2026-03-02 14:15:58.920000 UTC
HS-168509,SHP-189599,completed,BKG-026252,CREF-050679,carrierConfirmed,sea,fcl,EU Imp,FOB,,,2,2026-01-12,,TRUE,2025-12-19 14:16:51.501000 UTC,2026-02-25 14:32:02.454000 UTC,2026-02-25 17:24:02.454000 UTC
HS-142962,SHP-060497,active,CBR-004737-0,,,sea,fcl,EU Imp,FOB,,,1,2026-10-22,,TRUE,2026-09-18 07:17:34.224000 UTC,2026-09-18 07:17:46.218000 UTC,2026-09-18 08:40:46.218000 UTC
HS-036723,SHP-121663,active,,,,sea,fcl,CrossT,CFR,,,2,2026-09-26,,,2026-09-16 11:24:45.268000 UTC,2026-09-18 01:14:02.237000 UTC,2026-09-18 03:44:02.237000 UTC
HS-158726,SHP-173689,active,,,,air,lcl,EU Imp,FOB,5933.35,,,2026-09-10,,TRUE,2026-09-11 13:33:01.336000 UTC,2026-09-15 09:29:26.997000 UTC,2026-09-15 10:08:26.997000 UTC
HS-080059,SHP-220561,active,,,,sea,fcl,EU Imp,FOB,,,2,2026-09-23,,,2026-09-04 08:44:58.748000 UTC,2026-09-16 02:17:48.081000 UTC,2026-09-16 03:57:48.081000 UTC
HS-066791,SHP-113602,active,,,,sea,fcl,EU Exp,CFR,,,2,2026-10-02,,,2026-09-02 13:47:55.529000 UTC,2026-09-03 13:39:48.529000 UTC,2026-09-03 16:39:48.529000 UTC
HS-051386,SHP-148742,active,,CREF-001346,,sea,lcl,EU Imp,FOB,,12.48,,2026-09-10,,TRUE,2026-08-27 07:37:01.120000 UTC,2026-09-15 13:37:35.118000 UTC,2026-09-15 13:49:35.118000 UTC
HS-005740,SHP-174012,active,,CREF-046266,,rail,lcl,EU Imp,EXW,,4.6932,,2026-10-02,,TRUE,2026-08-26 10:51:17.347000 UTC,2026-09-09 08:33:54.027000 UTC,2026-09-09 08:46:54.027000 UTC
HS-017141,SHP-098091,active,,,,sea,fcl,EU Imp,FOB,,,2,2026-09-12,,,2026-08-06 08:31:57.448000 UTC,2026-09-15 09:08:02.193000 UTC,2026-09-15 11:44:02.193000 UTC
HS-072922,SHP-029954,active,,,,sea,fcl,EU Exp,CFR,,,2,2026-08-19,,,2026-08-04 11:59:56.472000 UTC,2026-09-18 06:41:36.086000 UTC,2026-09-18 08:24:36.086000 UTC
HS-202371,SHP-181113,canceled,,,,sea,fcl,EU Exp,CPT,,,2,2026-08-27,2026-08-19 07:16:35.355000 UTC,,2026-08-04 08:36:48.232000 UTC,2026-08-19 11:37:45.521000 UTC,2026-08-19 11:45:45.521000 UTC
HS-094064,SHP-106943,completed,,,,air,lcl,EU Imp,FOB,2134,,,2026-07-31,,TRUE,2026-07-27 14:37:23.577000 UTC,2026-09-09 09:43:28.490000 UTC,2026-09-09 09:54:28.490000 UTC
HS-104634,SHP-221386,active,,,,sea,fcl,EU Imp,FOB,,,4,2026-08-31,,,2026-07-17 13:15:53.033000 UTC,2026-09-10 19:00:33.648000 UTC,2026-09-10 21:10:33.648000 UTC
HS-048913,SHP-017619,active,,CREF-116895,,sea,lcl,EU Imp,FOB,,6.8405,,2026-08-14,,TRUE,2026-07-06 12:28:05.514000 UTC,2026-09-09 06:05:33.304000 UTC,2026-09-09 09:10:33.304000 UTC
HS-202336,SHP-138236,canceled,,,,air,lcl,EU Exp,DAP,2100,,,2026-07-01,2026-06-18 12:58:56.272000 UTC,TRUE,2026-06-09 13:46:27.539000 UTC,2026-06-18 12:58:57.306000 UTC,2026-06-18 14:57:57.306000 UTC
HS-055357,SHP-008930,completed,,,,sea,fcl,EU Exp,CFR,,,2,2026-06-20,,,2026-06-04 08:46:42.588000 UTC,2026-08-19 14:34:15.824000 UTC,2026-08-19 16:05:15.824000 UTC
HS-016475,SHP-082498,active,CBR-002334-0,CREF-074289,carrierConfirmed,sea,fcl,EU Exp,CFR,,,2,2026-09-17,,TRUE,2026-06-03 14:08:13.400000 UTC,2026-09-18 07:49:46.362000 UTC,2026-09-18 09:52:46.362000 UTC
HS-020271,SHP-154857,completed,,,,air,lcl,EU Imp,EXW,27.28,,,2026-05-17,,TRUE,2026-05-08 07:46:53.643000 UTC,2026-06-10 11:52:25.813000 UTC,2026-06-10 15:48:25.813000 UTC
HS-055800,SHP-058426,active,BKG-013397,CREF-148644,carrierConfirmed,sea,fcl,EU Exp,CFR,,,2,2026-05-31,,TRUE,2026-05-07 12:46:15.248000 UTC,2026-07-24 05:29:25.548000 UTC,2026-07-24 05:58:25.548000 UTC
HS-178368,SHP-170866,completed,,CREF-086796,,sea,lcl,EU Imp,FOB,,0.78,,2026-06-21,,TRUE,2026-05-06 07:33:16.351000 UTC,2026-09-03 18:46:25.475000 UTC,2026-09-03 19:38:25.475000 UTC
HS-175052,SHP-136572,completed,,,,sea,fcl,EU Imp,FOB,,,2,2026-06-20,,,2026-04-20 15:45:49.519000 UTC,2026-09-11 01:10:24.242000 UTC,2026-09-11 02:13:24.242000 UTC
HS-136912,SHP-173616,completed,,,,air,lcl,EU Exp,CPT,387,,,2026-04-10,,TRUE,2026-04-07 23:25:18.911000 UTC,2026-06-03 13:42:19.250000 UTC,2026-06-03 17:22:19.250000 UTC
HS-017605,SHP-209084,completed,,CREF-054206,,sea,lcl,EU Imp,FOB,,10.3204,,2026-04-18,,TRUE,2026-03-03 09:00:40.942000 UTC,2026-06-24 07:04:28.705000 UTC,2026-06-24 10:10:28.705000 UTC
HS-206320,SHP-199794,completed,,CREF-048538,,sea,fcl,EU Imp,CIF,,,2,2026-02-20,,TRUE,2026-02-17 12:29:08.058000 UTC,2026-02-27 11:37:30.261000 UTC,2026-02-27 13:20:30.261000 UTC
HS-016514,SHP-050579,canceled,,CREF-088799,,sea,fcl,EU Exp,CFR,,,16,2026-02-23,2026-02-13 09:18:19.624000 UTC,TRUE,2026-02-06 08:27:13.108000 UTC,2026-02-13 09:18:22.453000 UTC,2026-02-13 11:12:22.453000 UTC
HS-044456,SHP-176771,completed,,,,air,lcl,EU Imp,EXW,1595,,,2026-02-07,,TRUE,2026-02-04 15:04:17.089000 UTC,2026-03-03 09:30:47.969000 UTC,2026-03-03 09:49:47.969000 UTC
HS-040048,SHP-082667,active,,,,air,lcl,EU Exp,CPT,583,,,2026-09-24,,TRUE,2026-09-18 12:52:29.832000 UTC,2026-09-18 13:11:26.797000 UTC,2026-09-18 16:17:26.797000 UTC
HS-119421,SHP-033210,active,,,,air,lcl,EU Imp,EXW,2448.54,,,2026-09-21,,TRUE,2026-09-17 11:48:15.594000 UTC,2026-09-18 02:02:17.106000 UTC,2026-09-18 05:10:17.106000 UTC
HS-101198,SHP-009054,active,,CREF-094521,,rail,lcl,EU Imp,FCA_T,,2.5358,,2026-10-03,,TRUE,2026-09-16 06:31:03.953000 UTC,2026-09-16 08:13:10.498000 UTC,2026-09-16 09:42:10.498000 UTC
HS-069736,SHP-155492,active,,,,sea,fcl,EU Imp,FOB,,,4,2026-10-03,,,2026-09-04 09:44:02.165000 UTC,2026-09-11 01:09:13.172000 UTC,2026-09-11 02:13:13.172000 UTC
HS-083200,SHP-140547,active,,CREF-108300,,sea,lcl,EU Imp,FOB,,2.4903,,2026-09-20,,TRUE,2026-09-04 08:33:46.246000 UTC,2026-09-18 10:25:38.304000 UTC,2026-09-18 14:06:38.304000 UTC
HS-150899,SHP-060611,active,,,,air,lcl,EU Imp,EXW,922.87,,,2026-09-05,,TRUE,2026-09-02 07:04:01.266000 UTC,2026-09-16 06:36:45.080000 UTC,2026-09-16 09:26:45.080000 UTC
HS-105682,SHP-047336,active,CBR-002087-0,CREF-146948,carrierConfirmed,sea,fcl,EU Exp,CFR,,,2,2026-09-28,,TRUE,2026-08-31 14:03:19.986000 UTC,2026-09-17 08:38:34.114000 UTC,2026-09-17 09:15:34.114000 UTC
HS-142167,SHP-099686,active,,,,sea,fcl,EU Imp,FOB,,,6,2026-09-20,,,2026-08-28 13:19:10.344000 UTC,2026-09-01 06:03:14.462000 UTC,2026-09-01 06:46:14.462000 UTC
HS-065025,SHP-084154,completed,,,,air,lcl,EU Imp,CPT,121.5,,,2026-08-27,,TRUE,2026-08-27 11:54:37.315000 UTC,2026-09-04 06:50:38.499000 UTC,2026-09-04 10:35:38.499000 UTC
HS-052658,SHP-072515,active,,,,air,lcl,EU Imp,FOB,4842.68,,,2026-09-13,,TRUE,2026-08-24 15:15:48.918000 UTC,2026-09-17 07:37:29.834000 UTC,2026-09-17 08:05:29.834000 UTC
HS-027975,SHP-167568,active,,,,sea,fcl,EU Imp,FOB,,,2,2026-09-16,,,2026-08-21 12:53:42.270000 UTC,2026-09-16 08:00:17.988000 UTC,2026-09-16 11:03:17.988000 UTC
HS-005457,SHP-083608,active,CBR-011371-0,CREF-109157,carrierConfirmed,sea,fcl,EU Imp,FOB,,,2,2026-09-07,,TRUE,2026-08-19 11:29:13.232000 UTC,2026-09-14 13:24:04.267000 UTC,2026-09-14 16:22:04.267000 UTC
HS-145610,SHP-101589,active,,,,sea,fcl,EU Imp,FOB,,,1,2026-09-18,,,2026-08-06 06:49:25.789000 UTC,2026-09-15 08:42:52.262000 UTC,2026-09-15 10:46:52.262000 UTC
HS-129873,SHP-118985,active,,CREF-108084,,sea,fcl,EU Imp,FOB,,,2,2026-09-10,,TRUE,2026-08-04 14:15:22.106000 UTC,2026-09-15 05:33:20.451000 UTC,2026-09-15 05:46:20.451000 UTC
HS-067241,SHP-033443,active,,,,sea,fcl,EU Exp,CFR,,,11,2026-08-30,,,2026-07-31 07:46:13.700000 UTC,2026-09-10 04:00:21.718000 UTC,2026-09-10 05:52:21.718000 UTC
HS-005579,SHP-097669,completed,,,,sea,fcl,EU Imp,CFR,,,1,2026-08-12,,,2026-07-30 15:16:47.976000 UTC,2026-09-02 05:32:34.950000 UTC,2026-09-02 08:10:34.950000 UTC
HS-089388,SHP-131004,canceled,CBR-004598-0,,shipment,sea,fcl,EU Exp,CFR,,,10,2026-09-20,2026-07-24 14:16:43.374000 UTC,FALSE,2026-07-20 13:45:59.491000 UTC,2026-07-24 14:18:17.909000 UTC,2026-07-24 16:01:17.909000 UTC
HS-140582,SHP-027703,active,,CREF-157535,,sea,lcl,EU Imp,FCA_T,,2.5476,,2026-08-06,,TRUE,2026-07-20 10:19:25.358000 UTC,2026-09-16 12:36:10.012000 UTC,2026-09-16 14:03:10.012000 UTC
HS-127012,SHP-138134,active,,CREF-027457,,sea,lcl,EU Imp,FOB,,2.2999,,2026-08-31,,TRUE,2026-07-17 08:24:47.680000 UTC,2026-09-01 14:14:15.976000 UTC,2026-09-01 16:30:15.976000 UTC
HS-220350,SHP-072204,completed,,,,air,lcl,EU Imp,FOB,4572.95,,,2026-07-27,,TRUE,2026-07-06 08:48:40.268000 UTC,2026-08-28 08:15:01.642000 UTC,2026-08-28 08:59:01.642000 UTC
HS-034386,SHP-071454,completed,,CREF-146448,,rail,lcl,CrossT,FOB,,3.8525,,2026-07-18,,TRUE,2026-07-01 08:16:55.781000 UTC,2026-08-31 13:59:51.751000 UTC,2026-08-31 14:52:51.751000 UTC
HS-099455,SHP-190558,canceled,CBR-028636-0,CREF-091372,carrierConfirmed,sea,fcl,EU Exp,CFR,,,2,2026-09-15,2026-07-23 13:32:41.991000 UTC,TRUE,2026-06-30 12:13:27.249000 UTC,2026-07-23 13:32:45.479000 UTC,2026-07-23 15:59:45.479000 UTC
HS-134873,SHP-071981,completed,,,,sea,fcl,EU Exp,EXW,,,1,2026-08-09,,,2026-06-29 10:05:59.552000 UTC,2026-09-14 12:03:33.026000 UTC,2026-09-14 13:05:33.026000 UTC
HS-018675,SHP-175517,completed,,,,air,lcl,EU Imp,FOB,941,,,2026-07-01,,TRUE,2026-06-26 12:34:12.915000 UTC,2026-08-04 07:36:00.941000 UTC,2026-08-04 10:08:00.941000 UTC
HS-065264,SHP-220415,completed,BKG-001362,CREF-079316,carrierConfirmed,sea,fcl,EU Imp,FOB,,,2,2026-05-17,,TRUE,2026-04-28 07:11:11.586000 UTC,2026-09-11 01:11:11.065000 UTC,2026-09-11 02:56:11.065000 UTC
HS-081469,SHP-051951,completed,CBR-033207-0,CREF-004513,carrierConfirmed,sea,fcl,EU Exp,CFR,,,2,2026-06-20,,TRUE,2026-04-14 09:51:35.005000 UTC,2026-08-20 07:12:39.726000 UTC,2026-08-20 08:55:39.726000 UTC
HS-223578,SHP-212706,completed,,CREF-136114,,rail,lcl,EU Imp,EXW,,2.6459,,2026-04-11,,TRUE,2026-03-30 07:58:53.139000 UTC,2026-05-29 11:10:16.042000 UTC,2026-05-29 11:34:16.042000 UTC
HS-129575,SHP-042848,completed,,CREF-084387,,sea,lcl,EU Imp,FOB,,1,,2026-04-07,,TRUE,2026-03-24 13:58:10.533000 UTC,2026-06-08 08:09:17.812000 UTC,2026-06-08 10:44:17.812000 UTC
HS-009234,SHP-073678,canceled,,CREF-071651,,rail,lcl,EU Imp,FOB,,1.6871,,2026-04-04,2026-04-07 09:21:00.980000 UTC,TRUE,2026-03-13 13:39:12.589000 UTC,2026-04-07 09:21:01.770000 UTC,2026-04-07 10:00:01.770000 UTC
HS-057492,SHP-066408,canceled,,CREF-102246,,sea,fcl,EU Exp,CFR,,,2,2026-02-13,2026-02-06 09:58:20.657000 UTC,TRUE,2026-01-30 13:38:54.490000 UTC,2026-02-06 09:58:21.280000 UTC,2026-02-06 12:19:21.280000 UTC
HS-000335,SHP-176275,canceled,,,,sea,lcl,EU Imp,EXW,,2.5145,,2026-02-09,2026-01-30 10:47:19.292000 UTC,TRUE,2026-01-29 13:04:05.050000 UTC,2026-01-30 10:47:19.687000 UTC,2026-01-30 14:43:19.687000 UTC
HS-205579,SHP-187728,completed,,,,air,lcl,EU Imp,EXW,377,,,2026-01-22,,TRUE,2026-01-19 10:05:20.082000 UTC,2026-01-29 13:39:48.437000 UTC,2026-01-29 14:55:48.437000 UTC
HS-183221,SHP-026327,completed,,CREF-009678,,sea,fcl,EU Imp,FOB,,,2,2026-01-25,,TRUE,2026-01-16 13:25:28.274000 UTC,2026-03-10 16:08:31.568000 UTC,2026-03-10 19:30:31.568000 UTC
HS-030076,SHP-124979,completed,,CREF-092439,,sea,lcl,EU Imp,FOB,,10.2897,,2026-02-12,,TRUE,2026-01-16 09:43:26.269000 UTC,2026-04-27 12:40:45.422000 UTC,2026-04-27 16:24:45.422000 UTC
HS-078265,SHP-189687,completed,BKG-031547,CREF-097630,carrierConfirmed,sea,fcl,EU Imp,FOB,,,2,2026-02-03,,TRUE,2025-12-29 13:09:54.214000 UTC,2026-05-06 08:50:57.433000 UTC,2026-05-06 12:41:57.433000 UTC
HS-190304,SHP-150669,active,,,,sea,fcl,EU Imp,FCA_T,,,4,2026-10-02,,,2026-09-08 07:53:35.358000 UTC,2026-09-09 07:00:23.830000 UTC,2026-09-09 10:14:23.830000 UTC
HS-125158,SHP-000069,active,,,,sea,lcl,EU Imp,FOB,,16.708,,2026-10-02,,TRUE,2026-09-04 13:57:00.917000 UTC,2026-09-16 06:56:00.672000 UTC,2026-09-16 10:25:00.672000 UTC
HS-184043,SHP-211415,active,,,,sea,fcl,EU Imp,FOB,,,4,2026-10-04,,,2026-09-04 08:42:55.274000 UTC,2026-09-08 01:12:59.028000 UTC,2026-09-08 02:41:59.028000 UTC
HS-023672,SHP-027310,active,,,,sea,fcl,EU Exp,CFR,,,2,2026-09-14,,,2026-08-28 14:44:02.874000 UTC,2026-09-18 06:15:44.938000 UTC,2026-09-18 10:05:44.938000 UTC
HS-111706,SHP-059346,active,,,,air,lcl,EU Imp,EXW,1361.61,,,2026-08-25,,TRUE,2026-08-21 11:43:31.478000 UTC,2026-09-17 07:58:12.893000 UTC,2026-09-17 09:40:12.893000 UTC
HS-085126,SHP-103142,active,,,,sea,fcl,EU Imp,FOB,,,2,2026-09-13,,,2026-08-21 07:53:17.696000 UTC,2026-09-17 02:07:28.628000 UTC,2026-09-17 03:48:28.628000 UTC
HS-208328,SHP-101661,active,,,,sea,fcl,EU Exp,CFR,,,2,2026-09-19,,,2026-08-19 08:09:52.278000 UTC,2026-09-18 08:49:41.507000 UTC,2026-09-18 10:09:41.507000 UTC
HS-156856,SHP-116845,active,,,,sea,fcl,EU Imp,FOB,,,2,2026-08-30,,,2026-08-12 07:20:53.802000 UTC,2026-09-18 05:02:06.174000 UTC,2026-09-18 05:09:06.174000 UTC
HS-216203,SHP-047451,active,,,,rail,fcl,EU Imp,DAP,,,2,2026-08-16,,TRUE,2026-08-10 10:15:24.225000 UTC,2026-09-07 13:24:13.650000 UTC,2026-09-07 15:08:13.650000 UTC
HS-206275,SHP-104820,completed,,,,air,lcl,EU Exp,FCA_T,240,,,2026-08-14,,TRUE,2026-08-06 14:28:43.646000 UTC,2026-08-17 13:26:13.450000 UTC,2026-08-17 17:20:13.450000 UTC
HS-210223,SHP-197036,active,,,,sea,fcl,EU Exp,CIF,,,10,2026-08-14,,,2026-07-30 14:37:34.511000 UTC,2026-09-14 02:05:17.384000 UTC,2026-09-14 03:39:17.384000 UTC
HS-164880,SHP-080192,active,,,,sea,fcl,EU Imp,FOB,,,2,2026-08-27,,,2026-07-28 07:43:30.629000 UTC,2026-09-18 05:00:10.297000 UTC,2026-09-18 05:54:10.297000 UTC
HS-110137,SHP-155433,canceled,CBR-027085-0,CREF-064283,shipment,sea,fcl,EU Imp,CIF,,,2,2026-07-10,2026-07-27 13:47:55.437000 UTC,TRUE,2026-07-27 13:19:16.152000 UTC,2026-07-27 13:47:59.951000 UTC,2026-07-27 16:05:59.951000 UTC
HS-024795,SHP-089720,completed,,,,air,lcl,EU Exp,DAP,1336,,,2026-07-29,,TRUE,2026-07-24 07:34:51.901000 UTC,2026-08-17 07:09:28.664000 UTC,2026-08-17 09:59:28.664000 UTC
HS-160857,SHP-060039,active,,,,sea,fcl,EU Imp,FOB,,,1,2026-08-04,,,2026-07-23 12:20:08.127000 UTC,2026-09-15 16:47:51.542000 UTC,2026-09-15 20:32:51.542000 UTC
HS-087923,SHP-171347,completed,,,,sea,fcl,EU Exp,FCA_LW,,,2,2026-08-15,,,2026-07-22 07:24:41.034000 UTC,2026-09-04 09:18:15.308000 UTC,2026-09-04 12:50:15.308000 UTC
HS-062483,SHP-102491,active,,,,sea,fcl,EU Exp,EXW,,,3,2026-08-08,,,2026-07-15 10:49:10.064000 UTC,2026-09-17 09:44:47.790000 UTC,2026-09-17 11:01:47.790000 UTC
HS-075875,SHP-064766,completed,,CREF-102835,,rail,lcl,EU Imp,FOB,,11.2479,,2026-07-24,,TRUE,2026-07-13 04:38:36.388000 UTC,2026-08-21 14:15:13.321000 UTC,2026-08-21 17:29:13.321000 UTC
HS-124847,SHP-143594,completed,,CREF-084160,,rail,lcl,EU Imp,FOB,,0.7079,,2026-07-24,,TRUE,2026-07-06 10:26:04.162000 UTC,2026-08-28 05:43:09.767000 UTC,2026-08-28 07:14:09.767000 UTC
HS-188205,SHP-147835,completed,,CREF-070922,,rail,lcl,EU Imp,EXW,,15.2006,,2026-06-20,,TRUE,2026-06-23 11:40:53.854000 UTC,2026-08-05 07:29:12.623000 UTC,2026-08-05 09:16:12.623000 UTC
HS-210391,SHP-103844,completed,,CREF-165173,,rail,lcl,EU Imp,EXW,,0.84,,2026-06-26,,TRUE,2026-06-16 07:59:51.202000 UTC,2026-08-29 16:22:12.547000 UTC,2026-08-29 17:24:12.547000 UTC
HS-146532,SHP-000248,completed,,CREF-095504,,sea,lcl,EU Imp,FOB,,5.3995,,2026-06-13,,TRUE,2026-05-29 06:46:08.560000 UTC,2026-08-31 06:42:55.135000 UTC,2026-08-31 08:11:55.135000 UTC
HS-090371,SHP-054347,completed,,,,sea,fcl,EU Exp,CPT,,,1,2026-06-16,,,2026-05-28 09:15:14.748000 UTC,2026-07-14 11:46:14.836000 UTC,2026-07-14 12:02:14.836000 UTC
HS-200461,SHP-223549,canceled,BKG-004225,,renomination,sea,fcl,EU Imp,FOB,,,10,2026-06-26,2026-06-22 08:46:08.840000 UTC,FALSE,2026-05-25 13:17:06.046000 UTC,2026-06-22 08:46:17.421000 UTC,2026-06-22 11:20:17.421000 UTC
HS-097795,SHP-014893,completed,BKG-007881,CREF-149656,carrierConfirmed,sea,fcl,EU Imp,FCA_LW,,,2,2026-06-11,,TRUE,2026-05-20 14:22:08.243000 UTC,2026-07-30 16:21:45.623000 UTC,2026-07-30 19:59:45.623000 UTC
HS-149226,SHP-091018,completed,,,,air,lcl,EU Imp,FOB,833.46,,,2026-05-19,,TRUE,2026-05-12 11:11:48.800000 UTC,2026-06-22 10:26:27.996000 UTC,2026-06-22 13:37:27.996000 UTC
HS-032431,SHP-147618,completed,,,,air,lcl,EU Imp,EXW,555.86,,,2026-05-19,,TRUE,2026-05-08 08:02:00.915000 UTC,2026-05-29 11:30:32.816000 UTC,2026-05-29 11:57:32.816000 UTC
HS-071531,SHP-162460,completed,,CREF-013501,,sea,lcl,EU Imp,FOB,,3.6,,2026-04-26,,TRUE,2026-04-10 06:47:06.139000 UTC,2026-07-13 13:51:17.058000 UTC,2026-07-13 14:20:17.058000 UTC
HS-183931,SHP-091863,canceled,,CREF-097811,,rail,lcl,EU Imp,FOB,,2.2848,,2026-05-06,2026-05-12 08:36:38.921000 UTC,TRUE,2026-04-02 14:31:09.015000 UTC,2026-05-12 08:36:39.257000 UTC,2026-05-12 10:33:39.257000 UTC
HS-221309,SHP-166800,completed,,CREF-034996,,sea,lcl,EU Imp,FOB,,0.8702,,2026-05-10,,TRUE,2026-04-01 14:12:44.808000 UTC,2026-07-27 07:27:26.701000 UTC,2026-07-27 08:14:26.701000 UTC
HS-130906,SHP-100534,canceled,BKG-029286,CREF-034228,carrierConfirmed,sea,fcl,EU Imp,FOB,,,1,2026-04-19,2026-04-01 06:56:22.778000 UTC,TRUE,2026-03-25 13:35:09.629000 UTC,2026-06-12 14:01:54.006000 UTC,2026-06-12 17:15:54.006000 UTC
HS-087166,SHP-154028,completed,,,,air,lcl,EU Exp,CPT,2046.2,,,2026-02-24,,TRUE,2026-02-13 10:57:35.018000 UTC,2026-03-13 15:17:12.323000 UTC,2026-03-13 19:02:12.323000 UTC
HS-193602,SHP-110869,completed,,,,air,lcl,EU Exp,CPT,2688.1,,,2026-02-03,,TRUE,2026-01-30 08:41:23.700000 UTC,2026-03-18 15:11:48.523000 UTC,2026-03-18 18:18:48.523000 UTC
HS-039864,SHP-046649,active,,,,air,lcl,EU Imp,EXW,712.8,,,2026-09-18,,TRUE,2026-09-14 02:07:59.553000 UTC,2026-09-17 09:49:05.376000 UTC,2026-09-17 13:43:05.376000 UTC
HS-017670,SHP-022693,active,,CREF-128324,,rail,lcl,EU Imp,EXW,,7.44,,2026-09-17,,TRUE,2026-08-31 12:49:55.873000 UTC,2026-09-17 14:42:08.500000 UTC,2026-09-17 16:35:08.500000 UTC
HS-141811,SHP-029252,active,,CREF-142433,,sea,lcl,EU Exp,CFR,,0.8743,,2026-09-05,,TRUE,2026-08-24 11:47:42.829000 UTC,2026-09-16 10:44:16.063000 UTC,2026-09-16 11:57:16.063000 UTC
HS-024491,SHP-152699,active,,CREF-157047,,sea,lcl,EU Imp,FOB,,1.4466,,2026-08-23,,TRUE,2026-08-14 18:42:59.228000 UTC,2026-09-17 12:13:50.310000 UTC,2026-09-17 13:27:50.310000 UTC
HS-048763,SHP-223760,active,,CREF-084804,,rail,lcl,EU Imp,EXW,,1.2,,2026-08-28,,TRUE,2026-08-13 16:31:36.440000 UTC,2026-09-04 10:05:05.928000 UTC,2026-09-04 10:10:05.928000 UTC
HS-140193,SHP-053144,active,,CREF-039727,,sea,lcl,EU Imp,FOB,,4.661,,2026-09-22,,TRUE,2026-08-13 08:26:55.876000 UTC,2026-09-15 07:37:07.383000 UTC,2026-09-15 08:47:07.383000 UTC
HS-209391,SHP-048641,active,,,,sea,fcl,EU Exp,CFR,,,2,2026-09-02,,,2026-08-12 12:54:13.126000 UTC,2026-09-18 14:07:00.570000 UTC,2026-09-18 16:11:00.570000 UTC
HS-066520,SHP-217337,active,,,,sea,fcl,EU Imp,FOB,,,1,2026-09-12,,,2026-08-10 08:46:27.075000 UTC,2026-09-18 09:10:02.670000 UTC,2026-09-18 13:01:02.670000 UTC
HS-033792,SHP-212161,canceled,,,,sea,fcl,EU Imp,FOB,,,2,2026-09-16,2026-09-17 07:47:04.516000 UTC,,2026-08-04 06:24:25.901000 UTC,2026-09-17 07:47:13.930000 UTC,2026-09-17 11:34:13.930000 UTC
HS-212323,SHP-055398,active,,,,sea,fcl,EU Imp,FOB,,,2,2026-09-05,,,2026-07-31 09:47:08.725000 UTC,2026-09-16 16:00:11.325000 UTC,2026-09-16 19:01:11.325000 UTC
HS-041820,SHP-219623,active,,CREF-055404,,sea,lcl,EU Imp,FOB,,1,,2026-09-01,,TRUE,2026-07-30 13:17:58.881000 UTC,2026-09-02 12:29:47.229000 UTC,2026-09-02 15:37:47.229000 UTC
HS-136349,SHP-001732,completed,,,,air,lcl,EU Imp,FOB,1328,,,2026-08-11,,TRUE,2026-07-27 12:17:47.690000 UTC,2026-08-28 08:16:24.427000 UTC,2026-08-28 10:11:24.427000 UTC
HS-197347,SHP-133536,active,CBR-007936-0,CREF-155937,carrierConfirmed,sea,fcl,EU Exp,EXW,,,8,2026-08-27,,TRUE,2026-07-21 10:38:42.723000 UTC,2026-09-12 05:58:42.367000 UTC,2026-09-12 07:57:42.367000 UTC
HS-126224,SHP-203184,completed,,,,air,lcl,EU Imp,FOB,1202,,,2026-07-15,,TRUE,2026-07-03 09:05:51.749000 UTC,2026-08-04 08:16:42.415000 UTC,2026-08-04 09:51:42.415000 UTC
HS-026106,SHP-056495,active,,,,sea,fcl,EU Imp,FOB,,,2,2026-08-05,,,2026-07-01 19:09:15.423000 UTC,2026-09-18 00:33:48.757000 UTC,2026-09-18 03:35:48.757000 UTC
HS-002574,SHP-114420,completed,,CREF-024996,,sea,lcl,EU Imp,FOB,,7.3195,,2026-07-18,,TRUE,2026-06-25 06:58:19.016000 UTC,2026-09-14 11:52:19.773000 UTC,2026-09-14 12:24:19.773000 UTC
HS-191314,SHP-171787,canceled,,CREF-026859,,rail,lcl,EU Imp,FCA_T,,4.656,,2026-07-08,2026-06-30 12:58:23.182000 UTC,TRUE,2026-06-24 11:08:13.606000 UTC,2026-06-30 12:58:23.472000 UTC,2026-06-30 14:20:23.472000 UTC
HS-177352,SHP-122753,active,,CREF-107307,,sea,lcl,EU Imp,CFR,,2.298,,2026-07-06,,TRUE,2026-06-18 11:48:42.530000 UTC,2026-09-07 08:48:19.149000 UTC,2026-09-07 09:51:19.149000 UTC
HS-159729,SHP-051986,canceled,CBR-019288-0,,shipment,sea,fcl,EU Imp,FOB,,,2,2026-07-01,2026-06-22 08:45:45.990000 UTC,FALSE,2026-06-15 09:19:54.751000 UTC,2026-06-22 08:45:55.470000 UTC,2026-06-22 10:32:55.470000 UTC
HS-113675,SHP-050754,completed,CBR-000759-0,CREF-117733,carrierConfirmed,sea,fcl,EU Exp,CFR,,,20,2026-06-29,,TRUE,2026-06-10 14:50:09.671000 UTC,2026-08-03 12:10:43.307000 UTC,2026-08-03 14:20:43.307000 UTC
HS-163232,SHP-088547,completed,,,,air,lcl,EU Imp,FOB,288.99,,,2026-06-08,,TRUE,2026-06-01 23:04:28.204000 UTC,2026-06-25 10:32:04.499000 UTC,2026-06-25 11:49:04.499000 UTC
HS-223322,SHP-099814,completed,,,,air,lcl,EU Imp,EXW,1756.24,,,2026-05-26,,TRUE,2026-05-21 10:34:47.547000 UTC,2026-06-11 08:03:59.358000 UTC,2026-06-11 08:17:59.358000 UTC
HS-009353,SHP-103218,completed,,CREF-059971,,rail,lcl,CrossT,EXW,,0.978,,2026-05-22,,TRUE,2026-05-08 13:38:09.300000 UTC,2026-06-29 19:05:09.883000 UTC,2026-06-29 19:50:09.883000 UTC
HS-158982,SHP-087370,completed,,,,air,lcl,EU Imp,CPT,3003.01,,,2026-04-25,,TRUE,2026-04-17 09:57:09.177000 UTC,2026-05-05 07:58:39.968000 UTC,2026-05-05 09:43:39.968000 UTC
HS-134237,SHP-218667,completed,,,,air,lcl,EU Imp,EXW,312.56,,,2026-04-15,,TRUE,2026-04-08 15:18:47.195000 UTC,2026-05-21 09:13:36.601000 UTC,2026-05-21 12:11:36.601000 UTC
HS-035123,SHP-022087,completed,,CREF-007918,,sea,lcl,EU Imp,FOB,,7.7342,,2026-04-22,,TRUE,2026-04-07 09:21:50.216000 UTC,2026-06-19 14:04:06.914000 UTC,2026-06-19 15:54:06.914000 UTC
HS-066000,SHP-078529,completed,,CREF-148363,,sea,lcl,EU Imp,FOB,,7.4995,,2026-04-12,,TRUE,2026-03-20 10:20:20.409000 UTC,2026-07-14 06:56:26.743000 UTC,2026-07-14 07:10:26.743000 UTC
HS-189504,SHP-015901,completed,,,,air,lcl,EU Imp,FOB,44,,,2026-03-22,,TRUE,2026-03-18 07:10:16.974000 UTC,2026-04-10 12:31:47.731000 UTC,2026-04-10 13:19:47.731000 UTC
HS-172030,SHP-198025,completed,CBR-010599-0,CREF-046985,carrierConfirmed,sea,fcl,EU Exp,CIF,,,1,2026-03-04,,TRUE,2026-02-18 09:22:21.012000 UTC,2026-05-04 04:37:02.492000 UTC,2026-05-04 06:58:02.492000 UTC
HS-134980,SHP-110801,completed,,,,air,lcl,EU Imp,FOB,94,,,2026-02-13,,TRUE,2026-02-10 07:11:47.063000 UTC,2026-03-12 10:13:48.798000 UTC,2026-03-12 13:20:48.798000 UTC
HS-110288,SHP-191832,completed,,CREF-043834,,sea,lcl,EU Imp,EXW,,19.8722,,2026-02-09,,TRUE,2026-01-22 09:31:30.314000 UTC,2026-07-13 15:06:22.473000 UTC,2026-07-13 15:38:22.473000 UTC
HS-011589,SHP-048834,completed,BKG-005173,CREF-039650,carrierConfirmed,sea,fcl,EU Imp,FOB,,,2,2026-02-23,,TRUE,2026-01-22 07:33:34.737000 UTC,2026-05-07 08:01:04.239000 UTC,2026-05-07 08:11:04.239000 UTC
HS-144659,SHP-118243,completed,,,,air,lcl,EU Imp,EXW,457,,,2026-01-21,,TRUE,2026-01-08 14:15:59.914000 UTC,2026-01-29 13:34:47.800000 UTC,2026-01-29 13:47:47.800000 UTC
HS-160944,SHP-077369,completed,,CREF-146890,,sea,lcl,EU Imp,FOB,,16.5738,,2026-02-01,,TRUE,2026-01-07 15:21:00.169000 UTC,2026-07-27 04:26:05.932000 UTC,2026-07-27 06:59:05.932000 UTC
HS-006896,SHP-010202,active,,,,air,lcl,EU Imp,FCA_LW,25,,,2026-09-20,,TRUE,2026-09-17 07:23:15.368000 UTC,2026-09-18 11:05:28.462000 UTC,2026-09-18 14:48:28.462000 UTC
HS-155667,SHP-036636,active,,,,air,lcl,EU Exp,CPT,215,,,2026-09-20,,TRUE,2026-09-16 06:59:37.295000 UTC,2026-09-17 14:50:28.039000 UTC,2026-09-17 17:15:28.039000 UTC
HS-037756,SHP-080681,active,,,,sea,fcl,EU Imp,FOB,,,2,2026-10-04,,,2026-09-09 12:21:13.661000 UTC,2026-09-14 09:33:26.185000 UTC,2026-09-14 11:44:26.185000 UTC
HS-074389,SHP-000404,active,,,,sea,fcl,EU Exp,CFR,,,10,2026-10-01,,,2026-09-02 13:20:10.660000 UTC,2026-09-18 14:07:19.702000 UTC,2026-09-18 14:28:19.702000 UTC
HS-083332,SHP-015182,completed,,,,air,lcl,EU Imp,EXW,235.95,,,2026-09-12,,TRUE,2026-09-02 12:12:38.146000 UTC,2026-09-17 07:06:48.638000 UTC,2026-09-17 10:39:48.638000 UTC
HS-069310,SHP-020571,active,,,,sea,fcl,EU Exp,CFR,,,2,2026-09-20,,,2026-09-02 08:57:06.589000 UTC,2026-09-17 13:15:01.433000 UTC,2026-09-17 15:52:01.433000 UTC
HS-013213,SHP-100415,completed,,,,air,lcl,EU Exp,EXW,478,,,2026-09-05,,TRUE,2026-09-02 07:11:31.738000 UTC,2026-09-09 14:10:26.350000 UTC,2026-09-09 14:32:26.350000 UTC
HS-037067,SHP-179266,active,,,,sea,fcl,EU Imp,FOB,,,4,2026-09-29,,,2026-09-01 07:16:17.258000 UTC,2026-09-14 12:36:15.900000 UTC,2026-09-14 15:21:15.900000 UTC
HS-091079,SHP-100726,active,,,,sea,fcl,EU Imp,FOB,,,4,2026-09-27,,TRUE,2026-08-25 07:49:16.653000 UTC,2026-09-17 09:06:03.258000 UTC,2026-09-17 09:37:03.258000 UTC
HS-074649,SHP-072893,active,CBR-031502-0,CREF-000602,shipment,sea,fcl,EU Imp,CFR,,,1,2026-08-29,,TRUE,2026-08-21 12:51:17.574000 UTC,2026-09-03 09:06:27.520000 UTC,2026-09-03 09:15:27.520000 UTC
HS-093408,SHP-174407,active,,,,sea,fcl,EU Exp,CPT,,,2,2026-09-14,,,2026-08-19 11:40:21.110000 UTC,2026-09-18 08:49:51.934000 UTC,2026-09-18 12:19:51.934000 UTC
HS-043148,SHP-098663,active,CBR-032798-0,CREF-107605,carrierConfirmed,sea,fcl,CrossT,FOB,,,10,2026-09-11,,TRUE,2026-08-11 07:36:37.500000 UTC,2026-09-18 13:10:11.752000 UTC,2026-09-18 14:21:11.752000 UTC
HS-068259,SHP-219760,active,,,,sea,fcl,EU Exp,EXW,,,2,2026-10-04,,,2026-08-10 13:54:47.562000 UTC,2026-09-15 13:42:14.553000 UTC,2026-09-15 15:13:14.553000 UTC
HS-205154,SHP-082397,active,BKG-025536,CREF-089551,carrierConfirmed,sea,fcl,EU Imp,FOB,,,2,2026-08-23,,TRUE,2026-08-06 08:20:26.200000 UTC,2026-09-18 02:00:05.288000 UTC,2026-09-18 04:29:05.288000 UTC
HS-025849,SHP-158904,active,,CREF-025445,,sea,lcl,EU Imp,FOB,,2.25,,2026-09-02,,TRUE,2026-08-05 09:25:19.108000 UTC,2026-09-15 18:18:39.754000 UTC,2026-09-15 19:23:39.754000 UTC
HS-084513,SHP-111058,active,,CREF-085076,,sea,lcl,EU Imp,FOB,,0.36,,2026-08-11,,TRUE,2026-07-27 15:14:41.504000 UTC,2026-09-15 15:23:25.958000 UTC,2026-09-15 16:51:25.958000 UTC
HS-137016,SHP-142688,active,,CREF-092952,,sea,lcl,EU Imp,FOB,,0.8402,,2026-08-12,,TRUE,2026-07-27 11:53:50.804000 UTC,2026-08-31 09:55:08.343000 UTC,2026-08-31 12:31:08.343000 UTC
HS-200448,SHP-007245,active,CBR-034283-0,CREF-052927,carrierConfirmed,sea,fcl,EU Imp,FOB,,,2,2026-09-14,,TRUE,2026-07-21 08:16:36.136000 UTC,2026-09-18 04:00:36.173000 UTC,2026-09-18 07:12:36.173000 UTC
HS-178000,SHP-083026,canceled,BKG-025883,,carrierContacted,sea,fcl,EU Imp,FOB,,,1,2026-07-23,2026-07-22 11:43:33.681000 UTC,FALSE,2026-07-17 07:17:35.284000 UTC,2026-07-22 11:43:38.782000 UTC,2026-07-22 11:52:38.782000 UTC
HS-032368,SHP-003998,completed,,,,air,lcl,EU Imp,EXW,647.8,,,2026-07-21,,TRUE,2026-07-15 08:56:27.295000 UTC,2026-08-28 08:13:02.603000 UTC,2026-08-28 10:17:02.603000 UTC
HS-109228,SHP-068973,completed,BKG-012495,CREF-050035,carrierConfirmed,sea,fcl,EU Imp,FOB,,,2,2026-07-18,,TRUE,2026-07-03 07:56:44.970000 UTC,2026-09-03 19:10:00.215000 UTC,2026-09-03 23:05:00.215000 UTC
HS-187237,SHP-036319,active,,,,sea,fcl,EU Exp,CIF,,,4,2026-08-15,,,2026-07-02 08:22:07.922000 UTC,2026-09-18 05:00:13.805000 UTC,2026-09-18 06:18:13.805000 UTC
HS-064572,SHP-151597,completed,,,,air,lcl,EU Imp,EXW,1025.41,,,2026-07-07,,TRUE,2026-07-01 09:21:47.554000 UTC,2026-08-18 10:56:33.815000 UTC,2026-08-18 14:38:33.815000 UTC
HS-183649,SHP-003946,completed,,,,air,lcl,EU Exp,EXW,2328,,,2026-07-01,,TRUE,2026-06-29 12:09:20.098000 UTC,2026-08-17 06:28:17.936000 UTC,2026-08-17 10:20:17.936000 UTC
HS-203474,SHP-057522,completed,,,,air,lcl,EU Imp,EXW,42,,,2026-07-01,,TRUE,2026-06-26 07:10:11.803000 UTC,2026-08-19 07:50:00.756000 UTC,2026-08-19 11:22:00.756000 UTC
HS-134086,SHP-147526,completed,,,,sea,fcl,EU Exp,CPT,,,2,2026-07-06,,,2026-06-17 14:27:54.292000 UTC,2026-07-27 05:35:12.703000 UTC,2026-07-27 08:01:12.703000 UTC
HS-037832,SHP-207081,completed,,CREF-078407,,sea,lcl,EU Imp,FOB,,13.056,,2026-07-03,,TRUE,2026-06-17 07:37:42.005000 UTC,2026-09-02 07:51:52.166000 UTC,2026-09-02 08:21:52.166000 UTC
HS-097618,SHP-084843,completed,,,,air,lcl,CrossT,EXW,45.23,,,2026-05-25,,TRUE,2026-05-15 11:06:22.679000 UTC,2026-08-04 09:23:22.070000 UTC,2026-08-04 10:40:22.070000 UTC
HS-092724,SHP-019462,completed,BKG-000770,CREF-042123,carrierConfirmed,sea,fcl,EU Imp,FOB,,,2,2026-05-31,,TRUE,2026-05-13 06:30:07.284000 UTC,2026-09-07 12:08:48.051000 UTC,2026-09-07 12:39:48.051000 UTC
HS-111452,SHP-109991,active,BKG-016019,CREF-137427,carrierConfirmed,sea,fcl,EU Imp,FOB,,,1,2026-05-20,,TRUE,2026-04-29 12:22:20.821000 UTC,2026-07-09 11:08:18.774000 UTC,2026-07-09 11:27:18.774000 UTC
HS-175350,SHP-159203,completed,,CREF-058576,,rail,lcl,EU Imp,FOB,,15.9201,,2026-05-16,,TRUE,2026-04-21 09:59:58.362000 UTC,2026-07-03 12:21:46.034000 UTC,2026-07-03 15:21:46.034000 UTC
HS-112585,SHP-175364,completed,BKG-028415,CREF-152815,carrierConfirmed,sea,fcl,EU Exp,CIF,,,4,2026-04-23,,TRUE,2026-04-14 06:32:50.789000 UTC,2026-06-15 11:41:12.038000 UTC,2026-06-15 13:19:12.038000 UTC
HS-180596,SHP-200877,completed,,CREF-101283,,rail,lcl,EU Imp,FOB,,12.0903,,2026-05-08,,TRUE,2026-03-30 13:46:07.530000 UTC,2026-06-11 08:37:30.621000 UTC,2026-06-11 10:33:30.621000 UTC
HS-150910,SHP-170863,completed,,CREF-054429,,sea,lcl,EU Imp,EXW,,4.2865,,2026-02-07,,TRUE,2026-01-28 16:02:51.852000 UTC,2026-06-12 14:34:54.902000 UTC,2026-06-12 16:51:54.902000 UTC
HS-026584,SHP-049874,completed,BKG-005251,CREF-121755,carrierConfirmed,sea,fcl,EU Imp,FOB,,,1,2026-02-10,,TRUE,2026-01-21 12:07:58.444000 UTC,2026-04-15 02:31:13.483000 UTC,2026-04-15 06:12:13.483000 UTC
HS-006598,SHP-208837,completed,BKG-009537,CREF-016662,carrierConfirmed,sea,fcl,EU Imp,FOB,,,2,2026-01-22,,TRUE,2026-01-16 10:53:22.448000 UTC,2026-05-27 10:51:02.589000 UTC,2026-05-27 13:57:02.589000 UTC
HS-221302,SHP-067159,completed,BKG-018525,CREF-095623,carrierConfirmed,sea,fcl,EU Imp,FOB,,,1,2026-02-14,,TRUE,2026-01-16 09:03:01.816000 UTC,2026-05-11 15:46:24.024000 UTC,2026-05-11 18:38:24.024000 UTC
HS-177707,SHP-090540,completed,,,,air,lcl,EU Imp,FCA_T,153,,,2026-01-23,,TRUE,2026-01-14 12:04:20.690000 UTC,2026-02-26 09:02:52.384000 UTC,2026-02-26 12:44:52.384000 UTC
HS-122358,SHP-115965,completed,BKG-006809,CREF-079934,carrierConfirmed,sea,fcl,EU Imp,FOB,,,2,2026-01-03,,TRUE,2025-12-23 08:05:58.789000 UTC,2026-02-18 15:58:55.457000 UTC,2026-02-18 18:13:55.457000 UTC
HS-116951,SHP-052075,completed,,CREF-001643,,sea,lcl,EU Imp,FOB,,1.3992,,2026-01-06,,TRUE,2025-12-09 13:16:59.806000 UTC,2026-04-17 10:08:49.615000 UTC,2026-04-17 12:16:49.615000 UTC
HS-017201,SHP-110453,canceled,,CREF-138682,,rail,lcl,EU Imp,FOB,,2.592,,2026-03-14,2026-03-24 12:03:27.600000 UTC,TRUE,2025-12-09 07:36:02.521000 UTC,2026-03-24 12:03:27.951000 UTC,2026-03-24 12:09:27.951000 UTC
HS-134556,SHP-062684,completed,,,,air,lcl,EU Imp,EXW,141,,,2026-09-13,,TRUE,2026-09-09 10:51:08.919000 UTC,2026-09-17 07:53:00.565000 UTC,2026-09-17 09:35:00.565000 UTC
HS-057921,SHP-184295,active,,,,sea,fcl,EU Imp,FOB,,,2,2026-10-02,,,2026-09-08 09:17:39.093000 UTC,2026-09-16 12:15:26.413000 UTC,2026-09-16 15:01:26.413000 UTC
HS-148714,SHP-188686,active,,,,sea,fcl,EU Imp,FOB,,,1,2026-10-05,,,2026-09-02 08:44:38.397000 UTC,2026-09-07 05:34:06.996000 UTC,2026-09-07 07:36:06.996000 UTC
HS-042497,SHP-068222,active,,,,sea,fcl,EU Exp,CPT,,,2,2026-09-30,,,2026-08-31 12:17:27.519000 UTC,2026-09-17 14:29:10.375000 UTC,2026-09-17 17:18:10.375000 UTC
HS-136641,SHP-072205,active,,CREF-165637,,sea,lcl,EU Imp,EXW,,2.9455,,2026-09-22,,TRUE,2026-08-26 04:50:32.586000 UTC,2026-09-18 10:41:46.727000 UTC,2026-09-18 14:37:46.727000 UTC
HS-221662,SHP-221414,completed,,,,air,lcl,EU Imp,EXW,130.83,,,2026-08-31,,TRUE,2026-08-21 11:02:52.636000 UTC,2026-09-07 09:32:29.123000 UTC,2026-09-07 12:58:29.123000 UTC
HS-170884,SHP-143458,completed,,,,air,lcl,EU Imp,EXW,878.46,,,2026-08-23,,TRUE,2026-08-20 05:25:49.381000 UTC,2026-09-16 09:59:41.261000 UTC,2026-09-16 11:54:41.261000 UTC
HS-016808,SHP-146905,active,,,,sea,fcl,EU Imp,FOB,,,2,2026-09-25,,,2026-08-18 06:19:01.023000 UTC,2026-09-11 08:01:54.001000 UTC,2026-09-11 08:52:54.001000 UTC
HS-103854,SHP-043437,active,,,,sea,fcl,EU Imp,FOB,,,2,2026-09-21,,,2026-08-13 14:17:26.727000 UTC,2026-09-18 01:27:49.531000 UTC,2026-09-18 04:58:49.531000 UTC
HS-105446,SHP-176016,active,,,,sea,fcl,EU Imp,FOB,,,4,2026-09-12,,,2026-08-05 05:58:34.537000 UTC,2026-09-18 08:54:47.532000 UTC,2026-09-18 11:47:47.532000 UTC
HS-222591,SHP-188708,active,,,,sea,lcl,EU Imp,FOB,,10.7,,2026-08-16,,,2026-07-29 07:33:47.982000 UTC,2026-09-16 12:29:53.440000 UTC,2026-09-16 15:31:53.440000 UTC
HS-067940,SHP-057792,active,,,,sea,fcl,EU Exp,CFR,,,2,2026-09-17,,,2026-07-27 14:50:33.650000 UTC,2026-09-18 12:10:22.418000 UTC,2026-09-18 12:52:22.418000 UTC
HS-177033,SHP-025127,canceled,BKG-020577,CREF-160186,carrierConfirmed,sea,fcl,EU Imp,FOB,,,2,2026-07-31,2026-07-13 09:44:11.039000 UTC,TRUE,2026-07-03 10:45:25.843000 UTC,2026-07-13 09:44:14.674000 UTC,2026-07-13 10:22:14.674000 UTC
HS-080540,SHP-203048,completed,,,,air,lcl,EU Imp,EXW,1264,,,2026-06-23,,TRUE,2026-06-16 10:42:52.737000 UTC,2026-07-06 07:23:48.102000 UTC,2026-07-06 09:35:48.102000 UTC
HS-116100,SHP-180367,completed,,,,air,lcl,EU Imp,EXW,263.53,,,2026-06-28,,TRUE,2026-06-16 08:42:37.316000 UTC,2026-08-28 09:32:10.479000 UTC,2026-08-28 11:12:10.479000 UTC
HS-152360,SHP-178281,completed,,CREF-100856,,sea,lcl,EU Imp,FOB,,0.12,,2026-07-02,,TRUE,2026-06-16 06:23:06.850000 UTC,2026-08-26 06:41:34.308000 UTC,2026-08-26 08:38:34.308000 UTC
HS-096292,SHP-179588,canceled,CBR-019580-0,CREF-111764,shipment,sea,fcl,EU Imp,CFR,,,4,2026-06-10,2026-06-10 17:04:41.862000 UTC,TRUE,2026-06-10 14:09:02.020000 UTC,2026-06-10 17:04:47.163000 UTC,2026-06-10 20:47:47.163000 UTC
HS-169575,SHP-143550,completed,,,,air,lcl,EU Imp,EXW,1193.51,,,2026-06-10,,TRUE,2026-06-03 09:34:53.729000 UTC,2026-06-30 09:29:57.657000 UTC,2026-06-30 12:04:57.657000 UTC
HS-006304,SHP-204236,canceled,CBR-017744-0,,shipment,sea,fcl,EU Imp,FOB,,,1,2026-06-04,2026-05-28 05:28:37.428000 UTC,FALSE,2026-05-26 12:27:31.004000 UTC,2026-06-19 11:33:44.364000 UTC,2026-06-19 12:14:44.364000 UTC
HS-141800,SHP-051832,completed,,CREF-064480,,sea,lcl,EU Imp,FOB,,6.2401,,2026-05-29,,TRUE,2026-05-13 14:21:11.479000 UTC,2026-08-04 13:24:01.442000 UTC,2026-08-04 17:08:01.442000 UTC
HS-181964,SHP-147798,completed,BKG-008740,CREF-120186,carrierConfirmed,sea,fcl,EU Imp,FOB,,,2,2026-05-07,,TRUE,2026-04-22 07:45:45.302000 UTC,2026-06-23 06:20:35.781000 UTC,2026-06-23 07:04:35.781000 UTC
HS-047869,SHP-089796,completed,,,,air,lcl,EU Imp,EXW,1042.22,,,2026-04-21,,TRUE,2026-04-16 01:07:55.106000 UTC,2026-05-22 08:29:57.398000 UTC,2026-05-22 09:02:57.398000 UTC
HS-175787,SHP-199893,completed,,CREF-078441,,sea,lcl,EU Imp,FOB,,1.27,,2026-05-03,,TRUE,2026-04-13 05:05:05.144000 UTC,2026-06-25 11:30:12.023000 UTC,2026-06-25 14:29:12.023000 UTC
HS-175910,SHP-063985,completed,,,,air,lcl,EU Imp,FOB,296.93,,,2026-04-17,,TRUE,2026-04-10 12:55:12.695000 UTC,2026-05-13 09:34:59.392000 UTC,2026-05-13 13:23:59.392000 UTC
HS-211939,SHP-014623,completed,,,,sea,fcl,EU Exp,CFR,,,1,2026-04-28,,,2026-03-19 07:59:01.075000 UTC,2026-06-24 04:47:12.804000 UTC,2026-06-24 05:22:12.804000 UTC
HS-129934,SHP-076411,completed,,CREF-054065,,sea,lcl,EU Exp,CFR,,1.452,,2026-04-15,,TRUE,2026-03-10 10:16:42.699000 UTC,2026-05-07 07:29:55.548000 UTC,2026-05-07 08:27:55.548000 UTC
HS-196610,SHP-160965,completed,,CREF-110033,,sea,lcl,EU Imp,FOB,,2.6099,,2026-02-12,,TRUE,2026-01-20 13:25:37.819000 UTC,2026-05-05 10:28:09.264000 UTC,2026-05-05 12:16:09.264000 UTC
HS-082902,SHP-081300,completed,,CREF-002420,,sea,lcl,EU Imp,FOB,,4.6098,,2026-02-06,,TRUE,2026-01-14 06:47:21.173000 UTC,2026-04-24 06:28:46.237000 UTC,2026-04-24 09:04:46.237000 UTC
HS-136277,SHP-012818,completed,,CREF-021180,,sea,lcl,EU Imp,FOB,,8.7198,,2026-01-10,,TRUE,2025-12-19 11:54:20.383000 UTC,2026-03-21 19:11:38.113000 UTC,2026-03-21 21:40:38.113000 UTC
HS-013727,SHP-128632,completed,,CREF-013075,,rail,lcl,EU Imp,EXW,,0.9035,,2026-01-17,,TRUE,2025-12-17 05:39:13.978000 UTC,2026-03-06 15:12:07.347000 UTC,2026-03-06 18:03:07.347000 UTC
HS-149568,SHP-063622,completed,,,,rail,fcl,EU Imp,EXW,,,2,2026-01-11,,TRUE,2025-12-02 12:54:16.590000 UTC,2026-02-11 17:10:13.765000 UTC,2026-02-11 17:53:13.765000 UTC
HS-193964,SHP-010532,active,,,,air,lcl,EU Exp,CPT,44,,,2026-09-18,,TRUE,2026-09-14 11:50:20.246000 UTC,2026-09-18 13:54:13.880000 UTC,2026-09-18 17:04:13.880000 UTC
HS-165820,SHP-218337,active,,CREF-163338,,sea,lcl,EU Imp,FOB,,7.8,,2026-09-30,,TRUE,2026-09-09 14:19:14.161000 UTC,2026-09-17 11:49:53.030000 UTC,2026-09-17 15:01:53.030000 UTC
HS-186183,SHP-013424,active,,,,sea,fcl,EU Imp,FOB,,,1,2026-10-03,,,2026-09-07 09:35:08.701000 UTC,2026-09-09 02:09:06.362000 UTC,2026-09-09 05:30:06.362000 UTC
HS-139325,SHP-006554,active,,,,sea,fcl,EU Imp,FOB,,,4,2026-10-04,,,2026-09-04 08:27:33.412000 UTC,2026-09-11 01:05:14.765000 UTC,2026-09-11 03:56:14.765000 UTC
HS-198696,SHP-150167,completed,,,,air,lcl,EU Imp,EXW,1304,,,2026-08-26,,TRUE,2026-08-18 13:00:37.435000 UTC,2026-09-03 17:56:40.973000 UTC,2026-09-03 20:35:40.973000 UTC
HS-207713,SHP-223903,active,,CREF-009918,,sea,lcl,EU Imp,FOB,,18.19,,2026-09-17,,TRUE,2026-08-07 08:25:44.497000 UTC,2026-09-17 07:58:46.555000 UTC,2026-09-17 10:11:46.555000 UTC
HS-126721,SHP-047836,active,,,,sea,fcl,EU Imp,FOB,,,2,2026-08-29,,,2026-08-07 07:28:31.622000 UTC,2026-09-16 15:00:29.911000 UTC,2026-09-16 17:44:29.911000 UTC
HS-182019,SHP-210576,active,,,,sea,fcl,EU Imp,FOB,,,2,2026-09-04,,,2026-08-04 09:50:43.281000 UTC,2026-09-18 12:00:06.455000 UTC,2026-09-18 13:47:06.455000 UTC
HS-055703,SHP-200920,active,,,,sea,fcl,EU Exp,CIF,,,2,2026-08-20,,,2026-07-30 13:12:34.407000 UTC,2026-09-17 15:00:16.441000 UTC,2026-09-17 18:14:16.441000 UTC
HS-055680,SHP-144959,active,,CREF-023127,,sea,lcl,EU Imp,EXW,,4.6599,,2026-08-25,,TRUE,2026-07-30 08:00:04.564000 UTC,2026-09-09 17:56:03.103000 UTC,2026-09-09 21:03:03.103000 UTC
HS-002516,SHP-184857,active,,,,sea,lcl,EU Imp,FOB,,5.0544,,2026-08-14,,TRUE,2026-07-28 09:25:00.662000 UTC,2026-08-11 04:06:31.241000 UTC,2026-08-11 06:21:31.241000 UTC
HS-083630,SHP-039187,active,,,,sea,fcl,EU Imp,FOB,,,1,2026-08-19,,,2026-07-24 12:56:04.986000 UTC,2026-09-12 19:00:10.606000 UTC,2026-09-12 19:52:10.606000 UTC
HS-164514,SHP-160087,active,CBR-011606-0,CREF-095521,carrierConfirmed,sea,fcl,EU Imp,FOB,,,2,2026-08-05,,TRUE,2026-07-23 09:57:01.505000 UTC,2026-09-18 08:55:51.394000 UTC,2026-09-18 11:28:51.394000 UTC
HS-152935,SHP-013641,canceled,CBR-027614-0,CREF-097444,carrierConfirmed,sea,fcl,EU Exp,CFR,,,1,2026-08-11,2026-07-14 11:13:00.324000 UTC,TRUE,2026-07-08 08:21:21.938000 UTC,2026-07-14 11:13:03.512000 UTC,2026-07-14 14:17:03.512000 UTC
HS-173899,SHP-032578,active,,CREF-110163,,sea,lcl,EU Imp,FOB,,6.53,,2026-08-26,,TRUE,2026-07-06 08:21:57.109000 UTC,2026-08-28 13:21:46.259000 UTC,2026-08-28 15:20:46.259000 UTC
HS-050268,SHP-027088,completed,,,,air,lcl,EU Exp,DAP,426,,,2026-06-19,,TRUE,2026-06-16 08:24:23.824000 UTC,2026-07-15 08:00:02.107000 UTC,2026-07-15 10:37:02.107000 UTC
HS-003121,SHP-187925,completed,BKG-033677,CREF-136950,carrierConfirmed,sea,fcl,EU Imp,FOB,,,2,2026-07-06,,TRUE,2026-06-10 06:32:13.273000 UTC,2026-09-11 08:54:30.402000 UTC,2026-09-11 09:25:30.402000 UTC
HS-120844,SHP-165554,completed,,,,sea,fcl,EU Imp,FOB,,,1,2026-06-26,,,2026-06-01 14:05:56.817000 UTC,2026-08-20 12:19:11.809000 UTC,2026-08-20 16:15:11.809000 UTC
HS-109286,SHP-017530,completed,,,,air,lcl,EU Imp,EXW,26,,,2026-06-01,,TRUE,2026-05-28 06:51:38.478000 UTC,2026-06-18 07:25:56.410000 UTC,2026-06-18 11:13:56.410000 UTC
HS-192399,SHP-210399,completed,,CREF-052865,,sea,fcl,EU Exp,CFR,,,8,2026-05-12,,TRUE,2026-04-29 10:07:02.118000 UTC,2026-06-23 06:08:43.099000 UTC,2026-06-23 06:20:43.099000 UTC
HS-069727,SHP-104701,completed,,CREF-122726,,sea,lcl,EU Imp,FOB,,15.997,,2026-05-18,,TRUE,2026-04-24 10:42:41.493000 UTC,2026-08-05 08:11:54.827000 UTC,2026-08-05 10:28:54.827000 UTC
HS-169275,SHP-006955,completed,,CREF-021592,,sea,fcl,EU Exp,FCA_LW,,,20,2026-05-20,,TRUE,2026-04-20 14:03:35.821000 UTC,2026-06-15 06:04:53.384000 UTC,2026-06-15 08:23:53.384000 UTC
HS-068844,SHP-155031,completed,,,,air,lcl,EU Imp,FOB,1654,,,2026-04-05,,TRUE,2026-04-01 13:42:36.433000 UTC,2026-05-20 08:27:07.691000 UTC,2026-05-20 12:04:07.691000 UTC
HS-070828,SHP-144125,completed,,CREF-007943,,rail,lcl,EU Imp,FOB,,2.6401,,2026-04-11,,TRUE,2026-03-27 09:41:29.821000 UTC,2026-06-17 07:05:47.977000 UTC,2026-06-17 09:35:47.977000 UTC
HS-168274,SHP-146650,canceled,,CREF-073950,,sea,fcl,EU Exp,CFR,,,16,2026-03-31,2026-03-04 10:57:23.408000 UTC,TRUE,2026-03-02 10:17:17.910000 UTC,2026-03-04 10:57:26.291000 UTC,2026-03-04 14:49:26.291000 UTC
HS-143862,SHP-058103,completed,,,,air,lcl,EU Imp,EXW,93,,,2026-02-12,,TRUE,2026-02-09 10:30:36.728000 UTC,2026-02-18 13:28:26.336000 UTC,2026-02-18 15:21:26.336000 UTC
HS-146817,SHP-100529,completed,,CREF-026637,,rail,lcl,EU Imp,EXW,,2.07,,2026-02-07,,TRUE,2026-02-05 09:29:01.636000 UTC,2026-05-04 15:32:03.642000 UTC,2026-05-04 16:09:03.642000 UTC
HS-120807,SHP-119298,completed,,CREF-034910,,sea,lcl,EU Imp,FOB,,16.0997,,2026-02-21,,TRUE,2026-02-04 13:04:43.898000 UTC,2026-04-29 11:53:51.301000 UTC,2026-04-29 13:13:51.301000 UTC
HS-001212,SHP-096500,completed,,CREF-045538,,rail,lcl,EU Imp,FOB,,0.3721,,2026-03-14,,TRUE,2026-02-03 08:15:56.786000 UTC,2026-04-17 10:17:58.260000 UTC,2026-04-17 10:54:58.260000 UTC
HS-189614,SHP-149421,completed,,,,air,lcl,EU Imp,EXW,541,,,2026-01-26,,TRUE,2026-01-20 10:18:56.140000 UTC,2026-02-26 09:02:29.199000 UTC,2026-02-26 12:34:29.199000 UTC
HS-148973,SHP-087262,completed,,CREF-035672,,sea,lcl,EU Imp,FOB,,7.9675,,2026-02-15,,TRUE,2026-01-06 08:56:20.326000 UTC,2026-04-23 10:48:15.524000 UTC,2026-04-23 11:25:15.524000 UTC
HS-033562,SHP-059991,canceled,CBR-007395-0,CREF-044919,shipmentnew,sea,fcl,EU Exp,EXW,,,6,2026-01-22,2026-08-31 13:55:49.790000 UTC,TRUE,2025-11-11 09:31:49.377000 UTC,2026-08-31 13:55:51.913000 UTC,2026-08-31 16:19:51.913000 UTC
HS-171434,SHP-036426,active,,,,sea,fcl,EU Imp,FOB,,,2,2026-08-28,,,2026-09-15 15:26:23.199000 UTC,2026-09-15 15:40:40.224000 UTC,2026-09-15 18:41:40.224000 UTC
HS-065197,SHP-050117,active,,,,air,lcl,EU Imp,FOB,152,,,2026-09-15,,TRUE,2026-09-10 11:34:57.638000 UTC,2026-09-18 07:12:11.114000 UTC,2026-09-18 09:21:11.114000 UTC
HS-033288,SHP-027222,active,,,,sea,fcl,EU Exp,CFR,,,1,2026-10-02,,,2026-09-08 07:47:14.944000 UTC,2026-09-09 10:29:31.440000 UTC,2026-09-09 10:51:31.440000 UTC
HS-001538,SHP-102590,active,CBR-003375-0,CREF-042715,carrierConfirmed,sea,fcl,EU Exp,CFR,,,2,2026-09-19,,TRUE,2026-09-08 07:20:42.231000 UTC,2026-09-17 19:04:24.623000 UTC,2026-09-17 21:41:24.623000 UTC
HS-064309,SHP-051848,active,,,,sea,fcl,EU Imp,FOB,,,10,2026-09-25,,,2026-09-08 07:12:33.392000 UTC,2026-09-14 12:37:37.131000 UTC,2026-09-14 13:45:37.131000 UTC
HS-194942,SHP-171889,active,,,,sea,fcl,EU Imp,FOB,,,2,2026-09-27,,,2026-09-03 06:08:36.265000 UTC,2026-09-09 07:19:39.417000 UTC,2026-09-09 09:46:39.417000 UTC
HS-097340,SHP-088906,active,,CREF-085097,,sea,lcl,EU Imp,FOB,,10.85,,2026-09-22,,TRUE,2026-09-02 08:39:48.887000 UTC,2026-09-16 02:15:42.266000 UTC,2026-09-16 03:21:42.266000 UTC
HS-070860,SHP-104585,active,CBR-007602-0,CREF-128188,shipment,sea,fcl,EU Imp,CIF,,,2,2026-09-11,,TRUE,2026-09-02 08:11:05.979000 UTC,2026-09-15 12:34:24.351000 UTC,2026-09-15 12:55:24.351000 UTC
HS-073911,SHP-166201,active,,,,sea,fcl,EU Exp,CFR,,,2,2026-10-15,,,2026-08-27 14:02:02.627000 UTC,2026-09-07 11:55:06.614000 UTC,2026-09-07 12:58:06.614000 UTC
HS-196744,SHP-153914,active,,CREF-019485,,rail,lcl,EU Imp,EXW,,3.1185,,2026-09-04,,TRUE,2026-08-26 11:44:03.059000 UTC,2026-09-08 12:40:05.251000 UTC,2026-09-08 13:09:05.251000 UTC
HS-154438,SHP-083855,active,CBR-001771-0,CREF-042813,shipment,sea,fcl,EU Imp,CIF,,,2,2026-09-10,,TRUE,2026-08-19 14:18:12.018000 UTC,2026-09-15 02:53:51.503000 UTC,2026-09-15 03:25:51.503000 UTC
HS-099668,SHP-086139,completed,,,,air,lcl,EU Imp,FOB,1472.9,,,2026-08-23,,TRUE,2026-08-17 08:32:05.025000 UTC,2026-08-28 09:06:12.937000 UTC,2026-08-28 09:30:12.937000 UTC
HS-042111,SHP-204648,active,,,,sea,fcl,EU Imp,FOB,,,2,2026-09-03,,,2026-08-05 07:21:39.111000 UTC,2026-09-16 23:00:11.559000 UTC,2026-09-17 01:14:11.559000 UTC
HS-186781,SHP-052952,active,,,,sea,fcl,EU Imp,FOB,,,1,2026-08-22,,,2026-07-31 05:26:31.998000 UTC,2026-09-12 03:52:23.275000 UTC,2026-09-12 07:25:23.275000 UTC
HS-156309,SHP-084380,active,,,,sea,fcl,EU Imp,FOB,,,2,2026-09-13,,,2026-07-30 10:10:33.028000 UTC,2026-09-17 21:00:06.054000 UTC,2026-09-17 22:58:06.054000 UTC
HS-133384,SHP-150278,active,,CREF-147162,,sea,lcl,EU Imp,FOB,,1.6702,,2026-08-23,,TRUE,2026-07-24 15:58:50.584000 UTC,2026-09-17 12:15:37.523000 UTC,2026-09-17 13:03:37.523000 UTC
HS-142217,SHP-011983,active,,,,sea,fcl,EU Exp,CFR,,,1,2026-08-12,,,2026-07-20 11:28:17.720000 UTC,2026-09-17 18:19:09.956000 UTC,2026-09-17 18:57:09.956000 UTC
HS-106847,SHP-128576,active,,CREF-083947,,sea,fcl,EU Imp,FOB,,,2,2026-07-31,,TRUE,2026-07-10 09:07:27.501000 UTC,2026-09-16 10:28:53.701000 UTC,2026-09-16 13:47:53.701000 UTC
HS-064236,SHP-156604,completed,CBR-002097-0,CREF-100121,carrierConfirmed,sea,fcl,EU Exp,CFR,,,1,2026-08-08,,TRUE,2026-07-03 10:14:34.678000 UTC,2026-08-27 13:57:38.665000 UTC,2026-08-27 17:08:38.665000 UTC
HS-153481,SHP-053538,completed,,,,sea,fcl,EU Exp,CIF,,,1,2026-07-14,,,2026-07-01 14:51:11.067000 UTC,2026-09-14 14:08:55.988000 UTC,2026-09-14 17:34:55.988000 UTC
HS-129387,SHP-168772,completed,,,,air,lcl,EU Imp,EXW,254,,,2026-06-30,,TRUE,2026-06-24 09:34:36.881000 UTC,2026-08-11 09:39:19.712000 UTC,2026-08-11 10:25:19.712000 UTC
HS-198580,SHP-069325,active,,,,sea,fcl,EU Imp,FOB,,,6,2026-08-06,,,2026-06-15 16:16:46.414000 UTC,2026-08-29 04:13:55.859000 UTC,2026-08-29 04:21:55.859000 UTC
HS-097497,SHP-062732,completed,,,,sea,fcl,EU Exp,CPT,,,2,2026-07-06,,,2026-06-10 13:09:43.999000 UTC,2026-08-04 17:02:26.635000 UTC,2026-08-04 21:01:26.635000 UTC
HS-189010,SHP-185185,completed,,CREF-076765,,rail,fcl,EU Imp,FCA_T,,,2,2026-06-27,,TRUE,2026-06-01 07:54:45.419000 UTC,2026-08-04 08:50:52.908000 UTC,2026-08-04 10:39:52.908000 UTC
HS-205545,SHP-159637,completed,,,,air,lcl,EU Imp,EXW,516.76,,,2026-05-29,,TRUE,2026-05-21 12:25:40.650000 UTC,2026-07-22 09:49:30.026000 UTC,2026-07-22 12:10:30.026000 UTC
HS-146335,SHP-132726,canceled,,,,sea,fcl,EU Imp,FOB,,,1,2026-05-19,2026-05-20 07:33:54.789000 UTC,TRUE,2026-05-20 06:55:52.723000 UTC,2026-05-20 07:33:55.551000 UTC,2026-05-20 09:16:55.551000 UTC
HS-086847,SHP-003899,completed,,CREF-034069,,sea,lcl,EU Imp,FOB,,10.6998,,2026-05-25,,TRUE,2026-05-11 09:38:36.446000 UTC,2026-08-07 16:02:00.656000 UTC,2026-08-07 18:46:00.656000 UTC
HS-155473,SHP-067749,completed,BKG-025167,CREF-152985,authorized,sea,fcl,EU Imp,CIF,,,2,2026-05-05,,TRUE,2026-05-04 09:16:14.011000 UTC,2026-05-27 14:09:09.241000 UTC,2026-05-27 17:41:09.241000 UTC
HS-129113,SHP-158679,completed,,CREF-016754,,rail,fcl,EU Imp,FOB,,,2,2026-05-22,,TRUE,2026-04-28 09:23:00.695000 UTC,2026-07-03 12:21:24.626000 UTC,2026-07-03 15:04:24.626000 UTC
HS-207256,SHP-155766,completed,,CREF-133664,,rail,lcl,EU Imp,FOB,,17.9,,2026-05-02,,TRUE,2026-04-13 09:26:33.323000 UTC,2026-06-11 08:31:13.150000 UTC,2026-06-11 08:52:13.150000 UTC
HS-088293,SHP-003404,canceled,,CREF-081408,,sea,lcl,EU Exp,DAP,,0.48,,2026-04-20,2026-04-07 12:17:53.461000 UTC,TRUE,2026-04-02 14:57:41.562000 UTC,2026-04-07 12:17:53.990000 UTC,2026-04-07 14:58:53.990000 UTC
HS-098419,SHP-125600,completed,,CREF-076219,,sea,lcl,EU Exp,CFR,,1.257,,2026-05-08,,TRUE,2026-03-20 10:16:19.854000 UTC,2026-07-06 06:38:27.004000 UTC,2026-07-06 09:08:27.004000 UTC
HS-108854,SHP-033276,completed,,,,air,lcl,EU Imp,FOB,309,,,2026-02-19,,TRUE,2026-02-03 08:48:12.569000 UTC,2026-03-13 11:34:31.114000 UTC,2026-03-13 13:04:31.114000 UTC
HS-087685,SHP-095323,canceled,CBR-027985-0,CREF-154541,renomination,sea,fcl,EU Exp,DAP,,,18,2026-02-02,2026-01-30 16:18:37.844000 UTC,TRUE,2026-01-21 06:41:23.116000 UTC,2026-01-30 16:18:40.806000 UTC,2026-01-30 16:43:40.806000 UTC
HS-010640,SHP-147991,completed,CBR-020969-0,CREF-141212,carrierConfirmed,sea,fcl,EU Exp,FCA_LW,,,10,2026-02-09,,TRUE,2026-01-20 14:49:10.836000 UTC,2026-04-20 12:22:17.367000 UTC,2026-04-20 12:28:17.367000 UTC
HS-051480,SHP-031132,completed,,,,air,lcl,EU Imp,EXW,83,,,2026-01-21,,TRUE,2026-01-19 08:47:55.526000 UTC,2026-02-19 13:56:59.383000 UTC,2026-02-19 14:58:59.383000 UTC
HS-196655,SHP-176849,completed,,,,air,lcl,EU Exp,CPT,467,,,2026-01-03,,TRUE,2025-12-22 07:41:43.634000 UTC,2026-03-12 11:08:12.361000 UTC,2026-03-12 13:51:12.361000 UTC
HS-129538,SHP-097713,active,,,,sea,lcl,EU Imp,FOB,,8.46,,2026-09-27,,TRUE,2026-09-09 07:51:04.185000 UTC,2026-09-16 08:36:12.010000 UTC,2026-09-16 10:37:12.010000 UTC
HS-162962,SHP-193301,active,,CREF-164029,,rail,lcl,EU Imp,CFR,,20.99,,2026-08-20,,TRUE,2026-09-08 07:19:29.922000 UTC,2026-09-16 13:24:23.145000 UTC,2026-09-16 15:33:23.145000 UTC
HS-046396,SHP-186660,active,,,,sea,fcl,EU Imp,FOB,,,1,2026-10-03,,,2026-09-07 08:50:03.154000 UTC,2026-09-10 06:41:34.848000 UTC,2026-09-10 09:49:34.848000 UTC
HS-083578,SHP-214933,active,,CREF-013501,,sea,lcl,EU Imp,FOB,,6,,2026-10-01,,TRUE,2026-09-04 12:14:03.269000 UTC,2026-09-17 06:50:19.214000 UTC,2026-09-17 08:13:19.214000 UTC
HS-148365,SHP-001842,active,,,,sea,fcl,EU Imp,FOB,,,2,2026-09-24,,,2026-09-04 09:00:07.504000 UTC,2026-09-17 18:45:09.185000 UTC,2026-09-17 22:10:09.185000 UTC
HS-173528,SHP-058396,active,,CREF-084125,,sea,lcl,EU Imp,FOB,,13.5696,,2026-09-10,,TRUE,2026-08-26 07:54:39.167000 UTC,2026-09-16 08:16:41.646000 UTC,2026-09-16 12:01:41.646000 UTC
HS-146634,SHP-050884,active,,,,sea,fcl,EU Imp,FOB,,,2,2026-09-05,,,2026-08-21 12:48:16.766000 UTC,2026-09-18 06:00:09.504000 UTC,2026-09-18 09:15:09.504000 UTC
HS-098584,SHP-180432,completed,,,,air,lcl,EU Imp,FOB,386,,,2026-08-15,,TRUE,2026-08-12 07:27:10.292000 UTC,2026-09-11 08:14:11.794000 UTC,2026-09-11 09:29:11.794000 UTC
HS-035548,SHP-144318,completed,,,,air,lcl,EU Exp,CPT,433,,,2026-08-15,,TRUE,2026-08-12 06:50:28.809000 UTC,2026-09-10 12:02:36.072000 UTC,2026-09-10 13:04:36.072000 UTC
HS-110637,SHP-221635,active,,,,sea,fcl,EU Imp,FOB,,,2,2026-09-02,,,2026-08-06 08:17:26.103000 UTC,2026-09-16 09:00:05.800000 UTC,2026-09-16 11:25:05.800000 UTC
HS-137061,SHP-158923,completed,,CREF-017460,,rail,lcl,EU Imp,DAP,,8.47,,2026-07-20,,TRUE,2026-07-27 09:00:43.937000 UTC,2026-09-01 11:18:47.729000 UTC,2026-09-01 12:42:47.729000 UTC
HS-057284,SHP-183197,canceled,CBR-016218-0,,shipment,sea,fcl,EU Imp,CIF,,,2,2026-08-06,2026-08-04 10:48:39.982000 UTC,TRUE,2026-07-24 12:02:06.591000 UTC,2026-08-04 10:48:49.305000 UTC,2026-08-04 14:14:49.305000 UTC
HS-197747,SHP-175446,active,,,,sea,fcl,EU Imp,FOB,,,2,2026-09-13,,,2026-07-16 09:00:00.277000 UTC,2026-09-17 14:00:36.345000 UTC,2026-09-17 16:42:36.345000 UTC
HS-020019,SHP-019484,canceled,,CREF-053962,,sea,fcl,EU Exp,FCA_LW,,,4,2026-09-07,2026-08-21 08:17:20.443000 UTC,TRUE,2026-07-06 14:49:48.221000 UTC,2026-08-21 08:17:21.338000 UTC,2026-08-21 08:53:21.338000 UTC
HS-031566,SHP-071221,completed,,CREF-154283,,rail,lcl,EU Imp,FOB,,6.0731,,2026-06-24,,TRUE,2026-06-16 05:56:40.344000 UTC,2026-08-05 07:27:32.479000 UTC,2026-08-05 07:36:32.479000 UTC
HS-198274,SHP-098263,completed,,CREF-121309,,rail,lcl,EU Imp,FOB,,1.248,,2026-06-17,,TRUE,2026-05-29 08:14:26.565000 UTC,2026-08-05 12:06:56.599000 UTC,2026-08-05 13:30:56.599000 UTC
HS-145523,SHP-109532,completed,,,,sea,fcl,EU Exp,DAP,,,2,2026-06-11,,,2026-05-27 15:14:40.902000 UTC,2026-07-08 12:04:14.880000 UTC,2026-07-08 12:58:14.880000 UTC
HS-022351,SHP-172958,completed,,,,sea,fcl,EU Exp,CFR,,,20,2026-06-14,,,2026-05-26 12:26:43.604000 UTC,2026-09-08 06:53:35.073000 UTC,2026-09-08 08:17:35.073000 UTC
HS-131452,SHP-191154,completed,,,,air,lcl,EU Imp,EXW,196,,,2026-05-23,,TRUE,2026-05-18 07:41:19.766000 UTC,2026-05-29 11:30:09.271000 UTC,2026-05-29 12:29:09.271000 UTC
HS-195645,SHP-011433,completed,BKG-005642,CREF-054842,carrierConfirmed,sea,fcl,EU Imp,FOB,,,6,2026-05-24,,TRUE,2026-05-12 19:58:33.235000 UTC,2026-09-11 01:06:20.094000 UTC,2026-09-11 02:36:20.094000 UTC
HS-121542,SHP-212202,canceled,CBR-008298-0,CREF-103875,carrierContacted,sea,fcl,EU Exp,CFR,,,1,2026-06-09,2026-05-20 09:12:09.027000 UTC,FALSE,2026-05-12 12:13:15.445000 UTC,2026-05-20 09:12:12.323000 UTC,2026-05-20 10:49:12.323000 UTC
HS-208338,SHP-115387,completed,,CREF-025178,,sea,fcl,EU Imp,FOB,,,2,2026-06-08,,TRUE,2026-05-06 13:10:22.022000 UTC,2026-09-03 10:36:27.141000 UTC,2026-09-03 14:00:27.141000 UTC
HS-126061,SHP-134594,completed,BKG-019221,CREF-164576,carrierConfirmed,sea,fcl,EU Imp,FOB,,,2,2026-06-06,,TRUE,2026-05-06 12:35:34.438000 UTC,2026-08-18 10:15:15.264000 UTC,2026-08-18 10:56:15.264000 UTC
HS-076562,SHP-170087,completed,,,,air,lcl,EU Exp,EXW,50,,,2026-05-02,,TRUE,2026-04-28 09:07:25.345000 UTC,2026-06-29 07:33:57.639000 UTC,2026-06-29 08:30:57.639000 UTC
HS-043479,SHP-017964,completed,,CREF-143994,,rail,fcl,EU Imp,FCA_LW,,,2,2026-05-10,,TRUE,2026-04-16 07:03:21.133000 UTC,2026-06-11 07:16:08.402000 UTC,2026-06-11 10:15:08.402000 UTC
HS-059441,SHP-146979,completed,,,,air,lcl,EU Imp,EXW,752,,,2026-04-06,,TRUE,2026-03-30 17:29:27.293000 UTC,2026-04-15 14:13:49.852000 UTC,2026-04-15 18:11:49.852000 UTC
HS-085912,SHP-155927,completed,BKG-032044,CREF-109483,carrierConfirmed,sea,fcl,EU Imp,EXW,,,3,2026-03-29,,TRUE,2026-03-09 10:44:08.914000 UTC,2026-06-05 04:17:36.676000 UTC,2026-06-05 06:50:36.676000 UTC
HS-071063,SHP-041120,completed,,CREF-087911,,sea,lcl,EU Imp,FOB,,17,,2026-03-19,,TRUE,2026-03-04 12:26:16.305000 UTC,2026-05-25 18:35:05.115000 UTC,2026-05-25 19:11:05.115000 UTC
HS-008551,SHP-125379,canceled,,CREF-063140,,sea,fcl,EU Exp,DAP,,,20,2026-03-02,2026-02-22 19:48:27.800000 UTC,TRUE,2026-02-10 16:18:52.306000 UTC,2026-02-22 19:48:32.189000 UTC,2026-02-22 20:05:32.189000 UTC
HS-176976,SHP-092963,completed,,CREF-095559,,sea,lcl,EU Imp,FOB,,10.4037,,2026-02-19,,TRUE,2026-01-26 14:29:37.545000 UTC,2026-05-13 02:41:05.943000 UTC,2026-05-13 04:24:05.943000 UTC
HS-077381,SHP-078700,completed,BKG-009310,CREF-113006,carrierConfirmed,sea,fcl,EU Imp,FOB,,,2,2026-02-02,,TRUE,2026-01-14 07:15:11.470000 UTC,2026-03-27 08:41:05.012000 UTC,2026-03-27 11:28:05.012000 UTC
HS-205148,SHP-054234,completed,,CREF-030257,,sea,lcl,EU Imp,FOB,,4.4628,,2026-01-10,,TRUE,2025-12-11 11:57:34.777000 UTC,2026-02-26 13:12:58.046000 UTC,2026-02-26 16:44:58.046000 UTC
HS-137868,SHP-025595,active,,,,air,lcl,EU Exp,CPT,4270,,,2026-09-19,,TRUE,2026-09-17 14:12:10.151000 UTC,2026-09-18 12:23:11.258000 UTC,2026-09-18 13:58:11.258000 UTC
HS-033180,SHP-135295,active,,,,air,lcl,EU Imp,EXW,725.76,,,2026-09-22,,TRUE,2026-09-17 07:57:46.156000 UTC,2026-09-18 07:50:46.262000 UTC,2026-09-18 10:10:46.262000 UTC
HS-092703,SHP-132130,active,,,,sea,lcl,EU Imp,FOB,,2.208,,2026-09-22,,TRUE,2026-09-14 18:36:31.399000 UTC,2026-09-16 12:51:38.568000 UTC,2026-09-16 15:20:38.568000 UTC
HS-133485,SHP-131885,active,,,,air,lcl,EU Imp,EXW,1755.6,,,2026-09-17,,TRUE,2026-09-10 09:09:57.559000 UTC,2026-09-18 09:58:17.934000 UTC,2026-09-18 11:39:17.934000 UTC
HS-139220,SHP-048619,active,CBR-011068-0,CREF-007713,carrierConfirmed,sea,fcl,EU Exp,CIF,,,6,2026-09-29,,TRUE,2026-08-27 09:29:00.477000 UTC,2026-09-09 12:25:08.159000 UTC,2026-09-09 14:51:08.159000 UTC
HS-163367,SHP-089336,completed,,,,air,lcl,EU Imp,EXW,302.58,,,2026-08-31,,TRUE,2026-08-27 03:33:37.749000 UTC,2026-09-16 09:50:29.557000 UTC,2026-09-16 11:08:29.557000 UTC
HS-170373,SHP-045094,active,,CREF-027734,,rail,lcl,EU Imp,FOB,,0.48,,2026-08-26,,TRUE,2026-08-13 08:49:00.330000 UTC,2026-08-31 05:47:53.088000 UTC,2026-08-31 08:00:53.088000 UTC
HS-093531,SHP-044949,active,,,,sea,fcl,EU Imp,FOB,,,1,2026-08-31,,,2026-08-05 08:12:07.834000 UTC,2026-09-18 14:00:19.607000 UTC,2026-09-18 14:33:19.607000 UTC
HS-079841,SHP-075999,completed,,,,sea,fcl,EU Exp,EXW,,,2,2026-08-05,,,2026-07-27 09:33:59.584000 UTC,2026-09-10 07:58:51.349000 UTC,2026-09-10 10:18:51.349000 UTC
HS-108189,SHP-017233,active,,,,sea,fcl,EU Imp,FOB,,,1,2026-08-19,,,2026-07-27 09:10:10.885000 UTC,2026-09-14 12:03:04.907000 UTC,2026-09-14 14:00:04.907000 UTC
HS-129295,SHP-124931,completed,,,,air,lcl,EU Imp,EXW,1925,,,2026-07-21,,TRUE,2026-07-15 19:06:29.426000 UTC,2026-08-04 08:32:37.712000 UTC,2026-08-04 12:03:37.712000 UTC
HS-186914,SHP-204040,completed,,,,air,lcl,EU Exp,DAP,1822,,,2026-07-18,,TRUE,2026-07-08 16:09:55.926000 UTC,2026-08-13 10:46:03.070000 UTC,2026-08-13 14:17:03.070000 UTC
HS-174222,SHP-209207,active,CBR-014531-0,CREF-163320,carrierConfirmed,sea,fcl,EU Imp,FOB,,,1,2026-08-17,,TRUE,2026-06-26 10:00:09.008000 UTC,2026-09-14 23:30:23.239000 UTC,2026-09-15 01:14:23.239000 UTC
HS-193124,SHP-155687,active,CBR-029918-0,CREF-148466,carrierConfirmed,sea,fcl,EU Exp,CIF,,,2,2026-07-27,,TRUE,2026-06-24 07:25:45.961000 UTC,2026-09-18 08:03:35.859000 UTC,2026-09-18 10:16:35.859000 UTC
HS-089326,SHP-027015,active,CBR-007093-0,CREF-103295,carrierConfirmed,sea,fcl,EU Imp,FOB,,,2,2026-08-18,,TRUE,2026-06-18 06:42:51.925000 UTC,2026-08-21 07:29:30.042000 UTC,2026-08-21 10:18:30.042000 UTC
HS-217438,SHP-207195,completed,,,,sea,fcl,EU Exp,FCA_LW,,,6,2026-07-09,,,2026-06-12 11:32:47.939000 UTC,2026-09-03 11:52:41.356000 UTC,2026-09-03 12:02:41.356000 UTC
HS-220174,SHP-024828,canceled,,CREF-050892,,rail,lcl,EU Imp,EXW,,13.8003,,2026-06-18,2026-07-20 13:21:56.112000 UTC,TRUE,2026-05-29 10:14:30.279000 UTC,2026-07-20 13:21:56.666000 UTC,2026-07-20 17:16:56.666000 UTC
HS-139382,SHP-137719,completed,,CREF-079379,,sea,lcl,EU Imp,FOB,,3.408,,2026-06-17,,TRUE,2026-05-27 12:43:14.538000 UTC,2026-09-03 18:47:31.145000 UTC,2026-09-03 20:53:31.145000 UTC
HS-151217,SHP-038127,completed,,,,sea,fcl,EU Imp,FOB,,,1,2026-06-13,,,2026-05-25 07:27:11.498000 UTC,2026-08-18 10:43:22.575000 UTC,2026-08-18 14:39:22.575000 UTC
HS-091728,SHP-021531,completed,,CREF-037899,,rail,lcl,EU Imp,EXW,,7.2514,,2026-05-22,,TRUE,2026-05-11 07:20:54.667000 UTC,2026-07-06 11:39:30.457000 UTC,2026-07-06 13:00:30.457000 UTC
HS-141533,SHP-020895,completed,,CREF-018813,,sea,lcl,EU Imp,FOB,,9.772,,2026-05-10,,TRUE,2026-04-13 08:49:22.212000 UTC,2026-07-16 08:39:12.181000 UTC,2026-07-16 10:46:12.181000 UTC
HS-192198,SHP-142264,canceled,,,,rail,lcl,EU Imp,FOB,,4.992,,2026-04-19,2026-04-17 12:47:08.726000 UTC,TRUE,2026-04-02 10:16:18.955000 UTC,2026-04-17 12:47:09.524000 UTC,2026-04-17 13:29:09.524000 UTC
HS-073436,SHP-062867,completed,,,,sea,fcl,EU Exp,CIF,,,1,2026-03-25,,,2026-03-11 11:47:11.432000 UTC,2026-05-26 04:48:37.841000 UTC,2026-05-26 08:04:37.841000 UTC
HS-121555,SHP-177748,completed,,,,air,lcl,EU Imp,FOB,154.96,,,2026-03-19,,TRUE,2026-03-11 09:29:01.206000 UTC,2026-04-21 13:53:55.526000 UTC,2026-04-21 15:43:55.526000 UTC
HS-059846,SHP-134032,completed,,,,air,lcl,EU Imp,EXW,64,,,2026-03-15,,TRUE,2026-03-10 12:23:17.301000 UTC,2026-04-28 09:28:35.891000 UTC,2026-04-28 09:45:35.891000 UTC
HS-116652,SHP-200832,completed,,,,air,lcl,EU Imp,FOB,242,,,2026-03-06,,TRUE,2026-03-02 14:17:06.837000 UTC,2026-03-30 13:07:37.570000 UTC,2026-03-30 13:40:37.570000 UTC
HS-101492,SHP-171931,completed,,CREF-126090,,sea,fcl,EU Imp,FOB,,,3,2026-03-09,,TRUE,2026-02-25 09:17:05.148000 UTC,2026-05-15 12:05:36.571000 UTC,2026-05-15 15:56:36.571000 UTC
HS-140534,SHP-111309,completed,,,,air,lcl,EU Imp,FOB,2794.6,,,2026-02-22,,TRUE,2026-02-03 13:59:05.331000 UTC,2026-03-23 13:14:22.161000 UTC,2026-03-23 15:02:22.161000 UTC
HS-106535,SHP-056671,completed,,CREF-120724,,sea,lcl,EU Imp,EXW,,2.7101,,2026-02-15,,TRUE,2026-01-15 16:22:44.059000 UTC,2026-05-20 09:32:41.033000 UTC,2026-05-20 11:39:41.033000 UTC
HS-102986,SHP-141106,completed,,CREF-145372,,sea,lcl,EU Imp,FOB,,8.1604,,2026-02-22,,TRUE,2026-01-14 09:21:48.780000 UTC,2026-05-05 10:53:14.018000 UTC,2026-05-05 12:08:14.018000 UTC
HS-072854,SHP-108183,completed,CBR-025988-0,CREF-037494,carrierConfirmed,sea,fcl,EU Exp,CIF,,,6,2026-01-27,,TRUE,2026-01-06 11:23:20.748000 UTC,2026-03-30 05:54:40.450000 UTC,2026-03-30 09:05:40.450000 UTC
HS-163226,SHP-125149,canceled,CBR-018841-0,,shipment,sea,fcl,EU Imp,FOB,,,2,2026-10-15,2026-09-14 07:56:15.200000 UTC,FALSE,2026-09-10 19:24:55.592000 UTC,2026-09-14 07:56:19.099000 UTC,2026-09-14 08:10:19.099000 UTC
HS-109881,SHP-132990,active,,,,sea,fcl,EU Imp,FOB,,,2,2026-09-27,,,2026-09-08 07:15:11.316000 UTC,2026-09-15 09:26:54.871000 UTC,2026-09-15 11:59:54.871000 UTC
HS-029788,SHP-151332,active,,,,sea,fcl,EU Imp,FOB,,,2,2026-09-27,,,2026-09-07 08:14:01.087000 UTC,2026-09-18 09:51:20.500000 UTC,2026-09-18 10:18:20.500000 UTC
HS-211206,SHP-181873,active,,,,sea,fcl,EU Imp,FOB,,,4,2026-09-19,,,2026-09-03 06:16:11.635000 UTC,2026-09-03 08:59:41.873000 UTC,2026-09-03 12:41:41.873000 UTC
HS-205647,SHP-086675,active,,,,sea,fcl,EU Exp,CFR,,,2,2026-09-15,,,2026-09-02 10:51:09.004000 UTC,2026-09-17 17:08:27.661000 UTC,2026-09-17 18:09:27.661000 UTC
HS-120508,SHP-158253,active,,,,sea,fcl,EU Imp,FOB,,,2,2026-09-25,,,2026-08-24 14:53:36.843000 UTC,2026-09-11 08:03:55.734000 UTC,2026-09-11 11:26:55.734000 UTC
HS-224441,SHP-080971,active,,,,sea,fcl,CrossT,CFR,,,12,2026-08-16,,,2026-08-14 09:40:15.283000 UTC,2026-09-18 04:33:05.236000 UTC,2026-09-18 07:08:05.236000 UTC
HS-169551,SHP-118769,active,,,,sea,fcl,EU Imp,FOB,,,2,2026-09-05,,,2026-08-13 07:25:29.398000 UTC,2026-09-18 07:00:08.929000 UTC,2026-09-18 08:02:08.929000 UTC
HS-205378,SHP-176391,active,,CREF-096116,,rail,lcl,EU Imp,EXW,,1.8824,,2026-08-28,,TRUE,2026-08-10 13:54:51.491000 UTC,2026-09-17 14:15:37.622000 UTC,2026-09-17 14:59:37.622000 UTC
HS-220180,SHP-010257,active,,,,sea,fcl,EU Imp,FOB,,,2,2026-09-16,,,2026-08-10 08:26:52.462000 UTC,2026-09-16 07:43:41.573000 UTC,2026-09-16 10:29:41.573000 UTC
HS-101675,SHP-117901,active,,,,sea,fcl,EU Imp,FOB,,,2,2026-09-01,,,2026-08-04 12:23:36.601000 UTC,2026-09-18 05:03:22.186000 UTC,2026-09-18 05:53:22.186000 UTC
HS-038342,SHP-019449,active,,,,sea,fcl,EU Imp,FOB,,,2,2026-09-02,,,2026-07-31 08:21:50.802000 UTC,2026-09-17 07:38:22.099000 UTC,2026-09-17 08:45:22.099000 UTC
HS-175414,SHP-121736,active,,,,sea,fcl,EU Imp,FOB,,,3,2026-08-19,,,2026-07-27 09:35:29.572000 UTC,2026-09-13 20:00:28.548000 UTC,2026-09-13 20:43:28.548000 UTC
HS-065682,SHP-049519,active,BKG-010193,CREF-052702,carrierConfirmed,sea,fcl,EU Imp,FOB,,,1,2026-08-03,,TRUE,2026-07-17 11:06:01.056000 UTC,2026-09-18 13:41:57.724000 UTC,2026-09-18 16:44:57.724000 UTC
HS-183480,SHP-085364,completed,,CREF-027998,,rail,lcl,EU Imp,FOB,,15.43,,2026-06-27,,TRUE,2026-06-30 14:06:17.614000 UTC,2026-08-05 06:40:48.105000 UTC,2026-08-05 10:17:48.105000 UTC
HS-011536,SHP-009521,active,BKG-018645,CREF-031546,carrierConfirmed,sea,fcl,EU Imp,FOB,,,1,2026-08-07,,TRUE,2026-06-11 15:27:08.922000 UTC,2026-08-20 01:00:55.050000 UTC,2026-08-20 02:47:55.050000 UTC
HS-153549,SHP-142579,completed,,,,air,lcl,EU Imp,FOB,1302.02,,,2026-06-09,,TRUE,2026-06-09 09:13:59.317000 UTC,2026-08-04 15:03:48.232000 UTC,2026-08-04 15:48:48.232000 UTC
HS-166114,SHP-062273,completed,BKG-002115,CREF-075088,carrierConfirmed,sea,fcl,EU Imp,FOB,,,4,2026-06-25,,TRUE,2026-06-09 06:21:54.263000 UTC,2026-08-28 06:01:14.993000 UTC,2026-08-28 06:51:14.993000 UTC
HS-108422,SHP-114618,canceled,,CREF-147382,,rail,lcl,EU Imp,EXW,,2.4531,,2026-07-04,2026-06-30 13:10:15.788000 UTC,TRUE,2026-05-28 18:02:43.676000 UTC,2026-06-30 13:10:16.102000 UTC,2026-06-30 16:03:16.102000 UTC
HS-048486,SHP-071857,completed,,CREF-068928,,sea,lcl,EU Imp,FOB,,3.1454,,2026-06-21,,TRUE,2026-05-28 13:15:01.928000 UTC,2026-08-31 17:51:09.695000 UTC,2026-08-31 19:44:09.695000 UTC
HS-126078,SHP-040617,completed,,,,sea,fcl,EU Exp,CPT,,,6,2026-06-23,,,2026-05-21 11:03:39.589000 UTC,2026-07-20 05:41:05.677000 UTC,2026-07-20 08:31:05.677000 UTC
HS-023631,SHP-173839,completed,,CREF-094866,,rail,lcl,EU Imp,FCA_T,,2.4,,2026-06-11,,TRUE,2026-05-15 08:43:36.628000 UTC,2026-07-20 11:46:27.927000 UTC,2026-07-20 11:51:27.927000 UTC
HS-208044,SHP-203388,completed,,CREF-021360,,rail,lcl,EU Imp,FOB,,5.1502,,2026-06-17,,TRUE,2026-05-11 15:15:01.505000 UTC,2026-08-07 07:43:34.797000 UTC,2026-08-07 09:16:34.797000 UTC
HS-098273,SHP-009472,canceled,CBR-029261-0,CREF-063858,nominated,sea,fcl,EU Exp,CFR,,,8,2026-05-19,2026-04-29 11:26:58.746000 UTC,FALSE,2026-04-15 12:31:48.398000 UTC,2026-04-29 11:27:05.475000 UTC,2026-04-29 14:09:05.475000 UTC
HS-154144,SHP-171679,completed,,,,air,lcl,EU Exp,CPT,148,,,2026-04-21,,TRUE,2026-04-13 06:47:01.038000 UTC,2026-05-15 13:08:12.015000 UTC,2026-05-15 15:04:12.015000 UTC
HS-090019,SHP-042710,active,,,,sea,lcl,CrossT,FOB,,2.82,,2026-04-15,,TRUE,2026-04-10 04:04:38.005000 UTC,2026-04-10 04:11:38.342000 UTC,2026-04-10 06:05:38.342000 UTC
HS-116138,SHP-082033,completed,,,,air,lcl,EU Exp,DDP,931.2,,,2026-04-01,,TRUE,2026-03-24 09:09:34.372000 UTC,2026-04-21 15:00:19.562000 UTC,2026-04-21 16:40:19.562000 UTC
HS-212727,SHP-140016,completed,,CREF-144739,,sea,fcl,EU Exp,DAP,,,2,2026-04-01,,TRUE,2026-03-02 15:00:57.338000 UTC,2026-05-25 09:09:49.529000 UTC,2026-05-25 09:59:49.529000 UTC
HS-203811,SHP-091632,active,,CREF-154541,,sea,lcl,EU Imp,FOB,,2.16,,2026-09-29,,TRUE,2026-09-08 08:24:20.235000 UTC,2026-09-18 06:59:54.397000 UTC,2026-09-18 07:05:54.397000 UTC
HS-199422,SHP-113234,active,CBR-028344-0,CREF-054529,carrierConfirmed,sea,fcl,EU Exp,EXW,,,2,2026-09-29,,TRUE,2026-08-31 08:57:18.797000 UTC,2026-09-17 13:44:12.833000 UTC,2026-09-17 16:42:12.833000 UTC
HS-083118,SHP-121998,completed,,,,air,lcl,EU Imp,FOB,912.91,,,2026-08-30,,TRUE,2026-08-31 08:25:54.627000 UTC,2026-09-14 15:28:40.872000 UTC,2026-09-14 16:26:40.872000 UTC
HS-097978,SHP-086957,completed,,,,rail,fcl,EU Imp,CFR,,,2,2026-08-01,,TRUE,2026-08-28 06:29:36.698000 UTC,2026-09-11 15:35:38.805000 UTC,2026-09-11 15:43:38.805000 UTC
HS-014750,SHP-085113,active,,,,sea,fcl,EU Exp,CFR,,,1,2026-09-07,,,2026-08-20 10:20:18.841000 UTC,2026-09-11 13:22:10.336000 UTC,2026-09-11 17:04:10.336000 UTC
HS-075957,SHP-049249,active,,CREF-127371,,rail,lcl,EU Imp,FOB,,4.8148,,2026-08-25,,TRUE,2026-08-13 08:15:04.243000 UTC,2026-09-14 08:43:42.917000 UTC,2026-09-14 10:13:42.917000 UTC
HS-118056,SHP-069963,canceled,,,,sea,lcl,EU Imp,FOB,,12.0163,,2026-09-02,2026-08-19 13:18:30.097000 UTC,TRUE,2026-08-12 14:17:14.440000 UTC,2026-08-19 13:18:30.703000 UTC,2026-08-19 16:17:30.703000 UTC
HS-161058,SHP-193264,active,,,,sea,fcl,EU Exp,CIF,,,1,2026-08-24,,,2026-08-03 15:10:30.863000 UTC,2026-09-17 17:32:26.293000 UTC,2026-09-17 19:10:26.293000 UTC
HS-215299,SHP-014698,active,,,,sea,fcl,EU Imp,FOB,,,2,2026-09-13,,,2026-07-30 09:21:32.825000 UTC,2026-09-17 20:00:31.064000 UTC,2026-09-17 20:11:31.064000 UTC
HS-033900,SHP-051830,active,,,,sea,lcl,EU Imp,FOB,,2.6006,,2026-08-16,,,2026-07-29 06:48:04.669000 UTC,2026-09-17 12:12:41.128000 UTC,2026-09-17 12:31:41.128000 UTC
HS-029323,SHP-150060,completed,,,,sea,fcl,CrossT,DAP,,,4,2026-08-03,,,2026-07-28 09:01:58.103000 UTC,2026-08-28 08:02:31.072000 UTC,2026-08-28 08:18:31.072000 UTC
HS-144648,SHP-095751,active,,CREF-069454,,rail,lcl,EU Imp,EXW,,7.38,,2026-09-09,,TRUE,2026-07-27 08:20:03.203000 UTC,2026-09-17 10:13:56.582000 UTC,2026-09-17 12:20:56.582000 UTC
HS-014954,SHP-057688,completed,,,,air,lcl,EU Imp,FOB,52,,,2026-07-27,,TRUE,2026-07-24 06:48:24.727000 UTC,2026-08-17 12:32:36.501000 UTC,2026-08-17 15:30:36.501000 UTC
HS-112518,SHP-035034,completed,,CREF-002531,,rail,lcl,EU Imp,EXW,,3.2928,,2026-08-05,,TRUE,2026-07-22 06:59:18.386000 UTC,2026-09-08 12:07:38.637000 UTC,2026-09-08 13:00:38.637000 UTC
HS-118914,SHP-049581,completed,,CREF-154251,,rail,fcl,EU Imp,EXW,,,2,2026-08-08,,TRUE,2026-07-21 06:09:54.411000 UTC,2026-09-09 13:52:30.540000 UTC,2026-09-09 15:03:30.540000 UTC
HS-158959,SHP-120582,active,,,,sea,fcl,EU Imp,FCA_T,,,2,2026-08-30,,,2026-07-21 01:51:45.624000 UTC,2026-09-17 22:00:11.059000 UTC,2026-09-17 23:13:11.059000 UTC
HS-035972,SHP-106643,active,CBR-002329-0,CREF-002993,carrierConfirmed,sea,fcl,EU Imp,FOB,,,2,2026-08-31,,TRUE,2026-07-20 06:38:49.401000 UTC,2026-09-10 22:00:09.491000 UTC,2026-09-11 00:35:09.491000 UTC
HS-147407,SHP-099425,active,,CREF-120975,,sea,lcl,EU Imp,FOB,,3.6697,,2026-08-08,,TRUE,2026-07-15 07:04:18.295000 UTC,2026-09-16 00:18:39.140000 UTC,2026-09-16 04:09:39.140000 UTC
HS-071720,SHP-139319,active,,CREF-027506,,sea,lcl,EU Imp,FCA_T,,2.4957,,2026-07-21,,TRUE,2026-07-03 06:15:13.681000 UTC,2026-09-03 08:31:17.943000 UTC,2026-09-03 09:50:17.943000 UTC
HS-157152,SHP-025366,completed,,CREF-147382,,rail,lcl,EU Imp,EXW,,7.5748,,2026-07-08,,TRUE,2026-06-30 13:09:26.322000 UTC,2026-08-19 07:58:01.376000 UTC,2026-08-19 10:56:01.376000 UTC
HS-215365,SHP-031167,completed,,,,air,lcl,EU Imp,EXW,222,,,2026-07-04,,TRUE,2026-06-26 13:09:34.812000 UTC,2026-08-04 07:34:16.643000 UTC,2026-08-04 10:50:16.643000 UTC
HS-000958,SHP-168545,active,,CREF-091478,,sea,lcl,EU Imp,EXW,,1.0199,,2026-07-31,,TRUE,2026-06-26 09:40:27.141000 UTC,2026-09-17 18:54:27.572000 UTC,2026-09-17 22:14:27.572000 UTC
HS-033207,SHP-051597,canceled,,CREF-025096,,sea,lcl,EU Imp,FOB,,26.9997,,2026-07-10,2026-08-17 15:25:49.508000 UTC,TRUE,2026-06-24 13:07:06.260000 UTC,2026-08-17 15:25:49.868000 UTC,2026-08-17 16:14:49.868000 UTC
HS-040463,SHP-106847,completed,,,,air,lcl,EU Imp,FOB,967,,,2026-06-29,,TRUE,2026-06-22 09:54:26.697000 UTC,2026-08-04 07:35:51.913000 UTC,2026-08-04 08:20:51.913000 UTC
HS-033789,SHP-218228,active,BKG-019936,CREF-108961,carrierConfirmed,sea,fcl,EU Imp,FOB,,,12,2026-06-07,,TRUE,2026-06-04 09:45:11.495000 UTC,2026-07-29 05:12:17.143000 UTC,2026-07-29 06:21:17.143000 UTC
HS-055492,SHP-047839,completed,,,,air,lcl,EU Imp,EXW,936,,,2026-05-09,,TRUE,2026-05-06 10:16:21.716000 UTC,2026-05-29 09:33:36.066000 UTC,2026-05-29 11:07:36.066000 UTC
HS-133283,SHP-097077,completed,,,,sea,fcl,EU Exp,CIF,,,2,2026-04-22,,,2026-04-13 06:14:32.991000 UTC,2026-05-26 05:12:55.617000 UTC,2026-05-26 07:57:55.617000 UTC
HS-070154,SHP-164324,canceled,,,,sea,fcl,EU Exp,CPT,,,22,2026-03-25,2026-03-24 13:50:20.360000 UTC,TRUE,2026-03-24 13:35:23.221000 UTC,2026-03-24 13:50:24.253000 UTC,2026-03-24 17:07:24.253000 UTC
HS-146239,SHP-115340,completed,,,,air,lcl,EU Imp,FOB,94,,,2026-03-27,,TRUE,2026-03-24 12:58:22.057000 UTC,2026-04-17 07:37:53.273000 UTC,2026-04-17 11:26:53.273000 UTC
HS-109252,SHP-051026,canceled,,CREF-154541,,sea,lcl,EU Imp,FOB,,5.7948,,2026-04-07,2026-03-26 07:31:39.871000 UTC,TRUE,2026-03-24 10:20:55.199000 UTC,2026-03-26 07:31:40.207000 UTC,2026-03-26 09:36:40.207000 UTC
HS-221711,SHP-173245,completed,,,,air,lcl,CrossT,EXW,152,,,2026-03-24,,TRUE,2026-03-19 07:33:43.294000 UTC,2026-03-26 09:08:01.467000 UTC,2026-03-26 09:32:01.467000 UTC
HS-186597,SHP-202004,canceled,,,,rail,fcl,EU Imp,FCA_T,,,2,2026-03-12,2026-03-03 09:42:59.298000 UTC,TRUE,2026-02-27 15:00:13.084000 UTC,2026-03-03 09:43:00.258000 UTC,2026-03-03 10:12:00.258000 UTC
HS-154708,SHP-032196,active,,CREF-068504,,sea,fcl,EU Imp,CFR,,,1,2026-05-16,,TRUE,2026-02-23 04:42:08.416000 UTC,2026-05-16 15:45:48.543000 UTC,2026-05-16 19:07:48.543000 UTC
HS-053917,SHP-188857,completed,,CREF-000615,,rail,lcl,EU Imp,FOB,,0.3504,,2026-02-23,,TRUE,2026-02-02 06:55:59.987000 UTC,2026-03-25 12:34:57.558000 UTC,2026-03-25 13:42:57.558000 UTC
HS-193435,SHP-024094,completed,,,,air,lcl,EU Imp,CPT,1877.17,,,2026-01-23,,TRUE,2026-01-26 13:33:47.202000 UTC,2026-03-13 12:37:44.691000 UTC,2026-03-13 16:11:44.691000 UTC
HS-016376,SHP-211334,completed,CBR-015069-0,CREF-158087,carrierConfirmed,sea,fcl,EU Exp,DAP,,,20,2026-02-11,,TRUE,2026-01-15 10:36:03.105000 UTC,2026-08-31 10:02:33.177000 UTC,2026-08-31 10:48:33.177000 UTC
HS-033387,SHP-105242,completed,,CREF-122393,,rail,lcl,EU Imp,EXW,,4.7448,,2026-02-06,,TRUE,2026-01-11 22:26:25.274000 UTC,2026-03-16 10:59:40.161000 UTC,2026-03-16 11:50:40.161000 UTC
HS-088106,SHP-154409,completed,,CREF-144021,,sea,lcl,EU Imp,FOB,,0.96,,2026-01-30,,TRUE,2026-01-08 13:57:29.862000 UTC,2026-04-13 07:31:54.624000 UTC,2026-04-13 11:00:54.624000 UTC
HS-054317,SHP-150113,canceled,,CREF-024625,,sea,lcl,EU Imp,FOB,,0.96,,2026-01-01,2026-01-29 17:28:06.234000 UTC,TRUE,2025-12-29 18:45:09.672000 UTC,2026-01-29 17:28:06.682000 UTC,2026-01-29 18:40:06.682000 UTC
HS-001638,SHP-069627,completed,CBR-003246-0,CREF-160914,shipment,sea,fcl,EU Exp,FCA_LW,,,2,2026-01-24,,TRUE,2025-12-04 10:46:51.631000 UTC,2026-02-19 08:26:14.544000 UTC,2026-02-19 08:41:14.544000 UTC
HS-064923,SHP-170469,completed,,CREF-097644,,sea,lcl,EU Imp,FOB,,2.3481,,2026-01-06,,TRUE,2025-11-28 10:30:15.003000 UTC,2026-04-17 10:13:18.089000 UTC,2026-04-17 12:36:18.089000 UTC
HS-173284,SHP-213226,active,,,,sea,fcl,EU Imp,FOB,,,1,2026-10-02,,,2026-08-27 06:19:17.403000 UTC,2026-09-08 02:11:32.272000 UTC,2026-09-08 05:22:32.272000 UTC
HS-179659,SHP-105015,active,,CREF-111281,,rail,lcl,EU Imp,EXW,,29.1332,,2026-09-04,,TRUE,2026-08-25 08:49:49.282000 UTC,2026-09-08 13:18:59.320000 UTC,2026-09-08 16:33:59.320000 UTC
HS-184253,SHP-192385,active,,,,sea,fcl,EU Imp,FOB,,,1,2026-10-02,,,2026-08-24 08:49:22.578000 UTC,2026-09-08 07:25:26.541000 UTC,2026-09-08 09:46:26.541000 UTC
HS-110261,SHP-094233,active,,,,air,lcl,EU Exp,EXW,240,,,2026-08-26,,TRUE,2026-08-21 07:34:37.080000 UTC,2026-08-28 06:23:08.144000 UTC,2026-08-28 08:42:08.144000 UTC
HS-151761,SHP-220417,active,,CREF-092733,,sea,lcl,EU Imp,FOB,,12.34,,2026-09-12,,TRUE,2026-08-21 07:23:08.770000 UTC,2026-09-14 09:35:59.160000 UTC,2026-09-14 13:07:59.160000 UTC
HS-036697,SHP-006655,active,CBR-002498-0,,shipment,sea,fcl,EU Imp,FOB,,,4,2026-10-26,,FALSE,2026-08-19 06:50:39.428000 UTC,2026-08-19 06:50:58.068000 UTC,2026-08-19 10:35:58.068000 UTC
HS-029218,SHP-165240,active,CBR-030114-0,CREF-124922,carrierConfirmed,sea,fcl,EU Exp,FCA_LW,,,1,2026-08-30,,TRUE,2026-08-18 13:17:46.244000 UTC,2026-09-17 14:38:31.950000 UTC,2026-09-17 15:10:31.950000 UTC
HS-214092,SHP-086730,active,,CREF-153335,,sea,fcl,EU Imp,FOB,,,4,2026-08-17,,TRUE,2026-08-12 06:06:28.710000 UTC,2026-09-16 06:26:28.517000 UTC,2026-09-16 09:15:28.517000 UTC
HS-013463,SHP-142460,active,,,,sea,fcl,EU Imp,FOB,,,4,2026-09-09,,,2026-08-07 07:30:16.938000 UTC,2026-09-15 06:59:25.434000 UTC,2026-09-15 08:34:25.434000 UTC
HS-076438,SHP-134911,active,CBR-019436-0,CREF-111659,carrierContacted,sea,fcl,EU Exp,FOB,,,4,2026-09-01,,TRUE,2026-07-30 08:43:21.511000 UTC,2026-09-13 03:06:13.224000 UTC,2026-09-13 05:33:13.224000 UTC
HS-032240,SHP-172780,active,CBR-005435-0,CREF-013837,carrierConfirmed,sea,fcl,EU Imp,FOB,,,2,2026-08-26,,TRUE,2026-07-22 07:39:06.424000 UTC,2026-09-14 10:36:30.951000 UTC,2026-09-14 11:15:30.951000 UTC
HS-051107,SHP-025046,active,CBR-028670-0,CREF-129242,carrierConfirmed,sea,fcl,EU Imp,FOB,,,1,2026-09-01,,TRUE,2026-07-21 09:40:31.365000 UTC,2026-09-17 07:25:57.782000 UTC,2026-09-17 09:01:57.782000 UTC
HS-083980,SHP-144538,completed,,,,air,lcl,EU Imp,EXW,62,,,2026-07-25,,TRUE,2026-07-15 07:31:20.699000 UTC,2026-08-04 08:32:29.461000 UTC,2026-08-04 09:25:29.461000 UTC
HS-152018,SHP-190686,completed,,,,rail,fcl,EU Imp,FOB,,,2,2026-07-24,,TRUE,2026-07-09 11:41:53.322000 UTC,2026-08-26 06:38:25.614000 UTC,2026-08-26 07:37:25.614000 UTC
HS-090558,SHP-178760,canceled,,,,sea,lcl,EU Imp,FOB,,15.0191,,2026-07-18,2026-07-10 10:30:23.909000 UTC,TRUE,2026-07-06 09:58:45.874000 UTC,2026-07-10 10:30:24.193000 UTC,2026-07-10 13:11:24.193000 UTC
HS-195819,SHP-075503,completed,BKG-023831,CREF-027181,carrierConfirmed,sea,fcl,EU Exp,CFR,,,2,2026-08-15,,TRUE,2026-06-25 06:12:20.749000 UTC,2026-09-14 17:44:47.363000 UTC,2026-09-14 19:56:47.363000 UTC
HS-202904,SHP-118781,canceled,,CREF-154541,,sea,lcl,EU Imp,FOB,,2.2992,,2026-07-13,2026-07-03 07:25:17.783000 UTC,TRUE,2026-06-24 16:58:58.250000 UTC,2026-07-03 07:25:18.499000 UTC,2026-07-03 09:50:18.499000 UTC
HS-022295,SHP-002202,completed,,,,air,lcl,EU Imp,EXW,158,,,2026-06-22,,TRUE,2026-06-16 15:40:42.253000 UTC,2026-07-01 09:07:21.817000 UTC,2026-07-01 13:03:21.817000 UTC
HS-060389,SHP-210976,completed,,CREF-095628,,rail,lcl,EU Imp,FOB,,2.541,,2026-06-17,,TRUE,2026-06-02 14:56:45.199000 UTC,2026-08-29 15:52:40.364000 UTC,2026-08-29 16:41:40.364000 UTC
HS-201120,SHP-065327,completed,CBR-017532-0,CREF-068399,carrierConfirmed,sea,fcl,EU Exp,CFR,,,2,2026-07-15,,TRUE,2026-05-29 09:21:06.661000 UTC,2026-09-07 19:03:02.625000 UTC,2026-09-07 21:29:02.625000 UTC
HS-016409,SHP-156297,canceled,CBR-002125-0,,shipment,sea,fcl,EU Exp,CIF,,,2,2026-06-05,2026-05-21 11:39:46.568000 UTC,FALSE,2026-05-18 07:45:57.069000 UTC,2026-05-21 11:39:56.807000 UTC,2026-05-21 14:32:56.807000 UTC
HS-061423,SHP-221888,completed,,CREF-088125,,sea,lcl,EU Imp,FOB,,15.5893,,2026-05-18,,TRUE,2026-05-06 10:00:52.994000 UTC,2026-07-22 10:22:44.515000 UTC,2026-07-22 12:15:44.515000 UTC
HS-198190,SHP-150220,active,BKG-006073,CREF-161304,carrierConfirmed,sea,fcl,EU Imp,FOB,,,4,2026-05-17,,TRUE,2026-04-24 09:56:09.836000 UTC,2026-08-04 08:47:25.430000 UTC,2026-08-04 10:59:25.430000 UTC
HS-099134,SHP-045220,completed,,,,rail,fcl,EU Imp,CFR,,,2,2026-04-01,,TRUE,2026-04-21 01:06:29.246000 UTC,2026-05-18 07:27:42.526000 UTC,2026-05-18 11:08:42.526000 UTC
HS-214715,SHP-055895,completed,CBR-029712-0,CREF-038671,carrierConfirmed,sea,fcl,EU Exp,CFR,,,6,2026-06-02,,TRUE,2026-04-20 07:55:51.874000 UTC,2026-07-21 10:27:31.978000 UTC,2026-07-21 13:09:31.978000 UTC
HS-064601,SHP-174129,completed,,,,air,lcl,EU Imp,EXW,41,,,2026-04-14,,TRUE,2026-04-07 09:36:09.539000 UTC,2026-05-05 15:24:05.920000 UTC,2026-05-05 19:16:05.920000 UTC
HS-042225,SHP-186867,completed,,,,air,lcl,EU Exp,CPT,2046.2,,,2026-02-24,,TRUE,2026-02-13 10:58:48.259000 UTC,2026-03-20 15:04:17.621000 UTC,2026-03-20 18:51:17.621000 UTC
HS-088273,SHP-144180,active,,CREF-003780,,sea,lcl,EU Imp,EXW,,1.5168,,2026-03-12,,TRUE,2026-02-06 14:37:50.496000 UTC,2026-04-30 14:20:34.347000 UTC,2026-04-30 17:07:34.347000 UTC
HS-113690,SHP-084814,completed,,,,air,lcl,EU Imp,EXW,169.71,,,2026-02-13,,TRUE,2026-02-04 17:21:11.648000 UTC,2026-03-03 09:32:58.861000 UTC,2026-03-03 11:33:58.861000 UTC
HS-109408,SHP-200414,completed,,CREF-067362,,sea,lcl,EU Imp,FOB,,2.87,,2026-02-15,,TRUE,2026-02-04 12:38:46.514000 UTC,2026-06-03 17:52:40.441000 UTC,2026-06-03 18:05:40.441000 UTC
HS-155515,SHP-091314,completed,,,,air,lcl,EU Exp,EXW,11600,,,2026-02-03,,TRUE,2026-01-28 10:04:23.158000 UTC,2026-03-17 10:48:17.461000 UTC,2026-03-17 12:45:17.461000 UTC
HS-150229,SHP-138232,completed,BKG-009860,CREF-131185,carrierConfirmed,sea,fcl,EU Imp,FOB,,,4,2026-02-21,,TRUE,2026-01-27 09:26:57.516000 UTC,2026-05-20 09:04:48.501000 UTC,2026-05-20 10:42:48.501000 UTC
HS-157064,SHP-182381,completed,,CREF-090721,,rail,fcl,EU Imp,DAP,,,2,2026-01-24,,TRUE,2026-01-14 08:07:05.653000 UTC,2026-03-20 17:33:57.271000 UTC,2026-03-20 18:55:57.271000 UTC
HS-125397,SHP-162515,completed,,CREF-120143,,sea,lcl,EU Imp,FOB,,15.8651,,2026-02-01,,TRUE,2025-12-22 14:05:58.470000 UTC,2026-05-04 08:57:41.461000 UTC,2026-05-04 11:51:41.461000 UTC
HS-062995,SHP-108365,active,,,,air,lcl,EU Imp,FOB,89,,,2026-09-20,,TRUE,2026-09-14 07:33:55.684000 UTC,2026-09-18 01:31:07.897000 UTC,2026-09-18 03:50:07.897000 UTC
HS-032518,SHP-170601,active,,,,sea,fcl,EU Imp,FOB,,,2,2026-10-01,,,2026-09-11 08:48:38.373000 UTC,2026-09-16 10:33:26.436000 UTC,2026-09-16 10:41:26.436000 UTC
HS-190843,SHP-047091,active,,CREF-115040,,sea,lcl,EU Imp,FOB,,4.932,,2026-09-29,,TRUE,2026-09-03 06:55:18.037000 UTC,2026-09-14 06:59:31.270000 UTC,2026-09-14 09:55:31.270000 UTC
HS-098154,SHP-009341,active,,,,sea,fcl,EU Imp,FOB,,,1,2026-09-17,,,2026-09-02 12:10:29.739000 UTC,2026-09-17 13:04:02.728000 UTC,2026-09-17 14:23:02.728000 UTC
HS-103201,SHP-032082,active,,,,sea,fcl,EU Imp,FOB,,,1,2026-09-22,,,2026-08-25 10:41:41.716000 UTC,2026-09-18 09:25:54.575000 UTC,2026-09-18 11:41:54.575000 UTC
HS-085661,SHP-113054,active,,,,sea,fcl,EU Imp,FOB,,,2,2026-09-26,,,2026-08-24 14:53:03.681000 UTC,2026-09-08 00:32:45.075000 UTC,2026-09-08 01:17:45.075000 UTC
HS-034898,SHP-020215,active,,,,sea,fcl,EU Exp,CFR,,,1,2026-10-06,,,2026-08-20 13:05:29.547000 UTC,2026-09-15 16:05:43.443000 UTC,2026-09-15 19:04:43.443000 UTC
HS-184075,SHP-060911,active,,CREF-126331,,sea,lcl,EU Imp,FOB,,5.984,,2026-09-11,,TRUE,2026-08-19 13:02:52.633000 UTC,2026-09-11 07:45:22.245000 UTC,2026-09-11 10:01:22.245000 UTC
HS-219155,SHP-153025,active,BKG-001073,CREF-141613,carrierConfirmed,sea,fcl,EU Exp,CPT,,,1,2026-09-10,,TRUE,2026-08-12 08:29:46.928000 UTC,2026-09-15 19:00:46.953000 UTC,2026-09-15 19:19:46.953000 UTC
HS-173894,SHP-007416,active,,,,sea,fcl,EU Imp,FOB,,,3,2026-09-30,,,2026-08-07 08:55:15.325000 UTC,2026-09-01 13:28:49.763000 UTC,2026-09-01 14:20:49.763000 UTC
HS-178244,SHP-213601,active,CBR-025578-0,CREF-136231,carrierConfirmed,sea,fcl,EU Imp,FOB,,,4,2026-08-24,,TRUE,2026-08-04 06:19:52.068000 UTC,2026-09-02 12:00:49.330000 UTC,2026-09-02 14:43:49.330000 UTC
HS-029297,SHP-015832,completed,,,,sea,fcl,EU Exp,EXW,,,2,2026-08-12,,,2026-08-03 07:32:09.313000 UTC,2026-09-11 08:57:17.229000 UTC,2026-09-11 11:17:17.229000 UTC
HS-192534,SHP-223339,active,,,,sea,fcl,EU Exp,CFR,,,4,2026-09-01,,,2026-07-31 06:29:05.270000 UTC,2026-09-17 14:00:25.674000 UTC,2026-09-17 14:26:25.674000 UTC
HS-037262,SHP-167302,active,,,,sea,fcl,EU Imp,FOB,,,2,2026-08-16,,,2026-07-29 13:31:17.909000 UTC,2026-09-10 07:00:12.228000 UTC,2026-09-10 09:58:12.228000 UTC
HS-106016,SHP-206250,completed,,CREF-129505,,rail,lcl,EU Imp,EXW,,1.6273,,2026-07-31,,TRUE,2026-07-16 12:20:44.135000 UTC,2026-09-09 11:38:18.720000 UTC,2026-09-09 14:19:18.720000 UTC
HS-175071,SHP-039200,completed,,,,air,lcl,EU Exp,CPT,970,,,2026-07-20,,TRUE,2026-07-15 06:41:39.874000 UTC,2026-08-17 06:53:39.662000 UTC,2026-08-17 09:53:39.662000 UTC
HS-121553,SHP-210473,canceled,,,,rail,lcl,EU Imp,EXW,,4.5145,,2026-07-24,2026-07-21 11:06:37.647000 UTC,TRUE,2026-07-15 05:50:56.804000 UTC,2026-07-21 11:06:38.683000 UTC,2026-07-21 13:42:38.683000 UTC
HS-192653,SHP-118366,active,BKG-021163,CREF-129126,carrierConfirmed,sea,fcl,EU Imp,FOB,,,2,2026-07-24,,TRUE,2026-07-10 14:59:16.442000 UTC,2026-09-17 20:00:32.942000 UTC,2026-09-17 22:41:32.942000 UTC
HS-189714,SHP-220860,canceled,,CREF-064689,,sea,fcl,EU Exp,FCA_LW,,,4,2026-09-07,2026-08-21 08:21:38.495000 UTC,TRUE,2026-07-06 15:01:15.440000 UTC,2026-08-21 08:21:39.437000 UTC,2026-08-21 09:42:39.437000 UTC
HS-209574,SHP-146766,completed,,CREF-121103,,rail,lcl,EU Imp,FOB,,8.3635,,2026-07-11,,TRUE,2026-06-30 15:00:06.232000 UTC,2026-08-13 07:48:14.017000 UTC,2026-08-13 08:36:14.017000 UTC
HS-203187,SHP-200869,completed,BKG-009428,CREF-022735,carrierConfirmed,sea,fcl,EU Imp,FOB,,,2,2026-07-20,,TRUE,2026-06-25 11:19:28.737000 UTC,2026-09-14 14:54:00.862000 UTC,2026-09-14 17:16:00.862000 UTC
HS-074438,SHP-194533,completed,,,,air,lcl,EU Imp,EXW,304.5,,,2026-07-26,,TRUE,2026-06-17 12:31:01.557000 UTC,2026-08-04 08:33:31.578000 UTC,2026-08-04 09:17:31.578000 UTC
HS-110141,SHP-193255,completed,BKG-011653,CREF-072371,carrierConfirmed,sea,fcl,EU Imp,FOB,,,2,2026-07-03,,TRUE,2026-06-09 10:17:35.452000 UTC,2026-09-17 08:22:36.821000 UTC,2026-09-17 08:47:36.821000 UTC
HS-209679,SHP-059883,completed,,CREF-005016,,rail,lcl,EU Imp,FOB,,2.6622,,2026-06-10,,TRUE,2026-05-21 10:23:59.279000 UTC,2026-08-18 08:29:34.604000 UTC,2026-08-18 12:07:34.604000 UTC
HS-032849,SHP-177939,completed,,,,sea,fcl,EU Exp,CPT,,,2,2026-06-23,,,2026-05-04 08:46:19.684000 UTC,2026-07-20 05:40:40.366000 UTC,2026-07-20 08:34:40.366000 UTC
HS-178065,SHP-173654,completed,,,,air,lcl,CrossT,EXW,2220,,,2026-04-29,,TRUE,2026-04-30 14:51:47.240000 UTC,2026-06-05 13:54:13.201000 UTC,2026-06-05 14:07:13.201000 UTC
HS-027857,SHP-082895,completed,,,,sea,lcl,CrossT,FOB,,5.9798,,2026-04-24,,TRUE,2026-04-21 08:59:45.703000 UTC,2026-05-15 08:12:28.395000 UTC,2026-05-15 08:35:28.395000 UTC
HS-159151,SHP-165645,completed,,,,sea,fcl,EU Exp,CFR,,,16,2026-05-04,,,2026-04-14 09:36:04.611000 UTC,2026-06-17 05:59:39.179000 UTC,2026-06-17 09:43:39.179000 UTC
HS-125661,SHP-027996,completed,,CREF-023886,,rail,lcl,EU Imp,EXW,,1.6997,,2026-04-04,,TRUE,2026-03-26 13:05:29.427000 UTC,2026-05-15 06:39:48.919000 UTC,2026-05-15 06:55:48.919000 UTC
HS-217930,SHP-019616,canceled,BKG-002472,,,sea,fcl,EU Imp,FOB,,,2,2026-04-07,2026-04-01 12:13:04.041000 UTC,TRUE,2026-03-25 17:20:59.060000 UTC,2026-06-19 11:30:53.379000 UTC,2026-06-19 12:17:53.379000 UTC
HS-169058,SHP-039195,completed,,,,air,lcl,EU Imp,FCA_T,614,,,2026-03-25,,TRUE,2026-03-20 10:16:19.467000 UTC,2026-04-23 11:25:34.825000 UTC,2026-04-23 12:08:34.825000 UTC
HS-093980,SHP-015195,completed,BKG-025400,CREF-152980,carrierConfirmed,sea,fcl,EU Imp,EXW,,,1,2026-04-11,,TRUE,2026-03-18 07:44:43.255000 UTC,2026-06-01 13:09:31.778000 UTC,2026-06-01 13:47:31.778000 UTC
HS-032960,SHP-006784,completed,,CREF-078881,,sea,lcl,EU Imp,FOB,,3.79,,2026-03-27,,TRUE,2026-03-16 15:24:00.705000 UTC,2026-06-02 16:34:26.121000 UTC,2026-06-02 19:28:26.121000 UTC
HS-081719,SHP-043264,completed,,CREF-008069,,sea,lcl,EU Imp,FOB,,0.7997,,2026-03-18,,TRUE,2026-02-26 06:54:14.326000 UTC,2026-08-24 13:26:22.427000 UTC,2026-08-24 17:13:22.427000 UTC
HS-082090,SHP-044019,canceled,,,,air,lcl,EU Imp,FOB,9600,,,2026-02-28,2026-03-30 07:08:11.631000 UTC,TRUE,2026-02-18 10:48:51.068000 UTC,2026-03-30 07:08:12.622000 UTC,2026-03-30 10:23:12.622000 UTC
HS-185440,SHP-071086,completed,,,,air,lcl,EU Imp,EXW,142.22,,,2026-02-10,,TRUE,2026-01-30 11:27:04.451000 UTC,2026-03-03 15:07:11.683000 UTC,2026-03-03 16:14:11.683000 UTC
HS-015120,SHP-201640,completed,,,,air,lcl,EU Imp,FOB,157,,,2026-01-29,,TRUE,2026-01-26 10:06:57.847000 UTC,2026-03-03 09:02:11.775000 UTC,2026-03-03 11:16:11.775000 UTC
HS-160473,SHP-198120,completed,BKG-000908,CREF-115698,carrierConfirmed,sea,fcl,EU Imp,FOB,,,2,2026-02-08,,TRUE,2026-01-22 15:04:23.583000 UTC,2026-05-05 11:01:51.224000 UTC,2026-05-05 12:44:51.224000 UTC
HS-181061,SHP-042244,canceled,,,,air,lcl,EU Exp,DPU,1.67,,,2026-01-13,2026-01-13 16:54:39.757000 UTC,TRUE,2026-01-12 14:32:57.166000 UTC,2026-01-13 16:54:40.601000 UTC,2026-01-13 19:57:40.601000 UTC
HS-175216,SHP-038635,completed,BKG-010808,CREF-140885,carrierConfirmed,sea,fcl,EU Imp,FOB,,,10,2026-01-21,,TRUE,2026-01-05 07:49:04.361000 UTC,2026-03-26 09:53:11.058000 UTC,2026-03-26 12:41:11.058000 UTC
HS-091147,SHP-142690,completed,BKG-025068,CREF-098617,carrierConfirmed,sea,fcl,EU Imp,FOB,,,2,2026-01-18,,TRUE,2025-12-19 16:01:04.274000 UTC,2026-03-13 03:38:16.493000 UTC,2026-03-13 04:51:16.493000 UTC
HS-134302,SHP-151635,completed,,CREF-063558,,rail,lcl,EU Imp,FOB,,15.6699,,2026-01-24,,TRUE,2025-12-15 08:51:33.833000 UTC,2026-04-22 14:31:04.779000 UTC,2026-04-22 17:48:04.779000 UTC
HS-017053,SHP-107973,active,,,,air,lcl,EU Imp,EXW,996.32,,,2026-09-22,,TRUE,2026-09-17 08:32:47.942000 UTC,2026-09-18 07:51:36.816000 UTC,2026-09-18 11:38:36.816000 UTC
HS-201857,SHP-069573,active,,,,sea,fcl,EU Imp,FOB,,,2,2026-10-04,,,2026-09-07 14:13:01.325000 UTC,2026-09-14 08:16:10.265000 UTC,2026-09-14 09:48:10.265000 UTC
HS-179486,SHP-156784,active,,,,sea,fcl,EU Exp,CIF,,,4,2026-09-05,,,2026-08-20 07:26:32.698000 UTC,2026-09-17 03:00:23.878000 UTC,2026-09-17 04:11:23.878000 UTC
HS-108513,SHP-209651,active,,,,sea,fcl,EU Exp,CPT,,,2,2026-09-19,,,2026-08-17 12:15:47.495000 UTC,2026-09-17 14:55:23.451000 UTC,2026-09-17 17:08:23.451000 UTC
HS-059165,SHP-213077,completed,CBR-002407-0,CREF-005192,authorized,sea,fcl,EU Imp,CIF,,,2,2026-08-02,,TRUE,2026-08-04 09:51:22.243000 UTC,2026-08-23 17:23:05.011000 UTC,2026-08-23 19:52:05.011000 UTC
HS-026169,SHP-096801,active,,,,sea,fcl,EU Imp,FOB,,,4,2026-09-17,,TRUE,2026-08-04 08:53:23.406000 UTC,2026-09-17 07:38:58.444000 UTC,2026-09-17 09:23:58.444000 UTC
HS-175757,SHP-217414,active,BKG-023516,CREF-124520,carrierConfirmed,sea,fcl,EU Imp,EXW,,,5,2026-08-01,,TRUE,2026-07-22 07:44:28.972000 UTC,2026-09-17 18:00:14.814000 UTC,2026-09-17 19:42:14.814000 UTC
HS-024987,SHP-073129,active,,,,sea,fcl,EU Imp,FOB,,,2,2026-08-26,,,2026-07-21 01:21:58.413000 UTC,2026-09-11 05:43:12.587000 UTC,2026-09-11 07:28:12.587000 UTC
HS-105639,SHP-185153,active,,,,sea,fcl,EU Imp,FOB,,,2,2026-08-26,,,2026-07-16 19:33:22.336000 UTC,2026-09-07 00:00:22.647000 UTC,2026-09-07 03:57:22.647000 UTC
HS-086220,SHP-031361,active,,CREF-087277,,sea,lcl,EU Imp,EXW,,2.16,,2026-07-13,,TRUE,2026-07-02 13:39:13.932000 UTC,2026-09-03 07:55:08.668000 UTC,2026-09-03 10:55:08.668000 UTC
HS-217829,SHP-156041,canceled,CBR-017233-0,CREF-074520,carrierContacted,sea,fcl,EU Exp,CIF,,,1,2026-07-09,2026-07-01 11:43:42.342000 UTC,FALSE,2026-06-25 07:27:21.387000 UTC,2026-07-19 10:32:06.236000 UTC,2026-07-19 14:05:06.236000 UTC
HS-207258,SHP-039887,completed,,,,air,lcl,EU Imp,EXW,135.58,,,2026-06-29,,TRUE,2026-06-23 07:44:24.184000 UTC,2026-08-04 07:30:13.988000 UTC,2026-08-04 08:00:13.988000 UTC
HS-022161,SHP-175800,canceled,BKG-012401,CREF-069587,carrierConfirmed,sea,fcl,EU Exp,CFR,,,1,2026-07-12,2026-06-23 11:17:52.014000 UTC,TRUE,2026-06-15 10:44:46.036000 UTC,2026-06-23 11:18:07.552000 UTC,2026-06-23 14:54:07.552000 UTC
HS-044369,SHP-176272,completed,,,,sea,fcl,EU Exp,CFR,,,4,2026-07-01,,,2026-06-05 10:57:26.864000 UTC,2026-08-24 06:07:24.219000 UTC,2026-08-24 08:43:24.219000 UTC
HS-203063,SHP-192873,completed,CBR-024476-0,CREF-094777,carrierConfirmed,sea,fcl,EU Imp,FOB,,,1,2026-07-05,,TRUE,2026-06-03 07:55:24.211000 UTC,2026-09-07 11:49:45.432000 UTC,2026-09-07 15:38:45.432000 UTC
HS-151569,SHP-123196,completed,,CREF-071209,,rail,fcl,EU Imp,EXW,,,2,2026-06-09,,TRUE,2026-05-21 10:01:37.366000 UTC,2026-08-31 13:13:16.007000 UTC,2026-08-31 16:49:16.007000 UTC
HS-143090,SHP-030062,completed,BKG-032347,CREF-092871,carrierConfirmed,sea,fcl,EU Imp,FOB,,,1,2026-05-25,,TRUE,2026-05-11 07:26:19.941000 UTC,2026-08-14 03:21:35.137000 UTC,2026-08-14 04:13:35.137000 UTC
HS-147471,SHP-185372,completed,,,,sea,fcl,EU Exp,CIF,,,1,2026-05-06,,,2026-04-17 16:49:09.618000 UTC,2026-05-19 14:47:51.273000 UTC,2026-05-19 18:14:51.273000 UTC
HS-105084,SHP-129161,completed,,,,air,lcl,EU Exp,CPT,35,,,2026-04-19,,TRUE,2026-04-10 12:50:51.437000 UTC,2026-05-15 10:44:11.787000 UTC,2026-05-15 13:33:11.787000 UTC
HS-160166,SHP-002430,completed,,CREF-053657,,rail,lcl,EU Imp,EXW,,2.4958,,2026-04-25,,TRUE,2026-04-08 11:03:50.904000 UTC,2026-07-22 13:57:51.838000 UTC,2026-07-22 15:02:51.838000 UTC
HS-001828,SHP-222458,completed,,,,rail,fcl,EU Imp,CFR,,,2,2026-02-10,,TRUE,2026-03-16 13:31:17.540000 UTC,2026-05-05 11:14:34.132000 UTC,2026-05-05 15:01:34.132000 UTC
HS-124851,SHP-205154,completed,,,,rail,fcl,EU Imp,DAP,,,2,2026-03-24,,TRUE,2026-03-04 07:04:22.747000 UTC,2026-05-05 10:36:37.409000 UTC,2026-05-05 12:02:37.409000 UTC
HS-213988,SHP-197853,completed,,CREF-041304,,sea,lcl,EU Imp,FOB,,7.4529,,2026-02-15,,TRUE,2026-01-27 07:34:16.353000 UTC,2026-05-05 12:45:06.447000 UTC,2026-05-05 15:18:06.447000 UTC
HS-206491,SHP-089042,completed,,CREF-154363,,rail,lcl,EU Imp,EXW,,7.8624,,2026-02-06,,TRUE,2026-01-20 20:16:21.004000 UTC,2026-04-01 14:02:20.555000 UTC,2026-04-01 16:13:20.555000 UTC
HS-103191,SHP-199999,completed,,CREF-081250,,sea,lcl,EU Imp,FOB,,13.5496,,2026-01-23,,TRUE,2026-01-13 10:38:57.316000 UTC,2026-03-27 10:00:50.439000 UTC,2026-03-27 12:38:50.439000 UTC
HS-122527,SHP-223650,completed,,CREF-076882,,sea,lcl,EU Imp,FOB,,1.95,,2026-01-25,,TRUE,2026-01-07 14:04:54.699000 UTC,2026-04-22 07:01:21.766000 UTC,2026-04-22 09:31:21.766000 UTC
HS-083634,SHP-040289,active,CBR-032764-0,,shipment,sea,fcl,EU Imp,FOB,,,1,2026-10-20,,FALSE,2026-09-15 12:23:42.141000 UTC,2026-09-16 09:52:00.124000 UTC,2026-09-16 10:55:00.124000 UTC
HS-091100,SHP-034769,active,CBR-022362-0,CREF-142185,shipment,sea,fcl,EU Imp,CIF,,,2,2026-10-19,,TRUE,2026-09-14 06:37:12.886000 UTC,2026-09-14 06:41:13.487000 UTC,2026-09-14 09:01:13.487000 UTC
HS-013658,SHP-068103,active,,,,sea,fcl,EU Exp,CFR,,,2,2026-10-15,,,2026-09-09 12:13:30.451000 UTC,2026-09-14 11:19:40.340000 UTC,2026-09-14 11:56:40.340000 UTC
HS-093840,SHP-208471,active,,,,sea,fcl,EU Exp,CFR,,,6,2026-09-19,,,2026-08-28 11:43:25.777000 UTC,2026-09-17 19:07:34.166000 UTC,2026-09-17 22:15:34.166000 UTC
HS-204109,SHP-091384,active,,,,sea,fcl,EU Imp,FOB,,,1,2026-09-13,,,2026-08-20 07:01:24.698000 UTC,2026-09-17 05:22:48.851000 UTC,2026-09-17 06:05:48.851000 UTC
HS-117309,SHP-091754,active,,,,sea,fcl,EU Imp,FOB,,,2,2026-09-16,,,2026-08-19 07:35:18.999000 UTC,2026-09-17 05:24:09.885000 UTC,2026-09-17 06:32:09.885000 UTC
HS-089425,SHP-031527,active,,CREF-003005,,sea,lcl,EU Imp,EXW,,5.3101,,2026-09-06,,TRUE,2026-08-18 09:35:58.859000 UTC,2026-09-11 07:05:00.031000 UTC,2026-09-11 09:13:00.031000 UTC
HS-049564,SHP-014478,active,CBR-005471-0,CREF-079943,shipment,sea,fcl,EU Imp,CFR,,,2,2026-09-18,,TRUE,2026-08-16 10:48:36.365000 UTC,2026-09-18 11:36:18.821000 UTC,2026-09-18 12:01:18.821000 UTC
HS-101083,SHP-015403,active,,,,sea,fcl,EU Exp,CFR,,,2,2026-08-30,,,2026-08-14 09:50:19.455000 UTC,2026-09-17 11:39:33.869000 UTC,2026-09-17 14:00:33.869000 UTC
HS-168017,SHP-093506,canceled,,,,sea,fcl,EU Exp,CFR,,,2,2026-08-28,2026-08-24 05:52:51.982000 UTC,,2026-08-12 13:41:47.048000 UTC,2026-08-24 05:52:57.451000 UTC,2026-08-24 09:45:57.451000 UTC
HS-018135,SHP-130819,active,,CREF-143959,,rail,lcl,EU Imp,DAP,,1.512,,2026-08-12,,TRUE,2026-08-06 14:05:38.912000 UTC,2026-09-03 08:06:45.552000 UTC,2026-09-03 11:12:45.552000 UTC
HS-161143,SHP-180096,active,,,,sea,fcl,EU Exp,CFR,,,2,2026-08-24,,,2026-08-06 07:54:53.121000 UTC,2026-09-17 21:22:44.588000 UTC,2026-09-17 22:41:44.588000 UTC
HS-051766,SHP-038760,active,,,,sea,fcl,EU Imp,FOB,,,2,2026-09-13,,,2026-08-03 07:29:27.434000 UTC,2026-09-17 05:21:07.906000 UTC,2026-09-17 09:01:07.906000 UTC
HS-092326,SHP-038187,active,,,,sea,fcl,EU Imp,FOB,,,1,2026-08-31,,,2026-07-29 11:18:04.610000 UTC,2026-09-17 05:00:12.095000 UTC,2026-09-17 06:47:12.095000 UTC
HS-020871,SHP-046859,active,,,,sea,fcl,EU Imp,FOB,,,4,2026-08-16,,,2026-07-17 08:20:12.547000 UTC,2026-09-04 16:00:41.531000 UTC,2026-09-04 16:22:41.531000 UTC
HS-113645,SHP-011427,canceled,BKG-023191,,authorized,sea,fcl,EU Imp,FOB,,,2,2026-07-17,2026-07-10 07:46:36.353000 UTC,FALSE,2026-07-10 07:02:20.833000 UTC,2026-07-14 11:46:48.002000 UTC,2026-07-14 14:28:48.002000 UTC
HS-175250,SHP-188444,completed,,,,air,lcl,EU Exp,CPT,1174,,,2026-06-24,,TRUE,2026-06-18 07:53:09.160000 UTC,2026-07-13 13:16:26.152000 UTC,2026-07-13 13:49:26.152000 UTC
HS-051301,SHP-046236,completed,,,,air,lcl,EU Imp,DAP,122.19,,,2026-06-20,,TRUE,2026-06-16 12:07:53.329000 UTC,2026-09-17 11:25:52.288000 UTC,2026-09-17 13:15:52.288000 UTC
HS-016125,SHP-004398,canceled,CBR-009859-0,CREF-041170,shipment,sea,fcl,EU Exp,CFR,,,2,2026-07-03,2026-06-26 08:00:50.227000 UTC,TRUE,2026-06-12 07:09:28.526000 UTC,2026-06-26 08:00:51.349000 UTC,2026-06-26 10:21:51.349000 UTC
HS-173766,SHP-101418,completed,BKG-030628,CREF-022525,carrierConfirmed,sea,fcl,EU Exp,CPT,,,2,2026-07-09,,TRUE,2026-06-09 15:36:17.523000 UTC,2026-09-01 05:52:22.964000 UTC,2026-09-01 09:31:22.964000 UTC
HS-031040,SHP-181710,completed,,,,sea,fcl,EU Exp,FOB,,,2,2026-06-09,,,2026-05-27 15:17:15.588000 UTC,2026-07-08 10:43:00.058000 UTC,2026-07-08 13:51:00.058000 UTC
HS-004163,SHP-031018,completed,,,,air,lcl,EU Imp,FOB,633,,,2026-07-01,,TRUE,2026-05-21 11:40:17.725000 UTC,2026-08-04 07:37:09.749000 UTC,2026-08-04 08:57:09.749000 UTC
HS-056321,SHP-067699,completed,,,,air,lcl,EU Exp,FCA_LW,241,,,2026-05-20,,TRUE,2026-05-18 08:52:15.050000 UTC,2026-06-18 15:02:38.163000 UTC,2026-06-18 17:42:38.163000 UTC
HS-059313,SHP-127779,canceled,,CREF-037785,,sea,fcl,EU Exp,CFR,,,16,2026-05-25,2026-04-30 12:19:11.275000 UTC,TRUE,2026-04-08 17:01:56.545000 UTC,2026-04-30 12:19:14.393000 UTC,2026-04-30 15:43:14.393000 UTC
HS-039412,SHP-129684,completed,,CREF-130563,,sea,lcl,EU Imp,FOB,,4.6502,,2026-04-16,,TRUE,2026-03-28 16:02:21.385000 UTC,2026-07-03 12:58:25.829000 UTC,2026-07-03 13:39:25.829000 UTC
HS-137595,SHP-000320,canceled,BKG-019414,,,sea,fcl,EU Imp,FOB,,,4,2026-04-20,2026-04-01 12:14:52.737000 UTC,TRUE,2026-03-26 09:17:50.640000 UTC,2026-06-19 11:30:54.985000 UTC,2026-06-19 14:48:54.985000 UTC
HS-129361,SHP-217025,completed,,CREF-096587,,sea,lcl,EU Imp,FOB,,3.2296,,2026-04-02,,TRUE,2026-03-16 12:54:55.037000 UTC,2026-06-12 07:00:18.520000 UTC,2026-06-12 09:56:18.520000 UTC
HS-104065,SHP-127523,completed,,CREF-048255,,sea,lcl,EU Imp,FOB,,2.8022,,2026-03-22,,TRUE,2026-03-06 10:01:24.485000 UTC,2026-07-16 15:17:49.162000 UTC,2026-07-16 18:32:49.162000 UTC
HS-172296,SHP-118525,completed,,,,air,lcl,EU Imp,EXW,158,,,2026-03-03,,TRUE,2026-02-27 12:11:31.492000 UTC,2026-04-28 12:21:18.020000 UTC,2026-04-28 14:31:18.020000 UTC
HS-027449,SHP-209311,completed,,CREF-005304,,sea,fcl,EU Exp,CFR,,,6,2026-03-31,,TRUE,2026-02-18 07:12:44.219000 UTC,2026-04-22 18:46:22.946000 UTC,2026-04-22 20:29:22.946000 UTC
HS-072540,SHP-077227,canceled,,CREF-058722,,sea,fcl,EU Exp,FCA_LW,,,20,2026-03-12,2026-03-04 12:07:06.545000 UTC,TRUE,2026-02-12 13:42:07.964000 UTC,2026-03-04 12:07:10.128000 UTC,2026-03-04 13:48:10.128000 UTC
HS-106357,SHP-194757,canceled,,CREF-049959,,sea,fcl,EU Exp,EXW,,,2,2026-03-01,2026-03-11 16:03:31.027000 UTC,TRUE,2026-02-02 09:05:44.739000 UTC,2026-03-11 16:03:31.834000 UTC,2026-03-11 18:34:31.834000 UTC
HS-035605,SHP-147490,completed,,,,air,lcl,EU Imp,FOB,34,,,2026-01-25,,TRUE,2026-01-21 15:29:42.040000 UTC,2026-02-04 10:09:50.188000 UTC,2026-02-04 11:20:50.188000 UTC
HS-198567,SHP-125064,completed,,,,rail,fcl,EU Imp,EXW,,,2,2026-01-16,,TRUE,2026-01-08 11:45:47.093000 UTC,2026-02-03 09:28:29.442000 UTC,2026-02-03 12:26:29.442000 UTC
HS-080584,SHP-067278,completed,,CREF-006784,,rail,fcl,EU Imp,FCA_LW,,,2,2026-01-27,,TRUE,2025-12-18 08:50:38.820000 UTC,2026-02-26 23:05:27.234000 UTC,2026-02-27 00:44:27.234000 UTC
HS-190711,SHP-139530,completed,CBR-029791-0,CREF-003552,shipment,sea,fcl,EU Exp,CFR,,,1,2026-01-03,,TRUE,2025-12-08 14:17:05.766000 UTC,2026-03-09 19:06:09.891000 UTC,2026-03-09 19:39:09.891000 UTC
HS-191424,SHP-154827,completed,,CREF-078387,,sea,lcl,EU Imp,EXW,,22.3173,,2026-02-01,,TRUE,2025-09-09 08:10:10.593000 UTC,2026-05-05 15:31:49.184000 UTC,2026-05-05 17:15:49.184000 UTC
HS-018142,SHP-037638,active,,,,sea,fcl,EU Exp,CFR,,,4,2026-10-06,,,2026-09-17 15:45:32.005000 UTC,2026-09-17 15:48:44.356000 UTC,2026-09-17 16:51:44.356000 UTC
HS-040195,SHP-220627,completed,,,,air,lcl,EU Imp,CPT,1024,,,2026-08-20,,TRUE,2026-09-01 06:59:43.594000 UTC,2026-09-03 12:59:03.733000 UTC,2026-09-03 13:43:03.733000 UTC
HS-176771,SHP-109490,active,,,,sea,fcl,EU Imp,FOB,,,1,2026-09-15,,,2026-08-25 11:25:22.352000 UTC,2026-09-15 19:14:29.728000 UTC,2026-09-15 20:07:29.728000 UTC
HS-111711,SHP-102343,active,,CREF-039460,,rail,lcl,EU Imp,FCA_T,,0.6625,,2026-09-26,,TRUE,2026-08-24 08:33:27.659000 UTC,2026-09-17 13:37:25.294000 UTC,2026-09-17 15:49:25.294000 UTC
HS-128047,SHP-109478,active,,,,sea,fcl,EU Imp,FOB,,,1,2026-09-24,,,2026-08-21 09:42:01.564000 UTC,2026-09-17 07:22:45.703000 UTC,2026-09-17 08:20:45.703000 UTC
HS-040838,SHP-146485,active,,,,sea,fcl,EU Exp,CPT,,,4,2026-09-12,,,2026-08-19 11:37:49.419000 UTC,2026-09-18 08:49:47.520000 UTC,2026-09-18 11:31:47.520000 UTC
HS-187453,SHP-025775,active,,,,sea,fcl,EU Exp,CFR,,,24,2026-08-23,,,2026-08-04 06:22:56.363000 UTC,2026-09-18 14:08:01.436000 UTC,2026-09-18 16:48:01.436000 UTC
HS-073703,SHP-220397,active,,CREF-038262,,sea,lcl,EU Imp,FOB,,1.82,,2026-08-19,,TRUE,2026-07-30 10:06:17.613000 UTC,2026-08-25 13:03:49.846000 UTC,2026-08-25 14:24:49.846000 UTC
HS-153443,SHP-086925,completed,,CREF-003575,,rail,fcl,EU Imp,DAP,,,2,2026-08-05,,TRUE,2026-07-27 09:05:23.008000 UTC,2026-09-04 08:20:09.228000 UTC,2026-09-04 10:33:09.228000 UTC
HS-181270,SHP-210028,active,,CREF-124845,,sea,lcl,EU Imp,FOB,,16.514,,2026-08-14,,TRUE,2026-07-23 04:13:53.718000 UTC,2026-09-15 09:55:35.818000 UTC,2026-09-15 13:08:35.818000 UTC
HS-074449,SHP-213438,active,,,,sea,fcl,EU Imp,FOB,,,2,2026-08-06,,,2026-07-21 06:15:28.464000 UTC,2026-09-13 02:00:21.490000 UTC,2026-09-13 04:08:21.490000 UTC
HS-037917,SHP-058661,active,,CREF-142586,,sea,lcl,EU Imp,EXW,,3.3598,,2026-08-03,,TRUE,2026-07-13 13:47:52.118000 UTC,2026-09-14 12:05:09.443000 UTC,2026-09-14 12:57:09.443000 UTC
HS-182907,SHP-166705,completed,,,,air,lcl,EU Imp,FOB,53.28,,,2026-07-18,,TRUE,2026-07-13 12:17:23.988000 UTC,2026-08-04 08:17:27.850000 UTC,2026-08-04 11:14:27.850000 UTC
HS-029625,SHP-038035,active,,CREF-027613,,sea,lcl,EU Imp,FOB,,25.76,,2026-08-02,,TRUE,2026-07-08 12:18:39.902000 UTC,2026-09-15 16:38:22.482000 UTC,2026-09-15 20:18:22.482000 UTC
HS-185411,SHP-024964,completed,,,,sea,fcl,EU Exp,CFR,,,2,2026-07-12,,,2026-06-22 13:23:20.367000 UTC,2026-08-31 09:18:07.805000 UTC,2026-08-31 12:26:07.805000 UTC
HS-219722,SHP-133847,completed,,CREF-041609,,rail,lcl,EU Imp,FOB,,0.624,,2026-07-15,,TRUE,2026-06-22 12:26:27.009000 UTC,2026-08-19 13:11:15.975000 UTC,2026-08-19 15:20:15.975000 UTC
HS-013612,SHP-051480,completed,,,,air,lcl,EU Imp,FOB,701.98,,,2026-07-25,,TRUE,2026-06-18 13:28:37.788000 UTC,2026-08-06 11:58:51.366000 UTC,2026-08-06 15:43:51.366000 UTC
HS-082264,SHP-220150,canceled,,,,rail,lcl,EU Imp,FOB,,2.64,,2026-07-02,2026-06-24 12:36:30.619000 UTC,TRUE,2026-06-18 08:36:52.494000 UTC,2026-06-24 12:36:31.644000 UTC,2026-06-24 13:45:31.644000 UTC
HS-131506,SHP-032663,active,,CREF-006297,,sea,lcl,EU Imp,FOB,,17.1602,,2026-07-20,,TRUE,2026-06-17 17:37:48.807000 UTC,2026-09-17 06:33:50.856000 UTC,2026-09-17 07:15:50.856000 UTC
HS-094202,SHP-208722,completed,,,,air,lcl,EU Imp,EXW,52.06,,,2026-05-31,,TRUE,2026-05-20 07:56:20.632000 UTC,2026-06-29 14:57:01.526000 UTC,2026-06-29 16:12:01.526000 UTC
HS-100555,SHP-147737,canceled,,,,sea,fcl,EU Imp,FOB,,,2,2026-08-11,2026-07-13 08:43:07.811000 UTC,,2026-04-29 07:58:45.665000 UTC,2026-07-13 08:43:11.198000 UTC,2026-07-13 10:58:11.198000 UTC
HS-135290,SHP-138866,completed,,,,air,lcl,EU Imp,FOB,223.96,,,2026-04-20,,TRUE,2026-04-16 06:09:30.732000 UTC,2026-05-20 08:04:08.691000 UTC,2026-05-20 08:12:08.691000 UTC
HS-099386,SHP-021992,completed,,,,air,lcl,EU Imp,EXW,130.86,,,2026-04-20,,TRUE,2026-04-15 06:50:05.477000 UTC,2026-05-12 06:50:23.700000 UTC,2026-05-12 08:06:23.700000 UTC
HS-025898,SHP-109654,active,BKG-028555,CREF-028517,carrierConfirmed,sea,fcl,EU Imp,CFR,,,8,2026-05-24,,TRUE,2026-04-01 08:52:18.144000 UTC,2026-06-26 10:30:10.047000 UTC,2026-06-26 10:41:10.047000 UTC
HS-066605,SHP-060708,canceled,BKG-012810,,,sea,fcl,CrossT,FOB,,,2,2026-04-07,2026-03-25 17:18:28.471000 UTC,TRUE,2026-03-23 14:46:14.233000 UTC,2026-03-25 17:18:28.488000 UTC,2026-03-25 18:05:28.488000 UTC
HS-005593,SHP-196912,completed,,,,sea,fcl,EU Exp,CIF,,,2,2026-03-20,,,2026-03-11 14:48:17.519000 UTC,2026-04-16 07:22:36.846000 UTC,2026-04-16 09:08:36.846000 UTC
HS-024426,SHP-007406,completed,BKG-029311,CREF-090122,carrierConfirmed,sea,fcl,EU Imp,FOB,,,2,2026-03-20,,TRUE,2026-03-11 08:41:27.394000 UTC,2026-06-03 12:47:10.657000 UTC,2026-06-03 15:23:10.657000 UTC
HS-217835,SHP-195962,completed,CBR-005946-0,CREF-114375,shipment,sea,fcl,EU Exp,CIF,,,2,2026-03-06,,TRUE,2026-02-23 11:57:41.424000 UTC,2026-04-15 11:22:14.120000 UTC,2026-04-15 14:31:14.120000 UTC
HS-095998,SHP-205474,completed,,CREF-070483,,sea,lcl,EU Imp,EXW,,0.8904,,2026-02-08,,TRUE,2026-01-09 08:21:44.820000 UTC,2026-04-15 06:44:44.370000 UTC,2026-04-15 08:03:44.370000 UTC
HS-182480,SHP-038405,completed,,CREF-148914,,sea,lcl,EU Imp,FOB,,3.1744,,2026-01-25,,TRUE,2026-01-08 14:55:27.023000 UTC,2026-03-26 15:33:57.435000 UTC,2026-03-26 15:48:57.435000 UTC
HS-013479,SHP-100862,completed,,CREF-090359,,sea,lcl,EU Imp,FOB,,19.35,,2026-01-22,,TRUE,2026-01-06 21:37:23.744000 UTC,2026-03-17 02:51:01.075000 UTC,2026-03-17 03:43:01.075000 UTC
HS-035453,SHP-012574,active,,,,sea,fcl,EU Exp,CPT,,,2,2026-10-14,,,2026-09-18 08:04:59.778000 UTC,2026-09-18 13:42:31.417000 UTC,2026-09-18 16:07:31.417000 UTC
HS-129118,SHP-110387,active,BKG-004702,,authorized,sea,fcl,EU Imp,FOB,,,2,2026-08-12,,TRUE,2026-09-17 14:05:09.375000 UTC,2026-09-17 14:43:11.234000 UTC,2026-09-17 17:52:11.234000 UTC
HS-210054,SHP-203523,active,,,,sea,fcl,EU Imp,FOB,,,2,2026-09-23,,,2026-09-10 19:37:50.969000 UTC,2026-09-18 08:14:15.887000 UTC,2026-09-18 09:40:15.887000 UTC
HS-057658,SHP-211996,active,,CREF-126621,,sea,lcl,EU Imp,FOB,,1.218,,2026-09-27,,TRUE,2026-09-10 14:12:48.839000 UTC,2026-09-16 12:49:38.964000 UTC,2026-09-16 13:02:38.964000 UTC
HS-080329,SHP-064674,active,,,,sea,fcl,EU Imp,FOB,,,2,2026-09-24,,,2026-09-04 08:59:25.995000 UTC,2026-09-18 08:54:30.960000 UTC,2026-09-18 10:51:30.960000 UTC
HS-127119,SHP-117816,active,,,,sea,fcl,EU Imp,FOB,,,2,2026-09-25,,,2026-09-04 07:40:05.660000 UTC,2026-09-14 02:11:55.710000 UTC,2026-09-14 06:06:55.710000 UTC
HS-188093,SHP-106451,active,,,,sea,fcl,EU Exp,CPT,,,2,2026-10-08,,,2026-09-02 09:53:35.935000 UTC,2026-09-15 09:29:33.356000 UTC,2026-09-15 11:45:33.356000 UTC
HS-012252,SHP-085432,active,,CREF-102011,,rail,lcl,EU Imp,FOB,,1.98,,2026-09-23,,TRUE,2026-09-01 07:59:19.544000 UTC,2026-09-08 10:54:03.659000 UTC,2026-09-08 11:49:03.659000 UTC
HS-168540,SHP-078454,completed,,,,air,lcl,EU Exp,CPT,2839.9,,,2026-09-04,,TRUE,2026-08-31 08:30:10.668000 UTC,2026-09-08 06:24:51.700000 UTC,2026-09-08 10:18:51.700000 UTC
HS-107652,SHP-007504,active,,,,sea,fcl,EU Imp,FOB,,,2,2026-09-16,,,2026-08-27 07:29:51.719000 UTC,2026-09-17 05:15:05.797000 UTC,2026-09-17 09:13:05.797000 UTC
HS-189281,SHP-007515,active,,,,sea,fcl,EU Imp,FOB,,,2,2026-09-25,,,2026-08-14 08:00:05.161000 UTC,2026-08-31 05:58:56.642000 UTC,2026-08-31 07:42:56.642000 UTC
HS-187430,SHP-162337,completed,,,,sea,fcl,EU Exp,CFR,,,3,2026-08-30,,,2026-08-12 13:11:12.991000 UTC,2026-09-15 06:40:16.873000 UTC,2026-09-15 08:43:16.873000 UTC
HS-156501,SHP-076983,active,,,,sea,fcl,EU Imp,CFR,,,2,2026-09-26,,,2026-07-30 09:11:26.923000 UTC,2026-09-18 03:48:20.826000 UTC,2026-09-18 06:37:20.826000 UTC
HS-145935,SHP-025917,active,,,,sea,fcl,EU Imp,FOB,,,2,2026-08-14,,,2026-07-23 10:04:59.033000 UTC,2026-09-11 01:14:15.420000 UTC,2026-09-11 04:01:15.420000 UTC
HS-077143,SHP-157105,active,,,,sea,fcl,EU Exp,CFR,,,10,2026-08-02,,,2026-06-29 07:52:40.053000 UTC,2026-09-17 11:00:12.577000 UTC,2026-09-17 11:32:12.577000 UTC
HS-005100,SHP-195886,completed,,,,air,lcl,EU Exp,EXW,734,,,2026-06-20,,TRUE,2026-06-18 12:14:11.362000 UTC,2026-07-14 10:53:35.955000 UTC,2026-07-14 13:01:35.955000 UTC
HS-114328,SHP-197253,active,,CREF-110153,,sea,lcl,EU Imp,FOB,,2.464,,2026-08-01,,TRUE,2026-06-10 08:45:49.199000 UTC,2026-09-18 13:35:02.860000 UTC,2026-09-18 17:02:02.860000 UTC
HS-164751,SHP-132187,completed,,CREF-142946,,rail,lcl,EU Imp,CFR,,15.5779,,2026-06-20,,TRUE,2026-06-09 08:21:48.693000 UTC,2026-08-18 14:31:56.829000 UTC,2026-08-18 18:12:56.829000 UTC
HS-022081,SHP-032700,completed,,,,air,lcl,EU Imp,EXW,114,,,2026-06-18,,TRUE,2026-06-05 08:46:07.681000 UTC,2026-08-05 07:29:48.020000 UTC,2026-08-05 11:13:48.020000 UTC
HS-058722,SHP-013384,completed,,,,sea,fcl,EU Exp,CFR,,,1,2026-06-25,,,2026-06-03 14:35:06.790000 UTC,2026-07-27 07:32:24.718000 UTC,2026-07-27 08:33:24.718000 UTC
HS-193601,SHP-164225,completed,,,,air,lcl,EU Imp,FOB,505.14,,,2026-05-15,,TRUE,2026-05-06 13:04:12.790000 UTC,2026-08-26 10:13:18.270000 UTC,2026-08-26 12:22:18.270000 UTC
HS-168324,SHP-190409,completed,,,,air,lcl,EU Imp,EXW,900,,,2026-05-03,,TRUE,2026-04-28 15:24:48.205000 UTC,2026-06-22 14:52:59.296000 UTC,2026-06-22 17:24:59.296000 UTC
HS-078479,SHP-108963,completed,BKG-014842,CREF-015666,carrierConfirmed,sea,fcl,EU Imp,FOB,,,2,2026-05-27,,TRUE,2026-04-20 15:55:28.442000 UTC,2026-09-11 01:10:00.440000 UTC,2026-09-11 01:35:00.440000 UTC
HS-139322,SHP-019864,completed,,,,air,lcl,EU Imp,EXW,110,,,2026-04-20,,TRUE,2026-04-16 09:59:14.252000 UTC,2026-04-29 09:37:14.821000 UTC,2026-04-29 12:53:14.821000 UTC
HS-221755,SHP-053275,completed,,CREF-096112,,rail,lcl,EU Imp,FCA_T,,2.3524,,2026-05-02,,TRUE,2026-04-16 07:26:21.114000 UTC,2026-06-08 08:43:31.328000 UTC,2026-06-08 12:18:31.328000 UTC
HS-177147,SHP-137788,completed,BKG-008272,CREF-022302,carrierConfirmed,sea,fcl,EU Imp,FOB,,,6,2026-05-07,,TRUE,2026-04-14 07:41:48.641000 UTC,2026-08-04 15:05:38.514000 UTC,2026-08-04 19:01:38.514000 UTC
HS-087619,SHP-054240,completed,BKG-008047,CREF-070811,carrierConfirmed,sea,fcl,EU Imp,FOB,,,6,2026-05-11,,TRUE,2026-04-07 13:46:57.681000 UTC,2026-07-30 08:43:18.039000 UTC,2026-07-30 09:45:18.039000 UTC
HS-179787,SHP-057346,completed,,,,air,lcl,EU Imp,EXW,168.61,,,2026-03-22,,TRUE,2026-03-17 09:00:05.412000 UTC,2026-03-30 13:13:00.339000 UTC,2026-03-30 13:53:00.339000 UTC
HS-208782,SHP-012957,completed,,CREF-120216,,rail,fcl,EU Imp,FCA_T,,,2,2026-03-10,,TRUE,2026-03-03 09:41:43.527000 UTC,2026-04-10 08:45:46.877000 UTC,2026-04-10 10:49:46.877000 UTC
HS-204597,SHP-079280,completed,,CREF-104152,,sea,lcl,EU Imp,FOB,,1.08,,2026-02-16,,TRUE,2026-02-04 12:07:03.957000 UTC,2026-05-05 07:28:17.110000 UTC,2026-05-05 07:35:17.110000 UTC
HS-136274,SHP-001901,completed,,,,air,lcl,EU Imp,EXW,64,,,2026-01-31,,TRUE,2026-01-26 06:09:06.596000 UTC,2026-03-03 09:03:32.109000 UTC,2026-03-03 10:03:32.109000 UTC
HS-190562,SHP-177548,completed,,,,air,lcl,EU Imp,EXW,27,,,2026-01-30,,TRUE,2026-01-23 09:32:02.151000 UTC,2026-02-26 09:04:33.048000 UTC,2026-02-26 11:28:33.048000 UTC
HS-044850,SHP-125434,completed,,CREF-110099,,sea,fcl,EU Imp,FOB,,,2,2026-02-04,,TRUE,2025-12-31 08:18:53.842000 UTC,2026-04-14 08:15:39.032000 UTC,2026-04-14 08:52:39.032000 UTC
HS-053348,SHP-209792,completed,,CREF-037772,,rail,lcl,EU Imp,FOB,,2.0601,,2026-01-02,,TRUE,2025-12-17 10:57:05.168000 UTC,2026-02-26 08:17:26.213000 UTC,2026-02-26 11:21:26.213000 UTC
HS-209281,SHP-132430,active,BKG-001458,CREF-081895,carrierConfirmed,sea,fcl,EU Imp,FCA_LW,,,2,2026-09-21,,TRUE,2026-09-15 07:19:30.413000 UTC,2026-09-17 08:39:32.207000 UTC,2026-09-17 11:58:32.207000 UTC
HS-076603,SHP-064334,completed,,,,rail,fcl,EU Imp,CFR,,,2,2026-08-08,,TRUE,2026-08-25 06:54:14.176000 UTC,2026-09-08 12:18:42.484000 UTC,2026-09-08 14:52:42.484000 UTC
HS-133563,SHP-025569,active,,,,air,lcl,EU Imp,FOB,3872.01,,,2026-09-13,,TRUE,2026-08-24 15:17:29.590000 UTC,2026-09-17 07:41:31.856000 UTC,2026-09-17 11:21:31.856000 UTC
HS-078207,SHP-018804,active,,,,sea,fcl,EU Exp,DAP,,,2,2026-08-31,,,2026-08-20 11:46:52.888000 UTC,2026-09-14 19:23:05.453000 UTC,2026-09-14 20:49:05.453000 UTC
HS-210325,SHP-117936,active,,CREF-146031,,rail,lcl,EU Imp,DAP,,13.0208,,2026-08-28,,TRUE,2026-08-13 11:28:46.356000 UTC,2026-09-16 07:02:35.534000 UTC,2026-09-16 09:36:35.534000 UTC
HS-158127,SHP-011472,active,BKG-007890,CREF-149502,carrierConfirmed,sea,fcl,EU Imp,FOB,,,2,2026-09-12,,TRUE,2026-08-10 07:53:11.840000 UTC,2026-09-18 11:00:08.565000 UTC,2026-09-18 12:36:08.565000 UTC
HS-204927,SHP-121758,completed,,,,sea,fcl,EU Exp,CFR,,,2,2026-08-12,,,2026-07-24 09:40:49.644000 UTC,2026-09-07 06:15:22.852000 UTC,2026-09-07 09:00:22.852000 UTC
HS-054933,SHP-191470,active,,CREF-067427,,sea,lcl,EU Imp,FOB,,3.4656,,2026-09-10,,TRUE,2026-07-24 09:32:19.870000 UTC,2026-09-16 00:03:22.074000 UTC,2026-09-16 03:39:22.074000 UTC
HS-110081,SHP-194522,active,BKG-003917,CREF-103333,carrierConfirmed,sea,fcl,EU Imp,FOB,,,2,2026-08-01,,TRUE,2026-07-08 14:00:59.888000 UTC,2026-09-02 12:00:48.275000 UTC,2026-09-02 12:19:48.275000 UTC
HS-150256,SHP-129035,active,BKG-014042,CREF-144164,carrierConfirmed,sea,fcl,EU Exp,DAP,,,2,2026-09-01,,TRUE,2026-07-07 08:45:25.057000 UTC,2026-09-14 10:18:27.003000 UTC,2026-09-14 10:38:27.003000 UTC
HS-139417,SHP-082967,completed,,CREF-165264,,sea,lcl,EU Imp,FOB,,5.1744,,2026-07-09,,TRUE,2026-06-24 08:05:51.646000 UTC,2026-09-03 11:14:41.363000 UTC,2026-09-03 11:42:41.363000 UTC
HS-104848,SHP-165820,completed,,CREF-157927,,rail,fcl,EU Imp,DAP,,,2,2026-05-03,,TRUE,2026-06-23 13:05:30.087000 UTC,2026-08-13 07:46:21.797000 UTC,2026-08-13 10:06:21.797000 UTC
HS-108688,SHP-223892,completed,,CREF-056772,,sea,lcl,EU Imp,FOB,,7.7563,,2026-07-10,,TRUE,2026-06-23 11:42:42.319000 UTC,2026-09-11 12:03:43.987000 UTC,2026-09-11 13:30:43.987000 UTC
HS-204687,SHP-216477,active,,CREF-100251,,sea,lcl,EU Imp,FOB,,17.1001,,2026-07-18,,TRUE,2026-06-18 09:05:42.193000 UTC,2026-09-15 10:46:18.233000 UTC,2026-09-15 13:22:18.233000 UTC
HS-203562,SHP-092415,completed,CBR-026706-0,CREF-133815,shipment,sea,fcl,EU Imp,CIF,,,2,2026-05-25,,TRUE,2026-05-28 13:37:08.343000 UTC,2026-06-04 10:07:17.355000 UTC,2026-06-04 11:45:17.355000 UTC
HS-124806,SHP-101153,completed,,CREF-093894,,sea,lcl,EU Imp,FOB,,2.4728,,2026-06-08,,TRUE,2026-05-27 12:17:08.643000 UTC,2026-08-31 12:58:07.977000 UTC,2026-08-31 14:30:07.977000 UTC
HS-022616,SHP-216751,completed,,,,sea,fcl,EU Imp,FOB,,,2,2026-06-14,,,2026-05-20 12:16:48.497000 UTC,2026-08-06 14:02:12.506000 UTC,2026-08-06 17:39:12.506000 UTC
HS-163477,SHP-033954,completed,,CREF-129632,,rail,lcl,EU Imp,FCA_T,,1.3903,,2026-06-10,,TRUE,2026-05-20 07:47:53.753000 UTC,2026-07-22 11:33:53.800000 UTC,2026-07-22 13:42:53.800000 UTC
HS-030804,SHP-212211,completed,,CREF-020311,,rail,lcl,CrossT,EXW,,13.7698,,2026-06-01,,TRUE,2026-05-08 07:21:44.019000 UTC,2026-07-21 12:05:53.085000 UTC,2026-07-21 15:48:53.085000 UTC
HS-088817,SHP-111576,completed,,,,sea,fcl,EU Exp,CFR,,,20,2026-06-01,,,2026-05-04 14:39:38.606000 UTC,2026-08-18 07:32:49.395000 UTC,2026-08-18 10:01:49.395000 UTC
HS-173802,SHP-048901,completed,BKG-023650,CREF-064520,carrierConfirmed,sea,fcl,EU Exp,FOB,,,1,2026-05-06,,TRUE,2026-04-24 13:35:45.901000 UTC,2026-07-02 07:51:57.600000 UTC,2026-07-02 09:42:57.600000 UTC
HS-136918,SHP-155790,completed,,CREF-103787,,rail,lcl,EU Imp,FOB,,28.1756,,2026-05-08,,TRUE,2026-04-21 07:09:09.118000 UTC,2026-07-09 10:55:28.752000 UTC,2026-07-09 13:12:28.752000 UTC
HS-009611,SHP-095127,completed,,CREF-104711,,rail,lcl,EU Imp,FOB,,9.5101,,2026-05-06,,TRUE,2026-04-20 07:25:41.367000 UTC,2026-06-12 08:53:50.826000 UTC,2026-06-12 09:05:50.826000 UTC
HS-109085,SHP-052131,completed,,,,air,lcl,EU Imp,EXW,624,,,2026-04-15,,TRUE,2026-04-08 11:07:21.115000 UTC,2026-05-19 12:45:19.243000 UTC,2026-05-19 14:08:19.243000 UTC
HS-149992,SHP-145903,completed,,CREF-030258,,rail,lcl,EU Imp,FOB,,6.8544,,2026-05-06,,TRUE,2026-04-02 14:42:54.497000 UTC,2026-06-17 10:40:29.316000 UTC,2026-06-17 13:07:29.316000 UTC
HS-101036,SHP-115012,completed,,CREF-000869,,sea,lcl,EU Imp,FOB,,12.4042,,2026-04-24,,TRUE,2026-04-02 08:54:58.100000 UTC,2026-08-27 15:45:00.343000 UTC,2026-08-27 18:58:00.343000 UTC
HS-203107,SHP-033355,completed,,CREF-104679,,sea,lcl,EU Imp,FOB,,0.14,,2026-04-10,,TRUE,2026-03-19 10:10:14.063000 UTC,2026-06-29 11:44:53.517000 UTC,2026-06-29 15:41:53.517000 UTC
HS-159583,SHP-177051,completed,,CREF-015174,,rail,lcl,EU Imp,FCA_T,,6.3084,,2026-03-31,,TRUE,2026-03-05 09:14:02.020000 UTC,2026-06-02 09:39:27.378000 UTC,2026-06-02 10:55:27.378000 UTC
HS-209621,SHP-201386,completed,,CREF-000040,,sea,lcl,EU Imp,EXW,,1.2501,,2026-03-14,,TRUE,2026-03-02 13:09:20.946000 UTC,2026-06-03 14:41:33.693000 UTC,2026-06-03 16:12:33.693000 UTC
HS-143187,SHP-086195,completed,BKG-017054,CREF-078737,carrierConfirmed,sea,fcl,EU Imp,FOB,,,4,2026-03-09,,TRUE,2026-02-24 05:25:44.136000 UTC,2026-05-06 08:54:44.884000 UTC,2026-05-06 11:42:44.884000 UTC
HS-122309,SHP-148838,completed,,CREF-117397,,sea,lcl,EU Exp,CFR,,6.7841,,2026-03-04,,TRUE,2026-02-16 12:26:27.043000 UTC,2026-04-20 14:25:45.600000 UTC,2026-04-20 15:34:45.600000 UTC
HS-086080,SHP-039244,completed,,CREF-024625,,sea,lcl,EU Imp,FOB,,0.96,,2026-01-01,,TRUE,2026-01-29 17:19:59.754000 UTC,2026-03-06 11:07:32.057000 UTC,2026-03-06 14:18:32.057000 UTC
HS-124291,SHP-111353,completed,,,,air,lcl,EU Imp,CPT,2413.04,,,2026-01-21,,TRUE,2026-01-21 15:01:08.870000 UTC,2026-03-04 14:30:33.559000 UTC,2026-03-04 15:41:33.559000 UTC
HS-027158,SHP-035690,completed,,CREF-063535,,sea,lcl,EU Imp,FOB,,2.281,,2026-01-15,,TRUE,2026-01-08 11:49:09.613000 UTC,2026-03-17 12:43:45.238000 UTC,2026-03-17 14:44:45.238000 UTC
HS-004567,SHP-131121,completed,,,,air,lcl,EU Imp,EXW,405,,,2026-01-10,,TRUE,2026-01-07 12:00:17.067000 UTC,2026-03-02 10:52:22.780000 UTC,2026-03-02 14:48:22.780000 UTC
HS-085001,SHP-129611,completed,,,,air,lcl,EU Imp,EXW,280,,,2026-01-10,,TRUE,2026-01-05 09:42:27.283000 UTC,2026-01-27 15:24:45.387000 UTC,2026-01-27 17:32:45.387000 UTC
HS-004220,SHP-092112,completed,,CREF-053955,,sea,lcl,EU Imp,FOB,,6.516,,2026-01-22,,TRUE,2025-12-18 09:55:24.746000 UTC,2026-03-09 06:59:02.580000 UTC,2026-03-09 10:33:02.580000 UTC
HS-125942,SHP-006331,completed,,CREF-090006,,sea,lcl,EU Imp,FOB,,8.4003,,2026-01-10,,TRUE,2025-12-04 12:35:21.353000 UTC,2026-04-21 07:29:46.525000 UTC,2026-04-21 11:18:46.525000 UTC
HS-021521,SHP-011242,active,,,,air,lcl,EU Imp,EXW,112.2,,,2026-09-20,,TRUE,2026-09-15 07:45:18.973000 UTC,2026-09-18 02:02:16.947000 UTC,2026-09-18 04:52:16.947000 UTC
HS-012005,SHP-199672,active,,,,air,lcl,EU Imp,EXW,591,,,2026-09-20,,TRUE,2026-09-14 10:14:59.947000 UTC,2026-09-18 07:58:22.194000 UTC,2026-09-18 11:33:22.194000 UTC
HS-110495,SHP-073460,active,,,,sea,lcl,EU Imp,FOB,,9.2291,,2026-09-29,,TRUE,2026-09-07 11:01:01.870000 UTC,2026-09-18 03:35:35.714000 UTC,2026-09-18 05:47:35.714000 UTC
HS-104688,SHP-037779,active,,,,sea,fcl,EU Imp,FOB,,,2,2026-10-04,,,2026-09-03 07:16:35.154000 UTC,2026-09-08 03:04:12.719000 UTC,2026-09-08 04:55:12.719000 UTC
HS-159837,SHP-077803,completed,,,,air,lcl,EU Imp,EXW,399.95,,,2026-09-09,,TRUE,2026-08-28 10:36:19.590000 UTC,2026-09-15 07:24:44.752000 UTC,2026-09-15 07:59:44.752000 UTC
HS-094365,SHP-130776,active,,,,sea,fcl,EU Imp,FOB,,,2,2026-10-04,,,2026-08-25 08:37:28.269000 UTC,2026-09-17 03:04:31.745000 UTC,2026-09-17 03:13:31.745000 UTC
HS-098967,SHP-048952,active,,CREF-046457,,rail,lcl,EU Imp,FOB,,12.096,,2026-09-04,,TRUE,2026-08-21 06:19:51.415000 UTC,2026-09-11 12:11:57.248000 UTC,2026-09-11 15:59:57.248000 UTC
HS-146412,SHP-130506,active,,,,sea,lcl,EU Imp,FOB,,1.35,,2026-09-27,,TRUE,2026-08-20 13:34:11.551000 UTC,2026-09-08 08:53:00.441000 UTC,2026-09-08 10:15:00.441000 UTC
HS-216661,SHP-185369,active,,,,air,lcl,EU Imp,EXW,201.96,,,2026-08-24,,TRUE,2026-08-20 01:29:12.755000 UTC,2026-09-17 07:51:58.413000 UTC,2026-09-17 09:55:58.413000 UTC
HS-038674,SHP-221509,active,,CREF-146551,,rail,lcl,EU Imp,EXW,,13.728,,2026-08-26,,TRUE,2026-08-13 12:33:26.708000 UTC,2026-09-10 13:07:30.655000 UTC,2026-09-10 15:04:30.655000 UTC
HS-155115,SHP-134585,active,,,,sea,fcl,EU Imp,FOB,,,2,2026-09-17,,,2026-08-07 12:03:04.675000 UTC,2026-09-17 11:56:19.601000 UTC,2026-09-17 12:31:19.601000 UTC
HS-109709,SHP-102943,canceled,BKG-029102,,carrierContacted,sea,fcl,EU Imp,FOB,,,2,2026-08-13,2026-08-12 10:48:29.197000 UTC,FALSE,2026-08-06 09:16:09.397000 UTC,2026-08-12 10:48:32.424000 UTC,2026-08-12 14:03:32.424000 UTC
HS-031473,SHP-184245,active,,,,sea,fcl,EU Imp,FOB,,,5,2026-08-23,,,2026-07-29 07:49:07.512000 UTC,2026-09-14 11:00:13.379000 UTC,2026-09-14 12:45:13.379000 UTC
HS-050795,SHP-026927,completed,,,,air,lcl,EU Imp,EXW,655.76,,,2026-07-28,,TRUE,2026-07-24 08:38:53.936000 UTC,2026-08-28 08:12:49.815000 UTC,2026-08-28 10:46:49.815000 UTC
HS-167783,SHP-040728,completed,,CREF-008330,,rail,lcl,EU Imp,EXW,,18.2079,,2026-07-31,,TRUE,2026-07-23 05:01:21.353000 UTC,2026-09-02 09:28:23.420000 UTC,2026-09-02 10:42:23.420000 UTC
HS-214973,SHP-156997,completed,,,,sea,fcl,EU Exp,FCA_LW,,,2,2026-08-29,,,2026-07-22 07:53:30.250000 UTC,2026-09-18 06:57:08.901000 UTC,2026-09-18 10:51:08.901000 UTC
HS-205299,SHP-105514,active,,,,sea,lcl,EU Imp,FOB,,6.1301,,2026-08-09,,,2026-07-21 09:52:18.077000 UTC,2026-09-16 07:59:18.182000 UTC,2026-09-16 09:26:18.182000 UTC
HS-026732,SHP-101265,active,,CREF-036923,,sea,lcl,EU Imp,FCA_T,,2.35,,2026-08-04,,TRUE,2026-07-17 00:54:01.360000 UTC,2026-09-18 13:15:20.795000 UTC,2026-09-18 17:11:20.795000 UTC
HS-040508,SHP-037354,completed,,CREF-038235,,rail,lcl,EU Imp,FCA_T,,0.72,,2026-07-29,,TRUE,2026-07-16 05:42:17.390000 UTC,2026-08-31 13:41:15.883000 UTC,2026-08-31 13:54:15.883000 UTC
HS-121783,SHP-221670,active,,,,sea,fcl,EU Imp,FOB,,,1,2026-08-24,,,2026-07-15 20:23:48.912000 UTC,2026-09-17 09:00:07.692000 UTC,2026-09-17 10:55:07.692000 UTC
HS-203827,SHP-068342,active,BKG-029560,CREF-107395,carrierConfirmed,sea,fcl,EU Imp,FOB,,,2,2026-07-24,,TRUE,2026-07-10 14:59:11.264000 UTC,2026-09-17 23:15:14.099000 UTC,2026-09-17 23:23:14.099000 UTC
HS-198832,SHP-119883,completed,,CREF-124599,,rail,lcl,EU Imp,FCA_T,,12.0288,,2026-07-21,,TRUE,2026-07-08 09:51:35.383000 UTC,2026-08-17 13:33:55.622000 UTC,2026-08-17 15:59:55.622000 UTC
HS-067788,SHP-209978,completed,,CREF-061988,,sea,lcl,EU Imp,FOB,,8.4999,,2026-07-06,,TRUE,2026-06-12 09:59:01.209000 UTC,2026-09-09 18:02:12.693000 UTC,2026-09-09 18:24:12.693000 UTC
HS-121103,SHP-128251,completed,,,,sea,fcl,EU Exp,CIF,,,1,2026-06-09,,,2026-05-19 13:01:41.232000 UTC,2026-07-28 06:28:28.076000 UTC,2026-07-28 07:38:28.076000 UTC
HS-154288,SHP-209955,completed,BKG-018450,CREF-111020,authorized,sea,fcl,EU Imp,CIF,,,2,2026-04-29,,TRUE,2026-04-30 02:37:52.798000 UTC,2026-06-11 07:57:05.811000 UTC,2026-06-11 11:10:05.811000 UTC
HS-090314,SHP-111406,completed,,,,air,lcl,EU Imp,EXW,898,,,2026-05-01,,TRUE,2026-04-17 10:38:16.085000 UTC,2026-06-22 08:41:18.484000 UTC,2026-06-22 10:07:18.484000 UTC
HS-117382,SHP-013373,canceled,CBR-006700-0,,shipment,sea,fcl,EU Imp,CIF,,,2,2026-03-24,2026-04-16 10:01:42.858000 UTC,TRUE,2026-04-16 09:58:55.010000 UTC,2026-06-12 14:00:44.664000 UTC,2026-06-12 15:05:44.664000 UTC
HS-135861,SHP-147724,completed,BKG-019272,CREF-030929,carrierConfirmed,sea,fcl,EU Imp,FOB,,,4,2026-05-15,,TRUE,2026-04-13 13:35:02.023000 UTC,2026-08-03 09:50:32.629000 UTC,2026-08-03 11:29:32.629000 UTC
HS-056585,SHP-120095,completed,,,,air,lcl,EU Exp,EXW,140,,,2026-04-15,,TRUE,2026-04-10 07:44:00.677000 UTC,2026-05-15 10:43:41.179000 UTC,2026-05-15 11:32:41.179000 UTC
HS-107874,SHP-217452,completed,,,,air,lcl,EU Imp,EXW,84,,,2026-04-15,,TRUE,2026-04-02 08:50:38.024000 UTC,2026-06-03 10:21:08.191000 UTC,2026-06-03 12:38:08.191000 UTC
HS-143104,SHP-054230,completed,,,,air,lcl,EU Imp,EXW,941.36,,,2026-04-07,,TRUE,2026-04-02 02:50:16.861000 UTC,2026-04-20 13:17:09.897000 UTC,2026-04-20 17:06:09.897000 UTC
HS-153002,SHP-207282,completed,,,,air,lcl,EU Exp,FOB,517,,,2026-04-02,,TRUE,2026-03-30 13:21:22.555000 UTC,2026-05-15 09:06:40.832000 UTC,2026-05-15 09:22:40.832000 UTC
HS-199411,SHP-023385,completed,BKG-013000,CREF-043940,authorized,sea,fcl,EU Imp,CFR,,,2,2026-05-11,,TRUE,2026-03-18 12:31:06.854000 UTC,2026-06-24 13:39:16.223000 UTC,2026-06-24 17:14:16.223000 UTC
HS-100792,SHP-176160,completed,,,,air,lcl,EU Imp,EXW,1050.22,,,2026-03-20,,TRUE,2026-03-12 02:37:47.357000 UTC,2026-04-15 14:08:24.053000 UTC,2026-04-15 17:30:24.053000 UTC
HS-204089,SHP-051230,completed,BKG-021381,CREF-094489,carrierConfirmed,sea,fcl,EU Imp,FOB,,,2,2026-03-23,,TRUE,2026-03-11 08:26:03.017000 UTC,2026-06-02 11:36:03.823000 UTC,2026-06-02 15:30:03.823000 UTC
HS-020064,SHP-143846,completed,,CREF-008687,,rail,lcl,EU Imp,EXW,,5.6001,,2026-03-27,,TRUE,2026-03-10 11:13:28.108000 UTC,2026-06-03 07:43:23.984000 UTC,2026-06-03 10:36:23.984000 UTC
HS-202338,SHP-006502,completed,,,,air,lcl,EU Imp,FCA_LW,87,,,2026-03-11,,TRUE,2026-03-06 11:47:33.035000 UTC,2026-03-23 16:57:47.747000 UTC,2026-03-23 18:33:47.747000 UTC
HS-035879,SHP-121377,completed,BKG-030325,CREF-107830,carrierConfirmed,sea,fcl,EU Imp,FOB,,,1,2026-02-23,,TRUE,2026-02-05 06:59:58.266000 UTC,2026-04-28 09:10:37.396000 UTC,2026-04-28 09:17:37.396000 UTC
HS-094863,SHP-021160,completed,,CREF-141991,,sea,lcl,EU Imp,FOB,,1.9608,,2026-02-01,,TRUE,2026-01-20 11:43:42.107000 UTC,2026-04-30 07:11:02.338000 UTC,2026-04-30 10:36:02.338000 UTC
HS-025084,SHP-095117,completed,,,,air,lcl,EU Imp,EXW,889,,,2026-01-21,,TRUE,2026-01-15 08:09:56.803000 UTC,2026-02-10 11:01:42.436000 UTC,2026-02-10 11:36:42.436000 UTC
HS-047304,SHP-081276,canceled,,,,sea,fcl,EU Exp,CFR,,,2,2026-02-03,2026-01-21 09:04:17.226000 UTC,TRUE,2026-01-13 08:42:57.685000 UTC,2026-01-21 09:04:21.794000 UTC,2026-01-21 11:21:21.794000 UTC
HS-178976,SHP-097219,completed,BKG-011527,CREF-014902,carrierConfirmed,sea,fcl,EU Imp,FOB,,,2,2026-02-10,,TRUE,2026-01-06 08:19:26.413000 UTC,2026-03-27 08:40:44.004000 UTC,2026-03-27 10:18:44.004000 UTC
HS-205365,SHP-033685,canceled,,CREF-001321,,rail,lcl,EU Imp,EXW,,17.713,,2026-01-10,2026-01-15 09:01:53.497000 UTC,TRUE,2025-12-26 10:08:45.800000 UTC,2026-01-15 09:01:53.914000 UTC,2026-01-15 09:56:53.914000 UTC
HS-154772,SHP-171525,active,BKG-020712,,nominated,sea,fcl,EU Imp,FOB,,,1,2026-10-07,,FALSE,2026-09-16 11:08:42.545000 UTC,2026-09-17 06:29:11.349000 UTC,2026-09-17 09:53:11.349000 UTC
HS-033697,SHP-129080,active,,,,sea,fcl,EU Exp,CFR,,,6,2026-09-30,,,2026-09-11 08:32:02.651000 UTC,2026-09-18 14:10:45.339000 UTC,2026-09-18 15:30:45.339000 UTC
HS-114179,SHP-044585,active,,CREF-124878,,sea,lcl,EU Imp,FOB,,1,,2026-09-10,,TRUE,2026-08-27 10:24:20.600000 UTC,2026-09-15 13:38:09.654000 UTC,2026-09-15 17:32:09.654000 UTC
HS-063378,SHP-120954,active,,,,sea,fcl,EU Imp,FOB,,,2,2026-09-27,,,2026-08-26 07:37:10.732000 UTC,2026-09-18 12:05:48.256000 UTC,2026-09-18 15:41:48.256000 UTC
HS-163649,SHP-195723,completed,,,,air,lcl,EU Exp,EXW,232,,,2026-08-26,,TRUE,2026-08-20 13:14:44.064000 UTC,2026-09-03 08:30:07.681000 UTC,2026-09-03 12:03:07.681000 UTC
HS-004579,SHP-021584,completed,,,,air,lcl,EU Imp,EXW,2076.49,,,2026-08-30,,TRUE,2026-08-13 09:43:44.224000 UTC,2026-09-08 08:18:13.120000 UTC,2026-09-08 09:47:13.120000 UTC
HS-042121,SHP-209631,completed,CBR-032806-0,CREF-058171,shipment,sea,fcl,EU Imp,CIF,,,2,2026-08-12,,TRUE,2026-08-10 10:21:04.337000 UTC,2026-08-20 09:59:47.582000 UTC,2026-08-20 12:41:47.582000 UTC
HS-087057,SHP-204318,completed,,,,sea,fcl,EU Exp,CFR,,,6,2026-08-11,,,2026-08-05 15:01:30.926000 UTC,2026-09-02 08:13:07.351000 UTC,2026-09-02 08:21:07.351000 UTC
HS-003023,SHP-217089,active,,,,sea,fcl,EU Imp,FOB,,,2,2026-09-12,,,2026-07-21 07:23:16.457000 UTC,2026-09-16 08:27:41.923000 UTC,2026-09-16 08:41:41.923000 UTC
HS-132917,SHP-073509,active,,,,sea,fcl,EU Imp,FOB,,,2,2026-09-19,,,2026-07-15 20:24:53.669000 UTC,2026-09-17 17:18:23.882000 UTC,2026-09-17 21:01:23.882000 UTC
HS-163274,SHP-067351,active,,,,sea,fcl,EU Exp,DAP,,,1,2026-08-04,,,2026-07-14 13:52:48.413000 UTC,2026-09-09 13:38:54.794000 UTC,2026-09-09 14:38:54.794000 UTC
HS-171504,SHP-090961,completed,CBR-004766-0,CREF-068613,carrierConfirmed,sea,fcl,EU Exp,CFR,,,2,2026-07-10,,TRUE,2026-07-02 12:07:25.402000 UTC,2026-08-31 10:48:00.821000 UTC,2026-08-31 12:01:00.821000 UTC
HS-159036,SHP-207746,active,,CREF-092791,,sea,lcl,EU Imp,FOB,,6.5303,,2026-07-18,,TRUE,2026-06-23 09:46:26.346000 UTC,2026-09-15 19:15:13.504000 UTC,2026-09-15 21:11:13.504000 UTC
HS-194544,SHP-183597,completed,,,,air,lcl,EU Imp,CFR,447,,,2026-06-01,,TRUE,2026-06-04 10:11:42.150000 UTC,2026-06-29 15:03:20.179000 UTC,2026-06-29 15:54:20.179000 UTC
HS-075664,SHP-058957,completed,BKG-002861,CREF-139245,carrierConfirmed,sea,fcl,EU Imp,FOB,,,1,2026-06-18,,TRUE,2026-06-01 10:34:04.907000 UTC,2026-09-02 10:15:06.888000 UTC,2026-09-02 13:32:06.888000 UTC
HS-219559,SHP-120841,completed,,,,sea,fcl,EU Imp,FOB,,,1,2026-06-26,,,2026-05-28 10:05:41.354000 UTC,2026-08-20 12:19:45.168000 UTC,2026-08-20 13:05:45.168000 UTC
HS-148156,SHP-213395,completed,,,,air,lcl,EU Imp,EXW,181,,,2026-05-19,,TRUE,2026-05-15 08:39:26.010000 UTC,2026-06-11 09:21:15.634000 UTC,2026-06-11 09:27:15.634000 UTC
HS-168139,SHP-010728,canceled,,CREF-070635,,rail,lcl,EU Imp,FOB,,16.5334,,2026-05-22,2026-05-13 12:26:03.415000 UTC,TRUE,2026-05-08 07:53:51.917000 UTC,2026-05-13 12:26:03.924000 UTC,2026-05-13 13:39:03.924000 UTC
HS-025391,SHP-058019,completed,BKG-032148,CREF-148078,carrierConfirmed,sea,fcl,EU Imp,FOB,,,10,2026-06-11,,TRUE,2026-05-08 07:14:38.197000 UTC,2026-08-21 08:53:03.156000 UTC,2026-08-21 11:52:03.156000 UTC
HS-009396,SHP-208299,completed,,CREF-148011,,sea,fcl,EU Imp,FOB,,,2,2026-06-05,,TRUE,2026-05-07 18:27:31.145000 UTC,2026-08-27 14:51:52.566000 UTC,2026-08-27 18:20:52.566000 UTC
HS-117345,SHP-213862,completed,BKG-027009,CREF-051404,carrierConfirmed,sea,fcl,EU Imp,FOB,,,2,2026-05-30,,TRUE,2026-04-14 11:39:00.580000 UTC,2026-08-13 07:29:43.815000 UTC,2026-08-13 08:19:43.815000 UTC
HS-061254,SHP-078978,canceled,,CREF-056276,,rail,lcl,EU Imp,FOB,,2.6448,,2026-06-02,2026-05-21 10:25:22.186000 UTC,TRUE,2026-04-13 09:17:25.844000 UTC,2026-05-21 10:25:22.617000 UTC,2026-05-21 13:18:22.617000 UTC
HS-021024,SHP-084179,completed,,CREF-054434,,sea,lcl,EU Imp,FOB,,11.344,,2026-04-29,,TRUE,2026-04-13 08:59:45.806000 UTC,2026-08-11 09:45:50.290000 UTC,2026-08-11 12:52:50.290000 UTC
HS-104341,SHP-204377,completed,,,,air,lcl,EU Imp,EXW,579,,,2026-04-15,,TRUE,2026-04-09 07:20:47.046000 UTC,2026-04-30 10:54:21.375000 UTC,2026-04-30 14:26:21.375000 UTC
HS-104863,SHP-016785,canceled,BKG-026144,CREF-097653,carrierConfirmed,sea,fcl,EU Imp,FOB,,,1,2026-04-20,2026-04-13 06:28:48.894000 UTC,TRUE,2026-04-02 12:23:28.989000 UTC,2026-06-12 14:03:21.084000 UTC,2026-06-12 17:50:21.084000 UTC
HS-180204,SHP-121945,completed,,,,air,lcl,EU Imp,EXW,166.15,,,2026-04-03,,TRUE,2026-03-27 08:31:08.565000 UTC,2026-05-05 14:32:17.682000 UTC,2026-05-05 15:10:17.682000 UTC
HS-112594,SHP-044126,completed,,CREF-046361,,sea,lcl,EU Imp,EXW,,0.5502,,2026-04-02,,TRUE,2026-03-10 12:30:08.405000 UTC,2026-06-15 08:35:51.073000 UTC,2026-06-15 12:02:51.073000 UTC
HS-156494,SHP-000527,completed,,CREF-129178,,sea,fcl,EU Exp,DAP,,,4,2026-03-20,,TRUE,2026-02-17 08:53:07.793000 UTC,2026-04-24 12:04:44.041000 UTC,2026-04-24 12:47:44.041000 UTC
HS-137203,SHP-142554,canceled,,CREF-157799,,sea,fcl,EU Exp,FCA_LW,,,12,2026-03-24,2026-03-09 05:44:43.951000 UTC,TRUE,2026-02-16 13:56:15.773000 UTC,2026-03-09 05:44:46.228000 UTC,2026-03-09 08:09:46.228000 UTC
HS-223383,SHP-201221,completed,BKG-011412,CREF-117609,carrierConfirmed,sea,fcl,EU Imp,FOB,,,2,2026-02-23,,TRUE,2026-02-04 15:18:59.432000 UTC,2026-04-24 17:43:40.609000 UTC,2026-04-24 21:00:40.609000 UTC
HS-068028,SHP-005723,active,,,,sea,fcl,EU Imp,FOB,,,2,2026-08-29,,TRUE,2026-09-16 10:21:26.985000 UTC,2026-09-16 10:24:22.903000 UTC,2026-09-16 13:23:22.903000 UTC
HS-025112,SHP-207149,active,,,,sea,fcl,EU Exp,CFR,,,2,2026-09-19,,,2026-08-28 12:27:25.591000 UTC,2026-09-18 09:00:27.843000 UTC,2026-09-18 11:11:27.843000 UTC
HS-001969,SHP-165146,active,,,,sea,fcl,EU Imp,FOB,,,1,2026-09-17,,,2026-08-26 07:31:35.290000 UTC,2026-09-17 19:21:07.971000 UTC,2026-09-17 22:48:07.971000 UTC
HS-060892,SHP-036259,active,,CREF-144131,,sea,lcl,EU Imp,FOB,,0.928,,2026-09-06,,TRUE,2026-08-20 09:30:10.639000 UTC,2026-09-15 15:27:12.559000 UTC,2026-09-15 18:23:12.559000 UTC
HS-153344,SHP-199716,active,BKG-011698,CREF-072076,carrierConfirmed,sea,fcl,EU Exp,CFR,,,10,2026-09-06,,TRUE,2026-08-17 14:53:11.077000 UTC,2026-09-17 06:00:22.358000 UTC,2026-09-17 09:25:22.358000 UTC
HS-067010,SHP-004767,active,CBR-031906-0,CREF-093280,carrierContacted,sea,fcl,EU Exp,CFR,,,2.5,2026-09-05,,TRUE,2026-08-14 10:05:52.814000 UTC,2026-09-08 05:24:30.573000 UTC,2026-09-08 08:15:30.573000 UTC
HS-035382,SHP-043589,completed,,,,air,lcl,EU Exp,DAP,893.5,,,2026-08-20,,TRUE,2026-08-14 09:50:11.237000 UTC,2026-09-10 12:03:19.375000 UTC,2026-09-10 14:14:19.375000 UTC
HS-123814,SHP-145981,active,,,,sea,fcl,EU Imp,FOB,,,1,2026-09-12,,,2026-08-05 11:46:58.310000 UTC,2026-09-16 02:05:13.005000 UTC,2026-09-16 04:38:13.005000 UTC
HS-004784,SHP-166661,active,,,,sea,fcl,EU Exp,CFR,,,8,2026-09-01,,,2026-07-31 12:58:26.496000 UTC,2026-09-18 14:10:49.136000 UTC,2026-09-18 15:04:49.136000 UTC
HS-132418,SHP-155189,active,,,,rail,fcl,EU Imp,EXW,,,2,2026-09-07,,TRUE,2026-07-30 09:56:47.677000 UTC,2026-09-08 06:03:20.300000 UTC,2026-09-08 09:08:20.300000 UTC
HS-156663,SHP-080900,completed,,,,sea,fcl,EU Exp,FCA_LW,,,8,2026-08-09,,,2026-07-22 07:18:16.583000 UTC,2026-09-07 06:44:02.748000 UTC,2026-09-07 08:34:02.748000 UTC
HS-145332,SHP-165185,canceled,,,,air,lcl,EU Exp,CPT,220,,,2026-08-14,2026-08-14 08:17:53.893000 UTC,TRUE,2026-07-21 10:04:27.042000 UTC,2026-08-14 08:17:54.780000 UTC,2026-08-14 12:05:54.780000 UTC
HS-175215,SHP-118137,completed,,,,sea,fcl,EU Exp,CIF,,,1,2026-08-02,,,2026-07-16 07:27:25.476000 UTC,2026-08-19 06:33:10.259000 UTC,2026-08-19 10:18:10.259000 UTC
HS-140790,SHP-184353,active,BKG-015771,CREF-045426,authorized,sea,fcl,EU Imp,DAP,,,10,2026-09-03,,TRUE,2026-07-13 16:51:24.051000 UTC,2026-09-14 09:06:36.265000 UTC,2026-09-14 10:37:36.265000 UTC
HS-057075,SHP-138287,active,CBR-025505-0,CREF-115045,carrierConfirmed,sea,fcl,EU Imp,FOB,,,2,2026-08-08,,TRUE,2026-07-13 13:57:08.915000 UTC,2026-09-18 12:13:13.020000 UTC,2026-09-18 14:04:13.020000 UTC
HS-107623,SHP-110406,active,,,,sea,fcl,EU Imp,FOB,,,2,2026-08-16,,,2026-07-09 08:45:47.938000 UTC,2026-09-10 00:00:35.221000 UTC,2026-09-10 03:11:35.221000 UTC
HS-086231,SHP-151941,active,BKG-005833,CREF-105131,carrierConfirmed,sea,fcl,EU Imp,FOB,,,2,2026-08-01,,TRUE,2026-07-08 13:01:32.708000 UTC,2026-08-26 16:00:26.592000 UTC,2026-08-26 16:32:26.592000 UTC
HS-042738,SHP-105376,completed,,CREF-122715,,rail,lcl,EU Imp,EXW,,3.0369,,2026-07-08,,TRUE,2026-06-29 09:53:39.697000 UTC,2026-08-21 07:36:08.881000 UTC,2026-08-21 10:44:08.881000 UTC
HS-139769,SHP-137607,completed,,CREF-077594,,sea,lcl,EU Imp,FOB,,0.8448,,2026-06-30,,TRUE,2026-06-11 13:28:58.112000 UTC,2026-09-01 08:21:39.516000 UTC,2026-09-01 09:52:39.516000 UTC
HS-038285,SHP-162005,completed,,,,air,lcl,EU Imp,FOB,480,,,2026-07-09,,TRUE,2026-06-11 06:49:26.491000 UTC,2026-08-14 09:02:00.131000 UTC,2026-08-14 11:06:00.131000 UTC
HS-116800,SHP-093924,completed,,CREF-023865,,sea,lcl,EU Imp,FOB,,12.3738,,2026-06-14,,TRUE,2026-05-28 10:22:12.686000 UTC,2026-09-01 14:47:06.915000 UTC,2026-09-01 18:35:06.915000 UTC
HS-212145,SHP-201419,completed,,CREF-092837,,sea,lcl,EU Imp,FOB,,0.86,,2026-06-24,,TRUE,2026-05-18 08:43:09.972000 UTC,2026-09-03 09:09:20.567000 UTC,2026-09-03 12:41:20.567000 UTC
HS-058234,SHP-007733,completed,,,,air,lcl,EU Imp,EXW,93.25,,,2026-05-17,,TRUE,2026-05-12 09:44:29.557000 UTC,2026-07-01 13:03:23.426000 UTC,2026-07-01 16:56:23.426000 UTC
HS-215010,SHP-167137,completed,BKG-003835,CREF-156009,carrierConfirmed,sea,fcl,EU Imp,FOB,,,2,2026-05-15,,TRUE,2026-04-27 13:34:21.265000 UTC,2026-09-11 01:15:31.171000 UTC,2026-09-11 02:58:31.171000 UTC
HS-028824,SHP-067172,completed,,CREF-034754,,sea,lcl,EU Imp,FOB,,24.103,,2026-05-18,,TRUE,2026-03-25 07:21:26.992000 UTC,2026-08-29 15:19:42.890000 UTC,2026-08-29 17:55:42.890000 UTC
HS-162213,SHP-181859,completed,BKG-034394,CREF-133733,carrierConfirmed,sea,fcl,EU Imp,FOB,,,4,2026-04-22,,TRUE,2026-03-18 07:40:00.014000 UTC,2026-09-11 01:09:56.399000 UTC,2026-09-11 01:25:56.399000 UTC
HS-183934,SHP-130792,completed,CBR-021830-0,CREF-047850,shipment,sea,fcl,EU Exp,CFR,,,2,2026-04-01,,TRUE,2026-03-16 13:47:23.069000 UTC,2026-05-05 06:43:04.919000 UTC,2026-05-05 07:06:04.919000 UTC
HS-177072,SHP-066600,completed,,CREF-044984,,sea,lcl,EU Imp,FOB,,2.3899,,2026-03-29,,TRUE,2026-03-11 13:36:17.350000 UTC,2026-07-17 06:39:35.950000 UTC,2026-07-17 07:07:35.950000 UTC
HS-112023,SHP-213818,completed,,,,air,lcl,EU Imp,FOB,174.46,,,2026-03-12,,TRUE,2026-03-09 13:19:26.718000 UTC,2026-03-30 13:06:01.180000 UTC,2026-03-30 15:50:01.180000 UTC
HS-181185,SHP-011317,canceled,,,,sea,fcl,EU Exp,CFR,,,2,2026-02-24,2026-02-10 10:36:13.462000 UTC,TRUE,2026-02-03 07:49:58.906000 UTC,2026-02-10 10:36:14.027000 UTC,2026-02-10 11:32:14.027000 UTC
HS-062603,SHP-142681,completed,,CREF-112411,,sea,fcl,EU Exp,CFR,,,40,2026-02-22,,TRUE,2026-01-30 12:10:46.202000 UTC,2026-04-13 11:10:18.949000 UTC,2026-04-13 13:32:18.949000 UTC
HS-041482,SHP-158108,completed,,CREF-016309,,rail,fcl,EU Imp,FOB,,,2,2026-01-27,,TRUE,2026-01-07 09:32:09.566000 UTC,2026-02-27 08:12:11.214000 UTC,2026-02-27 10:38:11.214000 UTC
HS-007717,SHP-082869,completed,,CREF-013692,,rail,fcl,EU Imp,FOB,,,2,2026-01-22,,TRUE,2025-12-18 11:56:54.896000 UTC,2026-02-24 08:06:25.271000 UTC,2026-02-24 09:07:25.271000 UTC
HS-208383,SHP-120811,active,,,,sea,lcl,EU Imp,FOB,,1.6335,,2026-09-24,,TRUE,2026-09-09 12:01:07.371000 UTC,2026-09-18 08:24:14.617000 UTC,2026-09-18 08:49:14.617000 UTC
HS-180884,SHP-020785,active,,,,rail,fcl,EU Imp,FOB,,,2,2026-10-06,,TRUE,2026-09-08 14:05:48.426000 UTC,2026-09-18 08:58:14.813000 UTC,2026-09-18 10:38:14.813000 UTC
HS-047116,SHP-044633,active,,,,sea,lcl,EU Imp,FOB,,9.4864,,2026-09-19,,TRUE,2026-08-31 13:43:43.759000 UTC,2026-09-15 15:29:03.377000 UTC,2026-09-15 15:45:03.377000 UTC
HS-219380,SHP-138935,active,,,,sea,fcl,EU Imp,FOB,,,2,2026-08-30,,,2026-08-12 06:52:13.704000 UTC,2026-09-12 10:00:15.242000 UTC,2026-09-12 13:55:15.242000 UTC
HS-113294,SHP-004438,active,,CREF-027613,,sea,lcl,EU Imp,FOB,,5.2217,,2026-08-30,,TRUE,2026-08-05 06:15:25.377000 UTC,2026-09-15 05:51:06.703000 UTC,2026-09-15 09:17:06.703000 UTC
HS-203032,SHP-052886,active,,,,sea,fcl,EU Imp,FOB,,,2,2026-09-19,,,2026-08-04 07:51:33.590000 UTC,2026-09-16 02:46:54.687000 UTC,2026-09-16 02:54:54.687000 UTC
HS-142970,SHP-074766,active,,,,sea,fcl,EU Imp,FOB,,,2,2026-08-30,,,2026-07-29 07:33:12.939000 UTC,2026-09-18 05:10:10.563000 UTC,2026-09-18 07:14:10.563000 UTC
HS-172106,SHP-111361,completed,,,,air,lcl,EU Exp,EXW,7041.75,,,2026-08-04,,TRUE,2026-07-29 06:32:52.041000 UTC,2026-08-17 09:59:38.988000 UTC,2026-08-17 12:24:38.988000 UTC
HS-137294,SHP-082821,canceled,,,,sea,fcl,EU Imp,FOB,,,2,2026-08-15,2026-07-31 07:54:56.165000 UTC,,2026-07-27 08:58:44.219000 UTC,2026-08-10 03:28:00.308000 UTC,2026-08-10 05:01:00.308000 UTC
HS-142463,SHP-093259,active,,,,sea,fcl,EU Imp,FOB,,,2,2026-09-02,,,2026-07-23 09:52:30.145000 UTC,2026-09-17 12:00:04.109000 UTC,2026-09-17 14:54:04.109000 UTC
HS-164809,SHP-174500,active,,,,sea,fcl,EU Imp,FOB,,,2,2026-08-26,,,2026-07-16 19:34:01.001000 UTC,2026-09-07 00:00:25.579000 UTC,2026-09-07 00:13:25.579000 UTC
HS-151557,SHP-070277,active,,,,sea,fcl,EU Imp,FOB,,,3,2026-08-10,,,2026-07-03 11:16:57.561000 UTC,2026-09-17 06:00:24.997000 UTC,2026-09-17 08:18:24.997000 UTC
HS-143664,SHP-107751,active,,CREF-051442,,sea,lcl,EU Imp,FOB,,0.4896,,2026-07-30,,TRUE,2026-07-01 09:09:21.794000 UTC,2026-09-04 11:58:55.342000 UTC,2026-09-04 14:26:55.342000 UTC
HS-061208,SHP-025155,completed,,CREF-122073,,rail,lcl,EU Imp,FOB,,0.81,,2026-07-08,,TRUE,2026-06-23 23:19:36.277000 UTC,2026-08-17 13:43:24.338000 UTC,2026-08-17 17:28:24.338000 UTC
HS-176417,SHP-124217,completed,,,,sea,fcl,EU Exp,CIF,,,2,2026-07-13,,,2026-06-23 07:31:01.528000 UTC,2026-08-05 06:03:00.778000 UTC,2026-08-05 07:22:00.778000 UTC
HS-199310,SHP-166824,active,BKG-029936,CREF-059746,carrierConfirmed,sea,fcl,EU Imp,FOB,,,2,2026-07-24,,TRUE,2026-06-15 16:13:34.103000 UTC,2026-09-18 08:23:18.340000 UTC,2026-09-18 09:29:18.340000 UTC
HS-116421,SHP-002142,canceled,,,,air,lcl,EU Imp,CFR,112,,,2026-06-10,2026-06-12 13:53:52.061000 UTC,TRUE,2026-06-10 13:57:31.095000 UTC,2026-06-12 13:53:52.674000 UTC,2026-06-12 15:55:52.674000 UTC
HS-128667,SHP-131443,completed,,,,sea,fcl,EU Exp,CFR,,,1,2026-07-05,,,2026-05-29 11:12:49.457000 UTC,2026-08-31 10:06:52.608000 UTC,2026-08-31 11:54:52.608000 UTC
HS-215351,SHP-054000,completed,,CREF-011114,,rail,lcl,EU Imp,EXW,,4.3251,,2026-06-24,,TRUE,2026-05-29 09:16:42.143000 UTC,2026-08-18 10:22:24.989000 UTC,2026-08-18 12:04:24.989000 UTC
HS-102586,SHP-140529,completed,,CREF-012613,,rail,lcl,EU Imp,FOB,,10.374,,2026-06-17,,TRUE,2026-05-20 09:20:24.774000 UTC,2026-08-29 15:40:44.690000 UTC,2026-08-29 18:15:44.690000 UTC
HS-137078,SHP-114825,canceled,CBR-023833-0,,shipment,sea,fcl,EU Exp,EXW,,,1,2026-05-18,2026-05-13 14:34:08.979000 UTC,FALSE,2026-05-11 13:51:55.888000 UTC,2026-05-27 13:08:04.739000 UTC,2026-05-27 14:53:04.739000 UTC
HS-185100,SHP-086527,canceled,BKG-004013,,authorized,sea,fcl,EU Imp,FOB,,,2,2026-05-01,2026-04-28 08:13:41.036000 UTC,FALSE,2026-04-27 14:08:33.964000 UTC,2026-04-28 08:13:43.565000 UTC,2026-04-28 09:58:43.565000 UTC
HS-009938,SHP-014357,completed,,CREF-048415,,rail,lcl,EU Imp,FCA_LW,,12.4949,,2026-05-02,,TRUE,2026-04-15 03:26:00.278000 UTC,2026-06-04 12:33:56.892000 UTC,2026-06-04 15:56:56.892000 UTC
HS-168399,SHP-009192,completed,,CREF-087608,,sea,lcl,EU Imp,FOB,,0.7,,2026-04-25,,TRUE,2026-04-07 07:02:57.234000 UTC,2026-06-30 08:57:51.146000 UTC,2026-06-30 12:11:51.146000 UTC
HS-036761,SHP-032266,canceled,BKG-011757,CREF-141949,carrierConfirmed,sea,fcl,EU Imp,FOB,,,5,2026-04-12,2026-04-10 07:44:53.742000 UTC,TRUE,2026-04-01 07:03:25.440000 UTC,2026-06-12 14:03:08.654000 UTC,2026-06-12 15:26:08.654000 UTC
HS-108316,SHP-074396,completed,,,,air,lcl,EU Imp,EXW,528,,,2026-03-30,,TRUE,2026-03-25 07:51:45.638000 UTC,2026-04-15 14:12:42.470000 UTC,2026-04-15 16:51:42.470000 UTC
HS-187568,SHP-056618,completed,,,,air,lcl,EU Exp,EXW,160,,,2026-03-10,,TRUE,2026-03-05 13:08:28.213000 UTC,2026-04-14 07:17:21.903000 UTC,2026-04-14 10:00:21.903000 UTC
HS-193355,SHP-219854,completed,,CREF-158703,,sea,lcl,EU Imp,EXW,,3.165,,2026-05-06,,TRUE,2026-03-03 09:04:39.517000 UTC,2026-07-21 11:45:45.303000 UTC,2026-07-21 12:23:45.303000 UTC
HS-186856,SHP-200150,completed,,CREF-023460,,sea,lcl,EU Imp,FOB,,9.6395,,2026-02-27,,TRUE,2026-01-16 10:22:51.756000 UTC,2026-06-08 09:34:46.360000 UTC,2026-06-08 11:24:46.360000 UTC
HS-014715,SHP-185880,completed,,CREF-073287,,sea,lcl,EU Imp,FOB,,1.23,,2026-01-02,,TRUE,2025-12-17 17:20:25.775000 UTC,2026-03-06 11:07:28.313000 UTC,2026-03-06 11:20:28.313000 UTC
HS-085807,SHP-126596,active,,,,sea,fcl,EU Imp,FOB,,,2,2026-09-19,,,2026-09-07 08:07:27.609000 UTC,2026-09-11 09:07:38.766000 UTC,2026-09-11 10:21:38.766000 UTC
HS-154445,SHP-212622,active,,,,sea,fcl,EU Imp,FOB,,,2,2026-09-23,,,2026-09-02 08:09:50.028000 UTC,2026-09-03 01:06:16.093000 UTC,2026-09-03 01:22:16.093000 UTC
HS-224383,SHP-067116,active,,,,sea,lcl,EU Imp,FOB,,6.428,,2026-09-17,,TRUE,2026-09-01 07:24:49.212000 UTC,2026-09-04 08:34:05.896000 UTC,2026-09-04 09:36:05.896000 UTC
HS-201697,SHP-134124,active,,,,sea,fcl,EU Exp,EXW,,,2,2026-09-08,,,2026-08-25 08:29:19.942000 UTC,2026-09-17 18:00:12.082000 UTC,2026-09-17 18:12:12.082000 UTC
HS-102074,SHP-153097,completed,,,,air,lcl,EU Imp,EXW,332.64,,,2026-08-26,,TRUE,2026-08-24 01:07:04.873000 UTC,2026-09-03 11:07:08.666000 UTC,2026-09-03 12:45:08.666000 UTC
HS-096656,SHP-037898,active,CBR-008445-0,CREF-163181,carrierConfirmed,sea,fcl,EU Exp,FCA_LW,,,2,2026-09-01,,TRUE,2026-08-17 14:28:30.608000 UTC,2026-09-07 16:00:07.740000 UTC,2026-09-07 19:15:07.740000 UTC
HS-138193,SHP-007897,active,,,,sea,fcl,EU Exp,CFR,,,8,2026-08-26,,,2026-08-12 08:49:33.954000 UTC,2026-09-18 14:07:11.104000 UTC,2026-09-18 16:16:11.104000 UTC
HS-126062,SHP-143890,active,,,,air,lcl,EU Imp,FOB,4560.54,,,2026-09-11,,TRUE,2026-08-12 07:24:51.606000 UTC,2026-09-15 14:20:30.664000 UTC,2026-09-15 17:21:30.664000 UTC
HS-183140,SHP-130822,completed,,,,sea,fcl,EU Exp,EXW,,,2,2026-08-22,,,2026-07-30 13:04:47.271000 UTC,2026-09-18 12:36:03.923000 UTC,2026-09-18 13:14:03.923000 UTC
HS-114198,SHP-018272,completed,,CREF-155466,,rail,lcl,EU Imp,EXW,,3.696,,2026-07-31,,TRUE,2026-07-20 06:26:28.761000 UTC,2026-09-03 07:39:13.831000 UTC,2026-09-03 08:19:13.831000 UTC
HS-142560,SHP-077529,completed,,,,air,lcl,EU Imp,EXW,1462.47,,,2026-07-23,,TRUE,2026-07-20 03:16:33.968000 UTC,2026-08-26 09:31:42.012000 UTC,2026-08-26 11:41:42.012000 UTC
HS-094157,SHP-046955,completed,,CREF-051172,,rail,lcl,EU Imp,EXW,,13.644,,2026-07-15,,TRUE,2026-07-06 08:43:43.370000 UTC,2026-08-26 13:53:36.513000 UTC,2026-08-26 17:44:36.513000 UTC
HS-037461,SHP-198084,completed,CBR-004112-0,,shipment,sea,fcl,EU Imp,CFR,,,2,2026-07-01,,TRUE,2026-07-02 09:41:09.593000 UTC,2026-07-09 09:49:20.959000 UTC,2026-07-09 11:27:20.959000 UTC
HS-083464,SHP-131676,active,CBR-004881-0,CREF-029947,shipment,sea,fcl,EU Exp,CFR,,,10,2026-08-09,,TRUE,2026-07-01 06:41:45.192000 UTC,2026-09-12 02:39:10.598000 UTC,2026-09-12 06:03:10.598000 UTC
HS-189251,SHP-111801,canceled,,,,sea,fcl,EU Exp,CFR,,,4,2026-09-01,2026-08-13 08:18:27.722000 UTC,,2026-06-29 07:32:50.715000 UTC,2026-08-13 08:18:32.210000 UTC,2026-08-13 11:40:32.210000 UTC
HS-098809,SHP-032379,completed,,CREF-064399,,sea,lcl,EU Imp,EXW,,11.5002,,2026-07-03,,TRUE,2026-06-11 14:20:45.313000 UTC,2026-08-27 06:59:52.293000 UTC,2026-08-27 09:52:52.293000 UTC
HS-193886,SHP-147482,completed,,,,sea,fcl,EU Exp,CFR,,,2,2026-07-04,,,2026-06-10 05:29:43.380000 UTC,2026-08-10 08:33:54.313000 UTC,2026-08-10 11:11:54.313000 UTC
HS-060873,SHP-048915,completed,BKG-021987,CREF-024195,carrierConfirmed,sea,fcl,EU Imp,DAP,,,4,2026-08-10,,TRUE,2026-06-04 09:33:51.763000 UTC,2026-09-10 12:33:14.460000 UTC,2026-09-10 12:59:14.460000 UTC
HS-024628,SHP-069356,completed,,,,air,lcl,EU Exp,CPT,1429,,,2026-05-21,,TRUE,2026-05-15 07:47:32.539000 UTC,2026-06-11 07:40:11.140000 UTC,2026-06-11 11:03:11.140000 UTC
HS-179728,SHP-046508,completed,,,,air,lcl,EU Imp,EXW,98,,,2026-05-17,,TRUE,2026-05-13 09:43:21.052000 UTC,2026-06-11 10:00:50.855000 UTC,2026-06-11 12:59:50.855000 UTC
HS-114603,SHP-145849,canceled,,CREF-121857,,rail,lcl,EU Imp,EXW,,5.01,,2026-06-06,2026-05-22 11:46:25.155000 UTC,TRUE,2026-05-08 14:12:13.107000 UTC,2026-05-22 11:46:25.736000 UTC,2026-05-22 15:27:25.736000 UTC
HS-111730,SHP-002803,completed,,CREF-100489,,rail,lcl,EU Imp,DAP,,6.8947,,2026-05-05,,TRUE,2026-05-05 13:13:27.392000 UTC,2026-05-12 08:03:00.800000 UTC,2026-05-12 08:38:00.800000 UTC
HS-092574,SHP-013562,completed,,CREF-111670,,sea,lcl,EU Imp,FOB,,1.4062,,2026-05-21,,TRUE,2026-04-30 12:54:14.567000 UTC,2026-07-16 11:16:39.445000 UTC,2026-07-16 14:42:39.445000 UTC
HS-146535,SHP-163759,completed,BKG-029725,CREF-125515,authorized,sea,fcl,EU Imp,CIF,,,2,2026-04-21,,TRUE,2026-04-20 11:29:51.490000 UTC,2026-04-27 13:05:13.186000 UTC,2026-04-27 16:31:13.186000 UTC
HS-038287,SHP-027643,completed,,,,air,lcl,EU Imp,EXW,1760,,,2026-04-28,,TRUE,2026-04-17 09:12:20.741000 UTC,2026-05-29 09:30:04.837000 UTC,2026-05-29 12:51:04.837000 UTC
HS-171911,SHP-127707,completed,,CREF-150453,,rail,fcl,EU Imp,FCA_T,,,2,2026-05-05,,TRUE,2026-04-15 11:23:24.612000 UTC,2026-06-10 12:59:15.612000 UTC,2026-06-10 13:24:15.612000 UTC
HS-057995,SHP-193557,canceled,CBR-014670-0,CREF-062467,carrierConfirmed,sea,fcl,EU Imp,CFR,,,2,2026-06-15,2026-04-22 04:01:25.873000 UTC,TRUE,2026-04-10 06:32:55.627000 UTC,2026-06-19 11:31:36.488000 UTC,2026-06-19 11:38:36.488000 UTC
HS-067127,SHP-170166,completed,,CREF-093102,,sea,lcl,CrossT,FOB,,2.2803,,2026-04-29,,TRUE,2026-04-04 04:40:42.709000 UTC,2026-07-06 12:11:06.510000 UTC,2026-07-06 13:16:06.510000 UTC
HS-002149,SHP-188591,completed,,CREF-107442,,rail,lcl,EU Imp,FCA_T,,3.5499,,2026-04-08,,TRUE,2026-03-30 09:24:53.057000 UTC,2026-05-20 05:44:47.604000 UTC,2026-05-20 09:40:47.604000 UTC
HS-012971,SHP-223933,completed,,,,air,lcl,EU Exp,CFR,10207,,,2026-04-01,,TRUE,2026-03-27 15:57:05.922000 UTC,2026-05-15 08:53:50.185000 UTC,2026-05-15 12:09:50.185000 UTC
HS-109193,SHP-023809,completed,,,,sea,fcl,EU Exp,CFR,,,2,2026-04-22,,,2026-03-27 13:44:04.567000 UTC,2026-05-26 11:42:39.858000 UTC,2026-05-26 14:38:39.858000 UTC
HS-128840,SHP-018011,canceled,,CREF-063628,,sea,fcl,EU Exp,CFR,,,20,2026-04-30,2026-04-13 07:58:08.495000 UTC,TRUE,2026-03-16 10:29:03.766000 UTC,2026-04-13 07:58:12.333000 UTC,2026-04-13 10:52:12.333000 UTC
HS-074900,SHP-055128,canceled,,CREF-048475,,sea,fcl,EU Exp,CFR,,,20,2026-03-31,2026-03-04 10:58:22.766000 UTC,TRUE,2026-03-02 10:17:40.019000 UTC,2026-03-04 10:58:26.171000 UTC,2026-03-04 14:36:26.171000 UTC
HS-074767,SHP-165351,completed,CBR-024450-0,CREF-016595,shipment,sea,fcl,EU Exp,FCA_LW,,,20,2026-03-08,,TRUE,2026-02-11 07:14:43.770000 UTC,2026-06-29 06:08:11.723000 UTC,2026-06-29 08:37:11.723000 UTC
HS-184535,SHP-206106,completed,,CREF-163244,,sea,fcl,EU Exp,CFR,,,4,2026-03-05,,TRUE,2026-02-09 15:12:09.970000 UTC,2026-04-14 06:50:09.528000 UTC,2026-04-14 07:35:09.528000 UTC
HS-140516,SHP-113446,completed,,CREF-119773,,rail,lcl,EU Imp,EXW,,2.6996,,2026-02-23,,TRUE,2026-02-05 11:03:36.557000 UTC,2026-03-27 13:47:24.835000 UTC,2026-03-27 15:36:24.835000 UTC
HS-098332,SHP-035943,completed,,,,air,lcl,EU Exp,CPT,677,,,2026-01-16,,TRUE,2026-01-14 13:42:37.122000 UTC,2026-03-13 09:06:17.572000 UTC,2026-03-13 11:32:17.572000 UTC
HS-166354,SHP-082522,completed,,CREF-155494,,rail,fcl,EU Imp,FOB,,,2,2026-01-25,,TRUE,2026-01-07 09:26:10.150000 UTC,2026-03-02 11:49:04.220000 UTC,2026-03-02 13:17:04.220000 UTC
HS-028116,SHP-210051,active,,,,sea,lcl,EU Imp,FOB,,0.576,,2026-09-27,,TRUE,2026-09-07 12:04:24.242000 UTC,2026-09-08 10:17:10.251000 UTC,2026-09-08 12:52:10.251000 UTC
HS-045067,SHP-050855,active,,,,sea,fcl,EU Imp,FOB,,,2,2026-09-23,,,2026-09-04 08:44:47.871000 UTC,2026-09-16 02:16:08.887000 UTC,2026-09-16 05:42:08.887000 UTC
HS-018567,SHP-027688,active,,,,sea,fcl,EU Imp,FOB,,,6,2026-09-27,,,2026-09-01 11:41:38.942000 UTC,2026-09-16 11:11:46.788000 UTC,2026-09-16 14:52:46.788000 UTC
HS-202383,SHP-025889,active,,CREF-045200,,sea,lcl,EU Imp,FOB,,15.1504,,2026-09-10,,TRUE,2026-08-20 06:45:49.682000 UTC,2026-09-14 06:34:11.986000 UTC,2026-09-14 07:42:11.986000 UTC
HS-006376,SHP-063471,completed,,,,air,lcl,EU Imp,EXW,1614.43,,,2026-08-21,,TRUE,2026-08-17 08:26:36.238000 UTC,2026-08-28 09:01:41.877000 UTC,2026-08-28 12:20:41.877000 UTC
HS-187992,SHP-065300,active,,,,sea,fcl,EU Exp,CFR,,,18,2026-09-14,,,2026-08-17 07:52:18.781000 UTC,2026-09-18 14:08:20.087000 UTC,2026-09-18 16:24:20.087000 UTC
HS-105289,SHP-069341,active,,,,sea,fcl,EU Exp,CFR,,,20,2026-08-30,,,2026-08-12 09:23:53.264000 UTC,2026-09-18 14:07:23.891000 UTC,2026-09-18 15:29:23.891000 UTC
HS-087213,SHP-112780,active,,,,sea,fcl,EU Imp,FOB,,,2,2026-09-18,,,2026-08-11 04:14:09.096000 UTC,2026-09-16 13:07:58.752000 UTC,2026-09-16 14:46:58.752000 UTC
HS-058597,SHP-086940,active,,,,sea,fcl,EU Imp,EXW,,,2,2026-09-07,,,2026-08-05 06:05:38.471000 UTC,2026-09-17 18:00:13.381000 UTC,2026-09-17 21:32:13.381000 UTC
HS-125576,SHP-126342,active,,CREF-060008,,sea,lcl,EU Imp,FOB,,16.3296,,2026-09-10,,TRUE,2026-07-27 18:20:13.652000 UTC,2026-09-14 06:39:29.141000 UTC,2026-09-14 07:58:29.141000 UTC
HS-070606,SHP-167552,completed,,,,sea,fcl,EU Exp,CFR,,,1,2026-08-04,,,2026-07-21 06:42:24.756000 UTC,2026-09-14 14:01:30.834000 UTC,2026-09-14 14:48:30.834000 UTC
HS-178164,SHP-066801,active,,,,sea,fcl,EU Imp,FOB,,,2,2026-08-10,,,2026-07-20 13:54:30.847000 UTC,2026-09-18 08:15:19.325000 UTC,2026-09-18 09:43:19.325000 UTC
HS-058643,SHP-039387,completed,,,,sea,fcl,EU Exp,CIF,,,2,2026-08-13,,,2026-07-13 12:27:20.631000 UTC,2026-09-15 15:51:38.204000 UTC,2026-09-15 18:39:38.204000 UTC
HS-066857,SHP-199018,completed,,,,rail,fcl,EU Imp,CFR,,,2,2026-05-30,,TRUE,2026-06-05 10:19:09.698000 UTC,2026-07-15 13:59:48.821000 UTC,2026-07-15 15:54:48.821000 UTC
HS-031926,SHP-158388,completed,,,,air,lcl,EU Imp,DAP,3480.05,,,2026-06-05,,TRUE,2026-06-02 09:08:52.562000 UTC,2026-06-29 15:01:10.990000 UTC,2026-06-29 18:05:10.990000 UTC
HS-055341,SHP-184575,completed,,,,air,lcl,EU Imp,EXW,386.97,,,2026-06-02,,TRUE,2026-05-28 08:41:56.593000 UTC,2026-06-29 15:02:25.579000 UTC,2026-06-29 15:39:25.579000 UTC
HS-149738,SHP-014185,completed,,,,sea,fcl,EU Exp,DAP,,,2,2026-05-31,,,2026-05-27 14:34:06.444000 UTC,2026-07-08 12:13:54.885000 UTC,2026-07-08 14:38:54.885000 UTC
HS-072899,SHP-102910,completed,,,,sea,fcl,EU Exp,EXW,,,4,2026-06-02,,,2026-05-22 08:53:31.579000 UTC,2026-09-09 08:52:48.840000 UTC,2026-09-09 12:39:48.840000 UTC
HS-075593,SHP-084953,completed,,CREF-054586,,sea,lcl,EU Imp,EXW,,20.771,,2026-06-08,,TRUE,2026-05-21 06:46:24.503000 UTC,2026-08-24 09:25:50.983000 UTC,2026-08-24 13:08:50.983000 UTC
HS-156762,SHP-126459,completed,,CREF-067849,,rail,fcl,EU Imp,FCA_LW,,,2,2026-05-28,,TRUE,2026-04-29 12:17:04.393000 UTC,2026-06-29 14:50:27.128000 UTC,2026-06-29 16:46:27.128000 UTC
HS-148609,SHP-184595,completed,,CREF-098968,,sea,lcl,EU Imp,FOB,,5.376,,2026-05-07,,TRUE,2026-04-17 14:23:36.203000 UTC,2026-08-06 15:04:02.555000 UTC,2026-08-06 17:11:02.555000 UTC
HS-095169,SHP-108777,canceled,,CREF-154541,,sea,lcl,EU Imp,FOB,,3.2062,,2026-05-03,2026-04-23 10:05:59.174000 UTC,TRUE,2026-04-15 07:13:06.250000 UTC,2026-04-23 10:05:59.780000 UTC,2026-04-23 11:08:59.780000 UTC
HS-157693,SHP-191996,completed,,,,sea,fcl,EU Exp,CIF,,,2,2026-04-24,,,2026-03-13 16:10:43.504000 UTC,2026-06-03 05:51:54.426000 UTC,2026-06-03 06:16:54.426000 UTC
HS-209345,SHP-095660,completed,,CREF-071426,,sea,lcl,EU Imp,FOB,,0.4796,,2026-03-29,,TRUE,2026-03-09 14:54:26.200000 UTC,2026-07-21 13:06:51.133000 UTC,2026-07-21 14:25:51.133000 UTC
HS-102944,SHP-211427,completed,,,,air,lcl,EU Imp,FCA_T,5600.01,,,2026-03-19,,TRUE,2026-03-06 09:52:16.770000 UTC,2026-04-29 14:04:10.242000 UTC,2026-04-29 15:33:10.242000 UTC
HS-162189,SHP-115966,completed,,,,air,lcl,EU Imp,EXW,614,,,2026-03-03,,TRUE,2026-02-26 12:44:01.891000 UTC,2026-04-28 12:21:38.775000 UTC,2026-04-28 14:33:38.775000 UTC
HS-177207,SHP-142130,completed,,CREF-077438,,sea,lcl,EU Imp,FOB,,7.0272,,2026-03-08,,TRUE,2026-02-24 08:08:00.771000 UTC,2026-05-06 15:14:09.545000 UTC,2026-05-06 17:55:09.545000 UTC
HS-108293,SHP-157700,completed,,,,air,lcl,EU Imp,EXW,174,,,2026-02-12,,TRUE,2026-02-10 08:01:30.240000 UTC,2026-03-03 15:08:12.731000 UTC,2026-03-03 16:59:12.731000 UTC
HS-142407,SHP-179710,completed,,CREF-034233,,sea,lcl,EU Imp,FOB,,4.6795,,2026-02-13,,TRUE,2026-01-23 06:39:33.012000 UTC,2026-05-06 13:09:58.464000 UTC,2026-05-06 15:30:58.464000 UTC
HS-076947,SHP-049268,completed,BKG-024543,CREF-036511,carrierConfirmed,sea,fcl,EU Imp,FOB,,,1,2026-01-22,,TRUE,2026-01-12 08:15:24.996000 UTC,2026-03-27 06:05:31.073000 UTC,2026-03-27 09:41:31.073000 UTC
HS-203342,SHP-142301,completed,BKG-018535,CREF-030164,carrierConfirmed,sea,fcl,EU Imp,FOB,,,2,2026-01-13,,TRUE,2026-01-07 10:03:28.093000 UTC,2026-03-09 09:45:23.610000 UTC,2026-03-09 12:56:23.610000 UTC
HS-172353,SHP-220471,completed,CBR-007436-0,CREF-089603,shipment,sea,fcl,EU Exp,CIF,,,2,2026-02-05,,TRUE,2026-01-05 12:12:57.894000 UTC,2026-03-05 07:46:42.042000 UTC,2026-03-05 10:22:42.042000 UTC
HS-130892,SHP-068693,completed,,,,air,lcl,EU Imp,CPT,204,,,2026-01-10,,TRUE,2026-01-05 09:51:23.790000 UTC,2026-03-02 10:50:07.412000 UTC,2026-03-02 14:19:07.412000 UTC
HS-222785,SHP-191954,completed,,CREF-139019,,rail,lcl,EU Imp,FOB,,26.0593,,2026-01-02,,TRUE,2025-12-15 08:49:40.843000 UTC,2026-04-22 12:48:30.758000 UTC,2026-04-22 15:14:30.758000 UTC
HS-146223,SHP-121182,active,,CREF-139521,,sea,lcl,EU Imp,FOB,,4.7025,,2026-10-04,,TRUE,2026-09-16 09:02:30.764000 UTC,2026-09-18 09:23:29.726000 UTC,2026-09-18 10:41:29.726000 UTC
HS-160421,SHP-067953,active,BKG-008559,CREF-104423,authorized,sea,fcl,EU Imp,DAP,,,2,2026-10-13,,TRUE,2026-09-10 05:49:52.869000 UTC,2026-09-12 08:00:12.126000 UTC,2026-09-12 09:59:12.126000 UTC
HS-079127,SHP-137499,active,,,,sea,fcl,EU Exp,CFR,,,10,2026-09-08,,,2026-08-25 09:11:41.786000 UTC,2026-09-18 14:07:13.146000 UTC,2026-09-18 17:23:13.146000 UTC
HS-129061,SHP-192826,completed,,CREF-005146,,rail,fcl,EU Imp,CFR,,,2,2026-08-04,,TRUE,2026-08-17 07:17:52.585000 UTC,2026-08-31 14:06:52.144000 UTC,2026-08-31 15:17:52.144000 UTC
HS-139415,SHP-218845,active,,,,sea,fcl,EU Exp,CFR,,,6,2026-08-30,,,2026-08-13 08:46:50.191000 UTC,2026-09-18 14:08:03.851000 UTC,2026-09-18 14:25:03.851000 UTC
HS-120587,SHP-129202,active,,,,sea,fcl,EU Imp,FOB,,,2,2026-09-05,,,2026-08-13 07:26:40.616000 UTC,2026-09-17 11:00:10.299000 UTC,2026-09-17 14:51:10.299000 UTC
HS-152704,SHP-031268,completed,,,,sea,fcl,EU Exp,CPT,,,2,2026-07-18,,,2026-06-24 07:59:46.948000 UTC,2026-08-05 18:18:37.221000 UTC,2026-08-05 19:51:37.221000 UTC
HS-138812,SHP-195873,completed,,,,air,lcl,EU Imp,FOB,1466.94,,,2026-06-29,,TRUE,2026-06-19 12:12:31.772000 UTC,2026-08-04 07:31:10.447000 UTC,2026-08-04 11:28:10.447000 UTC
HS-060297,SHP-165637,completed,,,,sea,fcl,EU Exp,FCA_LW,,,2,2026-07-08,,,2026-06-17 07:37:25.565000 UTC,2026-08-31 09:18:40.915000 UTC,2026-08-31 12:37:40.915000 UTC
HS-025958,SHP-163402,completed,,,,air,lcl,EU Imp,FOB,762,,,2026-06-09,,TRUE,2026-06-02 07:15:36.419000 UTC,2026-07-01 10:50:07.574000 UTC,2026-07-01 12:44:07.574000 UTC
HS-152183,SHP-002637,completed,,CREF-076802,,rail,lcl,EU Imp,FOB,,4.9797,,2026-06-11,,TRUE,2026-05-18 10:33:31.656000 UTC,2026-07-31 15:16:33.814000 UTC,2026-07-31 16:00:33.814000 UTC
HS-039265,SHP-132717,completed,BKG-012344,CREF-099971,authorized,sea,fcl,EU Imp,FOB,,,2,2026-04-27,,TRUE,2026-05-18 09:06:39.461000 UTC,2026-08-27 06:40:25.796000 UTC,2026-08-27 07:44:25.796000 UTC
HS-204569,SHP-117971,completed,BKG-006227,CREF-025463,carrierConfirmed,sea,fcl,EU Imp,FOB,,,8,2026-06-11,,TRUE,2026-05-13 12:36:51.632000 UTC,2026-09-02 12:30:11.814000 UTC,2026-09-02 14:35:11.814000 UTC
HS-035559,SHP-003086,completed,,CREF-000481,,sea,lcl,EU Imp,FOB,,1.94,,2026-05-25,,TRUE,2026-05-11 09:29:56.616000 UTC,2026-07-24 11:48:45.496000 UTC,2026-07-24 12:59:45.496000 UTC
HS-077210,SHP-145951,completed,,,,air,lcl,EU Imp,FOB,241,,,2026-05-10,,TRUE,2026-05-06 09:43:54.257000 UTC,2026-06-11 09:48:32.647000 UTC,2026-06-11 10:43:32.647000 UTC
HS-174740,SHP-143905,completed,BKG-018114,CREF-011896,authorized,sea,fcl,EU Imp,CIF,,,2,2026-05-05,,TRUE,2026-05-06 08:07:03.379000 UTC,2026-05-08 14:11:56.938000 UTC,2026-05-08 17:43:56.938000 UTC
HS-078151,SHP-018391,completed,,,,air,lcl,EU Imp,EXW,1507,,,2026-05-06,,TRUE,2026-04-28 14:42:47.481000 UTC,2026-05-29 09:31:29.951000 UTC,2026-05-29 10:23:29.951000 UTC
HS-155462,SHP-042371,completed,,,,air,lcl,EU Imp,EXW,1183.83,,,2026-04-17,,TRUE,2026-04-14 14:51:06.129000 UTC,2026-04-30 10:54:11.906000 UTC,2026-04-30 12:27:11.906000 UTC
HS-196458,SHP-173476,completed,,CREF-026823,,rail,lcl,EU Imp,FOB,,10.9414,,2026-04-18,,TRUE,2026-04-10 09:55:53.913000 UTC,2026-05-21 10:36:58.163000 UTC,2026-05-21 14:19:58.163000 UTC
HS-169489,SHP-050112,canceled,BKG-021090,CREF-031536,carrierConfirmed,sea,fcl,EU Imp,FOB,,,1,2026-04-07,2026-03-24 07:26:20.142000 UTC,TRUE,2026-03-24 07:25:54.545000 UTC,2026-03-24 07:26:20.160000 UTC,2026-03-24 07:37:20.160000 UTC
HS-162503,SHP-039733,completed,,,,air,lcl,EU Imp,FCA_T,3079.8,,,2026-03-13,,TRUE,2026-03-09 12:09:35.425000 UTC,2026-04-09 14:09:50.575000 UTC,2026-04-09 14:42:50.575000 UTC
HS-008945,SHP-077688,completed,,CREF-115733,,sea,fcl,EU Imp,CIF,,,2,2026-03-10,,TRUE,2026-03-06 09:22:20.857000 UTC,2026-03-27 11:02:22.693000 UTC,2026-03-27 11:13:22.693000 UTC
HS-210511,SHP-063790,completed,BKG-021970,CREF-007360,carrierConfirmed,sea,fcl,EU Imp,FOB,,,1,2026-03-20,,TRUE,2026-03-06 07:55:37.536000 UTC,2026-06-16 18:47:53.419000 UTC,2026-06-16 19:01:53.419000 UTC
HS-027284,SHP-010295,canceled,,,,sea,fcl,EU Exp,CFR,,,4,2026-04-19,2026-04-10 12:14:18.545000 UTC,,2026-02-24 14:23:41.952000 UTC,2026-04-10 12:14:19.466000 UTC,2026-04-10 12:50:19.466000 UTC
HS-161731,SHP-166912,completed,,CREF-156228,,sea,fcl,EU Imp,CFR,,,1,2026-02-25,,TRUE,2026-02-19 12:36:01.330000 UTC,2026-03-26 08:40:21.264000 UTC,2026-03-26 11:56:21.264000 UTC
HS-189904,SHP-195263,completed,CBR-011754-0,CREF-005980,shipment,sea,fcl,EU Exp,CFR,,,2,2026-03-03,,TRUE,2026-02-04 14:28:01.104000 UTC,2026-04-13 13:37:11.351000 UTC,2026-04-13 14:01:11.351000 UTC
HS-091914,SHP-086255,completed,BKG-029532,CREF-142241,carrierConfirmed,sea,fcl,EU Imp,FOB,,,2,2026-02-15,,TRUE,2026-01-29 09:34:19.208000 UTC,2026-04-29 04:56:32.031000 UTC,2026-04-29 07:04:32.031000 UTC
HS-178138,SHP-160157,completed,CBR-009324-0,CREF-087988,shipment,sea,fcl,EU Exp,CFR,,,4,2026-02-16,,TRUE,2026-01-13 13:07:48.490000 UTC,2026-04-16 12:23:43.443000 UTC,2026-04-16 13:42:43.443000 UTC
HS-130092,SHP-096596,active,,,,sea,lcl,EU Imp,FOB,,10.3821,,2026-09-28,,TRUE,2026-09-15 06:24:21.264000 UTC,2026-09-18 14:02:24.977000 UTC,2026-09-18 14:16:24.977000 UTC
HS-113752,SHP-019374,active,CBR-031242-0,CREF-141470,carrierConfirmed,sea,fcl,EU Exp,CFR,,,8,2026-10-01,,TRUE,2026-09-07 14:26:54.017000 UTC,2026-09-18 13:24:13.340000 UTC,2026-09-18 14:47:13.340000 UTC
HS-090943,SHP-079606,active,,,,sea,fcl,EU Imp,FOB,,,2,2026-09-24,,,2026-09-04 08:59:34.626000 UTC,2026-09-17 16:58:08.860000 UTC,2026-09-17 20:19:08.860000 UTC
HS-040453,SHP-172695,active,,CREF-016260,,sea,lcl,EU Imp,FOB,,11.6003,,2026-09-16,,TRUE,2026-08-20 07:50:23.996000 UTC,2026-09-18 09:32:13.033000 UTC,2026-09-18 11:00:13.033000 UTC
HS-217694,SHP-108901,completed,,,,air,lcl,EU Imp,FOB,406,,,2026-08-23,,TRUE,2026-08-19 07:36:47.960000 UTC,2026-08-28 09:05:35.231000 UTC,2026-08-28 10:34:35.231000 UTC
HS-111592,SHP-010288,active,,CREF-115040,,sea,lcl,EU Imp,FOB,,3.2256,,2026-09-18,,TRUE,2026-08-18 08:31:28.431000 UTC,2026-09-10 05:11:27.469000 UTC,2026-09-10 05:45:27.469000 UTC
HS-135139,SHP-072716,canceled,,,,rail,lcl,EU Imp,FOB,,11.0448,,2026-09-12,2026-09-17 07:50:12.871000 UTC,TRUE,2026-08-18 07:31:24.663000 UTC,2026-09-17 07:50:13.427000 UTC,2026-09-17 10:22:13.427000 UTC
HS-062636,SHP-005607,active,,CREF-041788,,sea,lcl,EU Imp,FOB,,0.5023,,2026-09-17,,TRUE,2026-08-12 13:19:13.216000 UTC,2026-09-18 13:17:54.471000 UTC,2026-09-18 16:32:54.471000 UTC
HS-205902,SHP-079726,active,,,,sea,fcl,EU Imp,FOB,,,2,2026-08-30,,,2026-08-10 13:36:02.474000 UTC,2026-09-18 10:00:15.717000 UTC,2026-09-18 13:14:15.717000 UTC
HS-113491,SHP-213030,active,,,,sea,lcl,EU Imp,EXW,,1.156,,2026-09-23,,TRUE,2026-08-06 08:50:26.496000 UTC,2026-09-17 14:25:13.404000 UTC,2026-09-17 16:10:13.404000 UTC
HS-089087,SHP-122658,active,,,,sea,fcl,EU Imp,FOB,,,1,2026-09-12,,,2026-08-05 05:58:52.274000 UTC,2026-09-15 06:27:23.269000 UTC,2026-09-15 07:25:23.269000 UTC
HS-038059,SHP-080483,completed,,,,sea,fcl,EU Exp,CPT,,,2,2026-08-24,,,2026-07-30 11:29:33.296000 UTC,2026-09-09 06:36:52.966000 UTC,2026-09-09 07:36:52.966000 UTC
HS-021200,SHP-169584,completed,CBR-020733-0,CREF-026148,carrierConfirmed,sea,fcl,EU Exp,FCA_LW,,,2,2026-08-09,,TRUE,2026-07-28 14:14:49.938000 UTC,2026-09-09 07:21:58.244000 UTC,2026-09-09 10:24:58.244000 UTC
HS-025345,SHP-115938,active,BKG-018830,CREF-038435,carrierConfirmed,sea,fcl,EU Exp,CPT,,,1,2026-08-18,,TRUE,2026-07-28 12:13:12.076000 UTC,2026-09-17 12:39:44.343000 UTC,2026-09-17 16:00:44.343000 UTC
HS-091387,SHP-203629,canceled,CBR-013633-0,,shipment,sea,fcl,EU Imp,FOB,,,2,2026-07-31,2026-08-19 07:08:59.817000 UTC,FALSE,2026-07-24 06:08:01.370000 UTC,2026-08-19 07:09:09.755000 UTC,2026-08-19 09:52:09.755000 UTC
HS-124755,SHP-152202,canceled,,,,sea,fcl,EU Exp,CFR,,,1,2026-08-14,2026-08-13 11:48:48.486000 UTC,,2026-07-22 12:33:47.528000 UTC,2026-08-13 11:48:57.503000 UTC,2026-08-13 15:12:57.503000 UTC
HS-070594,SHP-071357,active,,CREF-026966,,sea,lcl,EU Imp,FOB,,9.5904,,2026-08-08,,TRUE,2026-07-16 07:50:02.325000 UTC,2026-09-17 12:15:53.302000 UTC,2026-09-17 14:08:53.302000 UTC
HS-017575,SHP-093692,active,,CREF-115793,,sea,lcl,EU Imp,FOB,,3.5213,,2026-08-04,,TRUE,2026-07-07 10:21:34.384000 UTC,2026-08-28 07:49:26.479000 UTC,2026-08-28 10:24:26.479000 UTC
HS-010836,SHP-173666,completed,,,,air,lcl,EU Imp,EXW,1000,,,2026-07-17,,TRUE,2026-07-06 15:11:03.288000 UTC,2026-08-04 08:06:07.432000 UTC,2026-08-04 11:32:07.432000 UTC
HS-090086,SHP-212120,completed,,,,sea,fcl,EU Exp,EXW,,,2,2026-07-09,,,2026-06-16 10:38:11.484000 UTC,2026-09-02 09:29:36.442000 UTC,2026-09-02 11:08:36.442000 UTC
HS-031723,SHP-002757,completed,,,,sea,fcl,EU Exp,CFR,,,1,2026-07-05,,,2026-05-28 06:38:14.923000 UTC,2026-08-10 12:14:29.536000 UTC,2026-08-10 13:05:29.536000 UTC
HS-179040,SHP-073187,completed,CBR-029303-0,CREF-102337,shipment,sea,fcl,EU Imp,CIF,,,1,2026-06-19,,TRUE,2026-05-19 08:52:19.738000 UTC,2026-07-02 11:16:32.816000 UTC,2026-07-02 13:01:32.816000 UTC
HS-077471,SHP-059381,canceled,CBR-000178-0,CREF-031694,shipment,sea,fcl,EU Exp,FCA_LW,,,20,2026-06-06,2026-06-01 08:46:52.451000 UTC,TRUE,2026-05-05 10:22:38.350000 UTC,2026-06-01 08:46:57.050000 UTC,2026-06-01 09:43:57.050000 UTC
HS-149740,SHP-091476,canceled,,,,sea,lcl,EU Imp,FOB,,9.6997,,2026-04-30,2026-03-26 07:11:36.697000 UTC,TRUE,2026-03-24 15:38:24.540000 UTC,2026-03-26 07:11:37.085000 UTC,2026-03-26 09:10:37.085000 UTC
HS-068173,SHP-190363,completed,,CREF-045122,,sea,fcl,EU Exp,CFR,,,12,2026-04-13,,TRUE,2026-03-24 14:14:29.808000 UTC,2026-05-18 06:09:30.062000 UTC,2026-05-18 07:44:30.062000 UTC
HS-059032,SHP-077375,completed,,,,air,lcl,EU Imp,EXW,231,,,2026-03-29,,TRUE,2026-03-23 07:59:49.698000 UTC,2026-05-20 13:54:22.095000 UTC,2026-05-20 15:09:22.095000 UTC
HS-044855,SHP-023318,completed,,CREF-144297,,sea,lcl,EU Imp,FOB,,2.984,,2026-03-26,,TRUE,2026-03-16 16:37:05.163000 UTC,2026-06-02 16:45:11.673000 UTC,2026-06-02 18:34:11.673000 UTC
HS-111558,SHP-056119,completed,,,,air,lcl,EU Exp,CPT,259,,,2026-03-01,,TRUE,2026-02-27 10:10:44.950000 UTC,2026-06-26 20:37:04.204000 UTC,2026-06-26 23:39:04.204000 UTC
HS-132766,SHP-026590,completed,,CREF-024180,,sea,fcl,EU Imp,CIF,,,2,2026-02-18,,TRUE,2026-02-17 08:29:08.789000 UTC,2026-03-03 05:31:40.133000 UTC,2026-03-03 06:54:40.133000 UTC
HS-164599,SHP-021074,completed,,CREF-037385,,rail,fcl,EU Imp,FOB,,,2,2026-03-03,,TRUE,2026-02-09 07:26:17.363000 UTC,2026-04-03 10:35:44.431000 UTC,2026-04-03 10:43:44.431000 UTC
HS-117113,SHP-224454,completed,,CREF-067070,,sea,lcl,EU Imp,FOB,,4.821,,2026-02-16,,TRUE,2026-02-05 17:58:53.017000 UTC,2026-06-02 16:33:40.012000 UTC,2026-06-02 19:39:40.012000 UTC
HS-197293,SHP-141944,completed,,CREF-120653,,sea,lcl,EU Imp,FOB,,2.197,,2026-02-27,,TRUE,2026-02-04 10:43:19.603000 UTC,2026-05-27 15:58:21.097000 UTC,2026-05-27 18:17:21.097000 UTC
HS-063831,SHP-123621,completed,,CREF-048019,,sea,lcl,EU Imp,FOB,,6.7296,,2026-02-18,,TRUE,2026-01-14 10:35:18.332000 UTC,2026-06-02 09:56:03.142000 UTC,2026-06-02 11:03:03.142000 UTC
HS-125577,SHP-070694,completed,,CREF-151571,,sea,lcl,EU Imp,CIF,,2.4019,,2026-01-27,,TRUE,2026-01-12 09:50:25.018000 UTC,2026-04-01 06:22:55.782000 UTC,2026-04-01 07:20:55.782000 UTC
HS-214204,SHP-015304,completed,,CREF-124888,,sea,lcl,EU Imp,FOB,,7.9695,,2026-01-18,,TRUE,2025-12-23 09:06:43.176000 UTC,2026-03-12 09:04:30.070000 UTC,2026-03-12 09:32:30.070000 UTC
HS-084605,SHP-155654,active,,,,sea,fcl,EU Imp,FOB,,,1,2026-10-04,,,2026-09-11 06:08:28.051000 UTC,2026-09-14 10:22:17.331000 UTC,2026-09-14 13:26:17.331000 UTC
HS-100343,SHP-014688,active,BKG-011163,CREF-103733,authorized,sea,fcl,EU Imp,DAP,,,2,2026-10-19,,TRUE,2026-09-10 05:54:54.947000 UTC,2026-09-12 08:00:13.179000 UTC,2026-09-12 09:46:13.179000 UTC
HS-167706,SHP-074788,active,,,,sea,fcl,EU Imp,FOB,,,2,2026-10-01,,,2026-09-09 09:21:07.017000 UTC,2026-09-10 07:46:03.713000 UTC,2026-09-10 08:53:03.713000 UTC
HS-072716,SHP-159283,active,,,,sea,fcl,EU Imp,FOB,,,2,2026-09-22,,,2026-09-03 09:11:57.057000 UTC,2026-09-18 01:00:42.232000 UTC,2026-09-18 02:40:42.232000 UTC
HS-162168,SHP-204830,active,,,,sea,fcl,EU Imp,FOB,,,2,2026-10-04,,,2026-09-03 07:19:53.014000 UTC,2026-09-16 01:29:38.440000 UTC,2026-09-16 03:57:38.440000 UTC
HS-184886,SHP-032324,active,,CREF-073563,,sea,fcl,EU Imp,FOB,,,6,2026-09-24,,TRUE,2026-08-31 14:49:51.266000 UTC,2026-09-14 09:55:30.821000 UTC,2026-09-14 10:05:30.821000 UTC
HS-044876,SHP-016661,active,,,,sea,fcl,EU Exp,CFR,,,4,2026-09-09,,,2026-08-24 08:04:25.953000 UTC,2026-09-12 07:00:10.531000 UTC,2026-09-12 08:36:10.531000 UTC
HS-196401,SHP-072916,completed,,,,air,lcl,CrossT,CIF,1224,,,2026-08-18,,TRUE,2026-08-19 07:24:32.089000 UTC,2026-08-28 09:00:07.810000 UTC,2026-08-28 12:01:07.810000 UTC
HS-067129,SHP-211123,completed,,,,air,lcl,EU Imp,FOB,636.3,,,2026-08-20,,TRUE,2026-08-18 11:59:17.069000 UTC,2026-08-28 08:59:32.789000 UTC,2026-08-28 09:05:32.789000 UTC
HS-165353,SHP-049513,active,,,,sea,fcl,EU Imp,FOB,,,2,2026-08-27,,,2026-08-10 06:59:14.102000 UTC,2026-09-01 08:58:23.785000 UTC,2026-09-01 12:36:23.785000 UTC
HS-058631,SHP-023325,completed,,,,air,lcl,EU Imp,CFR,166.8,,,2026-08-03,,TRUE,2026-08-07 07:29:26.103000 UTC,2026-09-17 13:23:56.867000 UTC,2026-09-17 14:08:56.867000 UTC
HS-012518,SHP-208810,active,,,,sea,fcl,EU Exp,CIF,,,2,2026-08-26,,,2026-07-31 13:13:56.894000 UTC,2026-09-13 19:00:41.285000 UTC,2026-09-13 20:06:41.285000 UTC
HS-107970,SHP-171428,completed,,,,sea,fcl,EU Exp,CFR,,,16,2026-08-09,,,2026-07-31 07:30:35.257000 UTC,2026-09-14 07:02:58.196000 UTC,2026-09-14 09:50:58.196000 UTC
HS-178623,SHP-176434,active,BKG-025577,CREF-102741,carrierConfirmed,sea,fcl,EU Imp,FOB,,,4,2026-07-25,,TRUE,2026-06-11 06:31:00.002000 UTC,2026-09-17 10:16:05.102000 UTC,2026-09-17 14:00:05.102000 UTC
HS-098681,SHP-108799,completed,,,,sea,fcl,EU Exp,CFR,,,2,2026-07-04,,,2026-06-03 13:50:48.078000 UTC,2026-08-28 06:35:09.435000 UTC,2026-08-28 09:13:09.435000 UTC
HS-096076,SHP-061064,completed,,CREF-058061,,sea,lcl,EU Exp,CFR,,1.056,,2026-07-02,,TRUE,2026-06-03 09:49:34.549000 UTC,2026-09-07 19:00:43.910000 UTC,2026-09-07 19:40:43.910000 UTC
HS-182724,SHP-071231,completed,,CREF-055885,,sea,lcl,EU Imp,FOB,,1.3999,,2026-05-25,,TRUE,2026-05-06 14:26:21.492000 UTC,2026-07-29 13:37:04.471000 UTC,2026-07-29 16:52:04.471000 UTC
HS-084467,SHP-209884,completed,CBR-009460-0,CREF-132367,nominated,sea,fcl,EU Exp,CFR,,,12,2026-05-26,,TRUE,2026-04-24 12:21:58.741000 UTC,2026-07-19 08:27:16.733000 UTC,2026-07-19 09:42:16.733000 UTC
HS-049709,SHP-155924,completed,,CREF-058349,,sea,lcl,EU Imp,EXW,,20.4,,2026-04-10,,TRUE,2026-03-30 11:53:24.695000 UTC,2026-06-16 09:21:21.609000 UTC,2026-06-16 12:20:21.609000 UTC
HS-115408,SHP-168693,completed,,CREF-114527,,sea,lcl,CrossT,EXW,,1.0003,,2026-04-02,,TRUE,2026-03-13 06:13:16.401000 UTC,2026-06-12 13:39:57.185000 UTC,2026-06-12 13:59:57.185000 UTC
HS-104129,SHP-084401,completed,,CREF-142176,,rail,fcl,EU Imp,FOB,,,2,2026-03-16,,TRUE,2026-03-11 11:36:47.140000 UTC,2026-04-21 08:41:05.424000 UTC,2026-04-21 11:46:05.424000 UTC
HS-109165,SHP-071151,completed,,,,rail,lcl,EU Imp,FCA_LW,,18.3744,,2026-03-26,,TRUE,2026-03-06 11:46:57.927000 UTC,2026-05-18 08:11:37.690000 UTC,2026-05-18 08:17:37.690000 UTC
HS-088341,SHP-001070,completed,,,,air,lcl,EU Imp,EXW,70,,,2026-03-07,,TRUE,2026-03-04 15:47:10.990000 UTC,2026-03-30 13:08:02.641000 UTC,2026-03-30 13:26:02.641000 UTC
HS-212807,SHP-208418,completed,,,,air,lcl,EU Imp,EXW,1202,,,2026-03-14,,TRUE,2026-03-02 15:57:27.496000 UTC,2026-03-30 13:05:32.440000 UTC,2026-03-30 16:30:32.440000 UTC
HS-119240,SHP-007840,completed,CBR-009741-0,CREF-136599,shipment,sea,fcl,EU Exp,CFR,,,4,2026-04-01,,TRUE,2026-02-23 10:56:15.467000 UTC,2026-04-20 11:53:58.336000 UTC,2026-04-20 13:22:58.336000 UTC
HS-166163,SHP-103104,completed,,CREF-034790,,sea,fcl,EU Exp,EXW,,,2,2026-03-01,,TRUE,2026-02-19 08:56:43.708000 UTC,2026-03-25 16:31:03.211000 UTC,2026-03-25 18:10:03.211000 UTC
HS-147356,SHP-082411,completed,,CREF-160290,,sea,lcl,EU Imp,FOB,,4.656,,2026-02-05,,TRUE,2026-01-13 07:34:12.714000 UTC,2026-04-20 06:09:50.432000 UTC,2026-04-20 06:54:50.432000 UTC
HS-086022,SHP-165164,canceled,,,,sea,fcl,EU Exp,CFR,,,68,2026-01-04,2026-01-21 07:45:17.738000 UTC,TRUE,2025-12-16 13:09:39.912000 UTC,2026-01-21 07:45:27.405000 UTC,2026-01-21 08:18:27.405000 UTC
HS-116320,SHP-124156,active,,CREF-154541,,sea,lcl,EU Imp,FOB,,4.3546,,2026-09-26,,TRUE,2026-09-08 09:24:21.191000 UTC,2026-09-16 12:48:48.526000 UTC,2026-09-16 14:46:48.526000 UTC
HS-099670,SHP-125350,completed,,,,air,lcl,EU Exp,CPT,200,,,2026-09-05,,TRUE,2026-09-02 10:52:06.031000 UTC,2026-09-08 06:27:46.556000 UTC,2026-09-08 08:12:46.556000 UTC
HS-011616,SHP-182520,active,CBR-002948-0,CREF-161711,carrierConfirmed,sea,fcl,EU Exp,EXW,,,8,2026-09-22,,TRUE,2026-08-28 07:34:23.719000 UTC,2026-09-18 07:16:22.740000 UTC,2026-09-18 08:16:22.740000 UTC
HS-018861,SHP-057377,active,,CREF-114816,,sea,lcl,EU Imp,EXW,,1.5,,2026-09-19,,TRUE,2026-08-27 12:13:15.197000 UTC,2026-09-15 12:17:07.325000 UTC,2026-09-15 14:11:07.325000 UTC
HS-083030,SHP-089878,active,,,,sea,fcl,EU Imp,FOB,,,2,2026-09-27,,,2026-08-26 07:36:40.541000 UTC,2026-09-11 01:08:55.017000 UTC,2026-09-11 01:18:55.017000 UTC
HS-154917,SHP-170604,completed,,,,air,lcl,EU Imp,FOB,6901.93,,,2026-08-25,,TRUE,2026-08-17 13:01:41.121000 UTC,2026-09-14 15:26:23.366000 UTC,2026-09-14 19:14:23.366000 UTC
HS-030794,SHP-115583,active,,,,sea,fcl,CrossT,CFR,,,4,2026-08-17,,,2026-08-11 13:35:31.401000 UTC,2026-09-18 14:10:38.490000 UTC,2026-09-18 16:21:38.490000 UTC
HS-206053,SHP-004256,completed,,,,sea,fcl,EU Exp,FOB,,,2,2026-08-28,,,2026-08-05 11:59:40.063000 UTC,2026-09-18 12:36:35.656000 UTC,2026-09-18 16:33:35.656000 UTC
HS-209538,SHP-084208,active,,,,sea,fcl,EU Imp,FOB,,,2,2026-08-30,,,2026-07-30 09:12:45.886000 UTC,2026-09-10 13:40:42.525000 UTC,2026-09-10 16:15:42.525000 UTC
HS-100769,SHP-142777,active,,,,sea,fcl,EU Exp,CIF,,,4,2026-08-24,,,2026-07-30 08:18:05.654000 UTC,2026-09-17 17:31:12.485000 UTC,2026-09-17 18:22:12.485000 UTC
HS-085742,SHP-137480,active,,CREF-061202,,sea,lcl,EU Imp,FOB,,5.31,,2026-08-20,,TRUE,2026-07-29 13:07:06.127000 UTC,2026-09-01 07:20:07.148000 UTC,2026-09-01 07:27:07.148000 UTC
HS-155376,SHP-137749,active,,,,sea,lcl,EU Imp,EXW,,0.924,,2026-08-18,,,2026-07-27 07:08:48.313000 UTC,2026-09-15 15:29:03.296000 UTC,2026-09-15 19:17:03.296000 UTC
HS-134421,SHP-197111,completed,,,,air,lcl,EU Imp,EXW,455.49,,,2026-08-04,,TRUE,2026-07-22 07:24:12.342000 UTC,2026-09-18 12:41:27.568000 UTC,2026-09-18 15:33:27.568000 UTC
HS-028721,SHP-177123,active,,,,sea,fcl,EU Imp,FOB,,,1,2026-08-06,,,2026-07-13 06:35:40.881000 UTC,2026-09-17 07:06:23.066000 UTC,2026-09-17 10:52:23.066000 UTC
HS-098135,SHP-108524,completed,,,,air,lcl,EU Imp,EXW,6447,,,2026-07-11,,TRUE,2026-07-06 16:04:02.113000 UTC,2026-08-24 08:55:54.506000 UTC,2026-08-24 10:43:54.506000 UTC
HS-163723,SHP-216036,completed,,,,air,lcl,EU Imp,EXW,24,,,2026-07-09,,TRUE,2026-07-03 08:51:39.943000 UTC,2026-08-04 07:38:21.010000 UTC,2026-08-04 08:19:21.010000 UTC
HS-207341,SHP-007156,active,BKG-008986,CREF-105471,carrierConfirmed,sea,fcl,EU Imp,FOB,,,2,2026-07-11,,TRUE,2026-06-30 10:30:44.498000 UTC,2026-09-18 09:25:30.161000 UTC,2026-09-18 09:38:30.161000 UTC
HS-197620,SHP-205411,active,,,,rail,lcl,EU Imp,FCA_LW,,22.248,,2026-07-12,,TRUE,2026-06-19 08:01:33.331000 UTC,2026-09-11 13:44:36.036000 UTC,2026-09-11 14:27:36.036000 UTC
HS-157515,SHP-006456,completed,,,,air,lcl,EU Exp,CPT,194,,,2026-06-26,,TRUE,2026-06-18 10:58:17.612000 UTC,2026-07-15 08:11:37.757000 UTC,2026-07-15 11:46:37.757000 UTC
HS-084664,SHP-177239,completed,BKG-023405,CREF-106980,carrierConfirmed,sea,fcl,EU Imp,FOB,,,1,2026-06-10,,TRUE,2026-05-27 11:42:50.856000 UTC,2026-09-01 16:15:42.957000 UTC,2026-09-01 19:23:42.957000 UTC
HS-200699,SHP-210357,completed,,,,air,lcl,EU Imp,EXW,706.02,,,2026-06-02,,TRUE,2026-05-27 09:28:03.102000 UTC,2026-06-30 09:24:44.253000 UTC,2026-06-30 09:31:44.253000 UTC
HS-025027,SHP-026290,completed,,CREF-152362,,rail,fcl,EU Imp,DAP,,,2,2026-06-01,,TRUE,2026-05-11 17:07:05.417000 UTC,2026-08-04 15:19:33.271000 UTC,2026-08-04 16:57:33.271000 UTC
HS-176081,SHP-052638,completed,,CREF-108079,,sea,lcl,EU Imp,FOB,,9.1803,,2026-05-20,,TRUE,2026-05-06 10:57:03.034000 UTC,2026-08-19 10:45:02.142000 UTC,2026-08-19 14:27:02.142000 UTC
HS-168675,SHP-041518,completed,,CREF-146275,,sea,lcl,EU Imp,FCA_LW,,1.152,,2026-05-17,,TRUE,2026-05-06 07:12:15.104000 UTC,2026-08-11 15:24:52.516000 UTC,2026-08-11 18:42:52.516000 UTC
HS-080315,SHP-114314,completed,,,,air,lcl,EU Imp,FOB,676,,,2026-05-06,,TRUE,2026-04-28 09:05:37.557000 UTC,2026-06-03 09:39:57.371000 UTC,2026-06-03 13:37:57.371000 UTC
HS-165174,SHP-112145,completed,,,,air,lcl,EU Imp,EXW,1303,,,2026-05-03,,TRUE,2026-04-28 09:04:18.434000 UTC,2026-05-29 09:30:16.594000 UTC,2026-05-29 10:26:16.594000 UTC
HS-072302,SHP-118789,completed,CBR-029619-0,CREF-004881,carrierConfirmed,sea,fcl,EU Exp,CFR,,,2,2026-05-15,,TRUE,2026-04-23 10:16:44.514000 UTC,2026-06-15 10:31:15.088000 UTC,2026-06-15 13:12:15.088000 UTC
HS-070007,SHP-032430,completed,,CREF-034374,,sea,fcl,EU Exp,EXW,,,2,2026-03-24,,TRUE,2026-03-16 08:41:00.471000 UTC,2026-06-18 09:00:24.617000 UTC,2026-06-18 11:24:24.617000 UTC
HS-220875,SHP-135015,completed,,CREF-071413,,sea,lcl,EU Imp,FOB,,1.7519,,2026-02-20,,TRUE,2026-02-06 07:23:00.015000 UTC,2026-04-21 12:06:11.819000 UTC,2026-04-21 12:43:11.819000 UTC
HS-212712,SHP-111105,canceled,,,,rail,fcl,CrossT,FOB,,,2,2026-02-01,2026-02-20 07:15:28.885000 UTC,TRUE,2026-01-22 10:19:31.551000 UTC,2026-02-20 07:15:29.508000 UTC,2026-02-20 10:22:29.508000 UTC
HS-134188,SHP-076853,completed,,,,air,lcl,EU Imp,EXW,302.58,,,2026-01-18,,TRUE,2026-01-14 05:11:38.883000 UTC,2026-01-29 13:39:05.808000 UTC,2026-01-29 16:46:05.808000 UTC
HS-063658,SHP-117559,completed,,CREF-007635,,sea,lcl,EU Imp,FOB,,2.036,,2026-02-15,,TRUE,2026-01-12 06:48:56.135000 UTC,2026-04-20 04:48:48.261000 UTC,2026-04-20 05:45:48.261000 UTC
HS-120731,SHP-090154,completed,,CREF-011970,,sea,lcl,EU Imp,FOB,,0.298,,2026-01-26,,TRUE,2026-01-09 10:30:58.529000 UTC,2026-04-09 07:32:58.740000 UTC,2026-04-09 11:13:58.740000 UTC
HS-118981,SHP-100034,active,,,,sea,fcl,EU Imp,FOB,,,2,2026-10-05,,,2026-09-02 11:27:47.064000 UTC,2026-09-07 05:34:51.667000 UTC,2026-09-07 07:52:51.667000 UTC
HS-019717,SHP-009797,active,CBR-019552-0,CREF-121451,carrierConfirmed,sea,fcl,EU Imp,FOB,,,2,2026-09-15,,TRUE,2026-09-02 07:08:53.409000 UTC,2026-09-18 12:30:23.654000 UTC,2026-09-18 15:50:23.654000 UTC
HS-072180,SHP-072086,active,,CREF-038171,,rail,lcl,EU Imp,FOB,,14.7648,,2026-08-28,,TRUE,2026-08-18 07:39:44.982000 UTC,2026-09-07 11:20:30.473000 UTC,2026-09-07 14:17:30.473000 UTC
HS-003347,SHP-086262,active,,CREF-060556,,rail,lcl,EU Imp,EXW,,2.8404,,2026-08-25,,TRUE,2026-08-07 06:46:04.931000 UTC,2026-09-18 07:07:09.506000 UTC,2026-09-18 09:35:09.506000 UTC
HS-051162,SHP-209661,canceled,,,,sea,fcl,EU Imp,FOB,,,2,2026-08-31,2026-08-21 11:15:09.157000 UTC,,2026-08-06 08:21:49.499000 UTC,2026-08-21 11:15:12.707000 UTC,2026-08-21 14:08:12.707000 UTC
HS-139154,SHP-188885,active,,,,sea,fcl,EU Imp,FOB,,,2,2026-09-01,,,2026-08-05 08:21:44.572000 UTC,2026-09-17 12:33:55.067000 UTC,2026-09-17 12:56:55.067000 UTC
HS-002333,SHP-007806,completed,,,,sea,fcl,EU Exp,CFR,,,6,2026-08-09,,,2026-07-31 06:27:39.171000 UTC,2026-08-31 06:39:00.492000 UTC,2026-08-31 10:00:00.492000 UTC
HS-078836,SHP-178075,active,,,,sea,fcl,EU Imp,FOB,,,1,2026-08-30,,,2026-07-29 11:17:04.466000 UTC,2026-09-18 12:24:33.558000 UTC,2026-09-18 14:44:33.558000 UTC
HS-093017,SHP-178851,active,CBR-028843-0,CREF-141837,carrierConfirmed,sea,fcl,EU Imp,FOB,,,5,2026-08-09,,TRUE,2026-07-22 10:02:35.318000 UTC,2026-09-17 23:00:44.185000 UTC,2026-09-17 23:34:44.185000 UTC
HS-120666,SHP-116988,canceled,,CREF-047767,,rail,lcl,EU Imp,EXW,,4.32,,2026-07-15,2026-07-17 01:22:58.741000 UTC,TRUE,2026-06-26 12:33:17.824000 UTC,2026-07-17 01:22:59.774000 UTC,2026-07-17 01:49:59.774000 UTC
HS-107489,SHP-181686,completed,,CREF-126700,,rail,lcl,EU Imp,EXW,,2.6496,,2026-07-11,,TRUE,2026-06-15 09:01:25.565000 UTC,2026-08-24 13:29:58.188000 UTC,2026-08-24 14:26:58.188000 UTC
HS-076142,SHP-147123,completed,CBR-031233-0,CREF-072566,carrierConfirmed,sea,fcl,EU Exp,CFR,,,2,2026-07-27,,TRUE,2026-06-12 08:51:56.662000 UTC,2026-09-15 06:21:48.731000 UTC,2026-09-15 10:12:48.731000 UTC
HS-046414,SHP-146615,completed,,,,air,lcl,EU Imp,FOB,278,,,2026-06-14,,TRUE,2026-06-09 08:40:57.597000 UTC,2026-07-22 13:41:05.012000 UTC,2026-07-22 13:50:05.012000 UTC
HS-083765,SHP-147902,completed,,CREF-131937,,sea,lcl,EU Imp,FOB,,0.06,,2026-06-17,,TRUE,2026-06-01 07:03:05.360000 UTC,2026-09-01 06:56:27.903000 UTC,2026-09-01 10:16:27.903000 UTC
HS-216029,SHP-204669,completed,,CREF-079989,,rail,fcl,EU Imp,FOB,,,2,2026-05-07,,TRUE,2026-04-22 13:54:56.717000 UTC,2026-06-03 07:30:10.972000 UTC,2026-06-03 10:46:10.972000 UTC
HS-022926,SHP-163630,completed,,,,air,lcl,EU Imp,FCA_T,97,,,2026-04-21,,TRUE,2026-04-16 07:58:32.476000 UTC,2026-06-02 07:15:38.575000 UTC,2026-06-02 09:42:38.575000 UTC
HS-181530,SHP-084465,completed,,CREF-131434,,sea,lcl,EU Imp,FOB,,2.4087,,2026-05-01,,TRUE,2026-04-13 07:28:16.323000 UTC,2026-07-30 13:29:31.301000 UTC,2026-07-30 14:31:31.301000 UTC
HS-115985,SHP-104737,completed,,CREF-001989,,sea,lcl,EU Imp,FOB,,9.0002,,2026-03-25,,TRUE,2026-03-09 14:27:41.767000 UTC,2026-06-11 09:30:08.408000 UTC,2026-06-11 12:40:08.408000 UTC
HS-094711,SHP-000919,completed,,CREF-020726,,sea,fcl,EU Exp,FCA_T,,,2,2026-03-19,,TRUE,2026-03-04 14:09:28.369000 UTC,2026-06-03 13:30:13.284000 UTC,2026-06-03 15:49:13.284000 UTC
HS-029307,SHP-038122,completed,,CREF-161718,,sea,fcl,EU Exp,CFR,,,1,2026-03-31,,TRUE,2026-03-04 12:32:16.291000 UTC,2026-04-10 11:51:28.274000 UTC,2026-04-10 15:08:28.274000 UTC
HS-050076,SHP-003497,completed,,,,air,lcl,EU Imp,EXW,60.84,,,2026-02-13,,TRUE,2026-02-05 14:32:15.445000 UTC,2026-02-19 09:48:31.895000 UTC,2026-02-19 10:08:31.895000 UTC
HS-176777,SHP-008428,completed,,CREF-140119,,rail,lcl,EU Imp,FOB,,0.377,,2026-03-27,,TRUE,2026-02-05 13:18:23.459000 UTC,2026-05-06 08:51:56.343000 UTC,2026-05-06 09:06:56.343000 UTC
HS-192504,SHP-007221,completed,,,,air,lcl,EU Imp,FCA_LW,807,,,2026-02-06,,TRUE,2026-02-03 14:21:13.404000 UTC,2026-03-03 15:04:44.022000 UTC,2026-03-03 18:16:44.022000 UTC
HS-173371,SHP-135386,completed,CBR-007729-0,CREF-105528,shipment,sea,fcl,EU Exp,CFR,,,1,2026-02-14,,TRUE,2026-01-29 14:08:13.027000 UTC,2026-04-17 07:50:28.831000 UTC,2026-04-17 08:10:28.831000 UTC
HS-158401,SHP-038563,completed,,,,air,lcl,EU Exp,EXW,711.2,,,2026-01-22,,TRUE,2026-01-20 07:32:14.590000 UTC,2026-02-02 10:22:46.189000 UTC,2026-02-02 10:40:46.189000 UTC
HS-173943,SHP-158257,completed,,CREF-026678,,rail,lcl,EU Imp,FOB,,0.672,,2026-02-06,,TRUE,2026-01-15 13:04:33.884000 UTC,2026-03-16 11:19:24.628000 UTC,2026-03-16 14:55:24.628000 UTC
HS-140754,SHP-144968,completed,,CREF-064454,,rail,lcl,EU Imp,EXW,,7.8278,,2026-02-11,,TRUE,2026-01-14 10:59:35.430000 UTC,2026-04-24 13:13:51.303000 UTC,2026-04-24 14:39:51.303000 UTC
HS-156739,SHP-223680,completed,BKG-023935,CREF-033011,carrierConfirmed,sea,fcl,EU Imp,EXW,,,3,2026-01-03,,TRUE,2025-12-17 06:38:52.167000 UTC,2026-03-13 19:06:47.749000 UTC,2026-03-13 22:42:47.749000 UTC
HS-131464,SHP-223708,completed,,CREF-072653,,rail,fcl,EU Imp,FCA_LW,,,2,2026-01-08,,TRUE,2025-12-01 07:42:30.556000 UTC,2026-01-29 09:32:42.883000 UTC,2026-01-29 10:27:42.883000 UTC
HS-064520,SHP-121677,active,CBR-026482-0,CREF-116385,carrierConfirmed,sea,fcl,EU Imp,FOB,,,3,2026-09-28,,TRUE,2026-09-10 19:26:56.430000 UTC,2026-09-16 09:18:41.067000 UTC,2026-09-16 12:32:41.067000 UTC
HS-045967,SHP-218458,active,,,,sea,fcl,EU Imp,FOB,,,2,2026-10-06,,,2026-09-09 09:28:11.469000 UTC,2026-09-14 08:24:17.970000 UTC,2026-09-14 12:17:17.970000 UTC
HS-180349,SHP-103441,completed,,,,air,lcl,EU Imp,CPT,4237.88,,,2026-09-02,,TRUE,2026-09-03 08:34:32.571000 UTC,2026-09-15 14:30:58.284000 UTC,2026-09-15 16:45:58.284000 UTC
HS-214741,SHP-013648,active,,,,sea,fcl,EU Imp,CFR,,,7,2026-10-17,,,2026-09-03 08:15:24.272000 UTC,2026-09-18 06:00:10.938000 UTC,2026-09-18 06:38:10.938000 UTC
HS-181939,SHP-202849,completed,,,,air,lcl,EU Imp,FOB,3298.89,,,2026-09-03,,TRUE,2026-08-24 13:59:56.749000 UTC,2026-09-11 07:48:40.288000 UTC,2026-09-11 10:29:40.288000 UTC
HS-116351,SHP-086644,active,,CREF-026231,,rail,lcl,EU Imp,FOB,,3.0784,,2026-08-25,,TRUE,2026-08-11 09:17:39.055000 UTC,2026-09-17 13:35:56.179000 UTC,2026-09-17 15:54:56.179000 UTC
HS-059209,SHP-071291,active,CBR-020215-0,CREF-165537,carrierConfirmed,sea,fcl,EU Exp,CFR,,,10,2026-08-02,,TRUE,2026-07-22 09:46:53.840000 UTC,2026-09-18 01:46:43.812000 UTC,2026-09-18 02:58:43.812000 UTC
HS-118912,SHP-135512,completed,CBR-005621-0,CREF-026165,shipment,sea,fcl,EU Imp,CIF,,,2,2026-06-23,,TRUE,2026-06-10 13:13:11.805000 UTC,2026-06-29 11:31:15.078000 UTC,2026-06-29 13:43:15.078000 UTC
HS-080000,SHP-158225,completed,,CREF-088297,,sea,lcl,EU Exp,CIF,,20.2425,,2026-06-07,,TRUE,2026-05-21 08:30:17.328000 UTC,2026-08-14 08:12:58.840000 UTC,2026-08-14 10:50:58.840000 UTC
HS-030778,SHP-059398,completed,,CREF-052271,,rail,lcl,EU Imp,EXW,,3.6017,,2026-06-18,,TRUE,2026-05-21 07:38:14.544000 UTC,2026-07-28 11:10:45.965000 UTC,2026-07-28 13:41:45.965000 UTC
HS-052144,SHP-071826,completed,BKG-033658,CREF-145143,carrierConfirmed,sea,fcl,EU Imp,FOB,,,8,2026-05-31,,TRUE,2026-05-06 15:39:16.482000 UTC,2026-08-10 06:48:34.174000 UTC,2026-08-10 10:46:34.174000 UTC
HS-008286,SHP-133243,completed,,,,air,lcl,EU Imp,FOB,369,,,2026-05-26,,TRUE,2026-05-06 09:02:15.187000 UTC,2026-06-29 12:50:54.224000 UTC,2026-06-29 14:58:54.224000 UTC
HS-166301,SHP-197290,completed,,,,air,lcl,EU Imp,FOB,180,,,2026-04-20,,TRUE,2026-04-16 09:55:36.480000 UTC,2026-04-27 08:26:13.605000 UTC,2026-04-27 12:20:13.605000 UTC
HS-056177,SHP-038855,completed,,,,air,lcl,EU Imp,EXW,639,,,2026-04-17,,TRUE,2026-04-10 06:56:21.005000 UTC,2026-05-22 08:34:18.509000 UTC,2026-05-22 11:28:18.509000 UTC
HS-041733,SHP-219585,completed,,,,air,lcl,EU Imp,FOB,594,,,2026-04-03,,TRUE,2026-03-27 09:05:24.393000 UTC,2026-04-15 14:13:04.557000 UTC,2026-04-15 17:29:04.557000 UTC
HS-158021,SHP-201357,completed,,CREF-083227,,sea,lcl,EU Imp,EXW,,4.0484,,2026-03-14,,TRUE,2026-03-03 13:08:00.723000 UTC,2026-05-14 10:06:40.907000 UTC,2026-05-14 11:47:40.907000 UTC
HS-219328,SHP-173503,completed,,CREF-134976,,sea,lcl,EU Imp,EXW,,17.0508,,2026-03-07,,TRUE,2026-02-17 15:07:03.032000 UTC,2026-05-18 13:49:10.189000 UTC,2026-05-18 15:38:10.189000 UTC
HS-077343,SHP-044740,completed,,CREF-041163,,sea,lcl,EU Imp,FOB,,0.2166,,2026-02-22,,TRUE,2026-02-10 07:03:43.936000 UTC,2026-04-28 05:54:22.885000 UTC,2026-04-28 08:38:22.885000 UTC
HS-014509,SHP-116570,completed,,CREF-105925,,sea,lcl,EU Imp,FOB,,21.408,,2026-03-19,,TRUE,2026-02-09 13:23:55.947000 UTC,2026-05-27 05:36:36.084000 UTC,2026-05-27 06:55:36.084000 UTC
HS-125630,SHP-217326,completed,BKG-019632,CREF-084859,carrierConfirmed,sea,fcl,EU Imp,FOB,,,1,2026-02-20,,TRUE,2026-01-30 12:59:28.048000 UTC,2026-05-06 08:55:01.592000 UTC,2026-05-06 12:28:01.592000 UTC
HS-036814,SHP-007828,completed,BKG-001633,CREF-018863,carrierConfirmed,sea,fcl,EU Imp,FOB,,,2,2026-02-10,,TRUE,2026-01-23 09:50:07.997000 UTC,2026-07-03 11:39:47.670000 UTC,2026-07-03 13:59:47.670000 UTC
HS-175090,SHP-082634,completed,,CREF-130873,,sea,lcl,EU Imp,FOB,,5.1015,,2026-01-25,,TRUE,2026-01-07 12:17:27.140000 UTC,2026-03-12 08:59:28.493000 UTC,2026-03-12 12:22:28.493000 UTC
HS-140590,SHP-142318,completed,,CREF-152283,,sea,fcl,EU Imp,FOB,,,2,2026-01-23,,TRUE,2025-12-31 11:35:54.429000 UTC,2026-03-30 14:22:15.214000 UTC,2026-03-30 16:35:15.214000 UTC
HS-099786,SHP-114432,completed,,CREF-161241,,rail,lcl,EU Imp,FOB,,25.6501,,2026-02-04,,TRUE,2025-12-25 11:12:26.423000 UTC,2026-04-21 07:25:32.179000 UTC,2026-04-21 08:44:32.179000 UTC
HS-001017,SHP-100159,active,,,,air,lcl,EU Imp,EXW,2435.16,,,2026-09-21,,TRUE,2026-09-17 11:47:53.107000 UTC,2026-09-18 01:51:53.529000 UTC,2026-09-18 03:45:53.529000 UTC
HS-036351,SHP-133384,active,,,,sea,fcl,EU Exp,EXW,,,2,2026-09-20,,,2026-09-11 14:15:24.361000 UTC,2026-09-18 03:01:57.269000 UTC,2026-09-18 05:11:57.269000 UTC
HS-214406,SHP-190132,active,,,,sea,fcl,EU Imp,FOB,,,2,2026-09-25,,,2026-09-08 08:32:13.692000 UTC,2026-09-18 03:48:20.451000 UTC,2026-09-18 04:15:20.451000 UTC
HS-080413,SHP-065292,active,,,,sea,fcl,EU Imp,FOB,,,1,2026-10-03,,,2026-09-07 08:50:53.731000 UTC,2026-09-10 06:41:24.409000 UTC,2026-09-10 10:28:24.409000 UTC
HS-170999,SHP-009158,active,,,,sea,fcl,EU Exp,CPT,,,2,2026-09-27,,,2026-09-02 08:25:27.748000 UTC,2026-09-18 08:49:47.118000 UTC,2026-09-18 08:59:47.118000 UTC
HS-050434,SHP-198321,active,,,,sea,fcl,EU Imp,FOB,,,2,2026-09-22,,,2026-09-01 05:53:22.303000 UTC,2026-09-18 11:54:42.468000 UTC,2026-09-18 15:16:42.468000 UTC
HS-183064,SHP-138446,active,,,,sea,fcl,EU Imp,FOB,,,1,2026-09-19,,,2026-08-25 07:58:02.166000 UTC,2026-09-11 09:08:29.180000 UTC,2026-09-11 13:03:29.180000 UTC
HS-206476,SHP-183746,completed,,,,air,lcl,EU Imp,EXW,874.12,,,2026-08-24,,TRUE,2026-08-19 03:16:56.543000 UTC,2026-09-18 11:22:00.359000 UTC,2026-09-18 14:38:00.359000 UTC
HS-093718,SHP-139622,active,CBR-022204-0,CREF-100335,carrierConfirmed,sea,fcl,EU Imp,FOB,,,2,2026-09-08,,TRUE,2026-08-18 11:50:34.458000 UTC,2026-09-15 14:04:27.839000 UTC,2026-09-15 17:13:27.839000 UTC
HS-016196,SHP-087958,completed,,,,air,lcl,EU Imp,CIP,160,,,2026-08-10,,TRUE,2026-08-14 12:59:50.810000 UTC,2026-08-28 08:55:46.705000 UTC,2026-08-28 09:15:46.705000 UTC
HS-133993,SHP-211136,completed,,,,air,lcl,EU Imp,EXW,773.26,,,2026-08-19,,TRUE,2026-08-14 08:01:10.156000 UTC,2026-09-03 11:11:15.376000 UTC,2026-09-03 11:36:15.376000 UTC
HS-057725,SHP-138120,completed,,,,sea,fcl,EU Exp,CFR,,,2,2026-08-28,,,2026-08-12 11:50:51.938000 UTC,2026-08-28 08:37:01.746000 UTC,2026-08-28 10:35:01.746000 UTC
HS-113386,SHP-088930,active,,CREF-145120,,sea,lcl,EU Imp,FOB,,0.2,,2026-08-19,,TRUE,2026-08-04 09:04:39.246000 UTC,2026-08-25 13:03:48.937000 UTC,2026-08-25 13:34:48.937000 UTC
HS-073990,SHP-122156,completed,,,,sea,fcl,EU Exp,CFR,,,2,2026-07-29,,,2026-07-07 15:48:48.465000 UTC,2026-08-31 08:08:44.757000 UTC,2026-08-31 11:07:44.757000 UTC
HS-041498,SHP-128559,completed,BKG-027344,CREF-036579,carrierConfirmed,sea,fcl,EU Imp,FOB,,,1,2026-07-04,,TRUE,2026-06-10 06:14:44.296000 UTC,2026-09-08 14:23:17.265000 UTC,2026-09-08 16:02:17.265000 UTC
HS-147082,SHP-110876,completed,,CREF-074426,,rail,lcl,EU Imp,EXW,,5.4,,2026-06-10,,TRUE,2026-05-18 11:11:39.993000 UTC,2026-07-28 04:48:18.956000 UTC,2026-07-28 05:03:18.956000 UTC
HS-005251,SHP-016990,completed,BKG-016826,CREF-046123,carrierConfirmed,sea,fcl,EU Imp,FOB,,,2,2026-06-14,,TRUE,2026-05-15 05:08:26.008000 UTC,2026-09-11 01:10:28.956000 UTC,2026-09-11 02:01:28.956000 UTC
HS-052755,SHP-119149,completed,BKG-022314,CREF-111422,carrierConfirmed,sea,fcl,EU Imp,FOB,,,1,2026-05-31,,TRUE,2026-05-13 09:28:27.104000 UTC,2026-08-18 07:23:26.609000 UTC,2026-08-18 09:59:26.609000 UTC
HS-010208,SHP-205623,completed,,CREF-085337,,sea,lcl,EU Imp,FOB,,7.5883,,2026-05-30,,TRUE,2026-05-07 15:09:16.408000 UTC,2026-08-05 05:39:01.159000 UTC,2026-08-05 06:19:01.159000 UTC
HS-208323,SHP-044660,completed,,,,air,lcl,EU Imp,EXW,68,,,2026-04-08,,TRUE,2026-03-24 08:49:49.921000 UTC,2026-05-29 10:44:05.415000 UTC,2026-05-29 11:43:05.415000 UTC
HS-128124,SHP-129149,completed,,,,air,lcl,EU Imp,EXW,223.81,,,2026-04-08,,TRUE,2026-03-24 07:27:34.166000 UTC,2026-05-20 07:51:25.320000 UTC,2026-05-20 11:38:25.320000 UTC
HS-013348,SHP-152358,completed,CBR-031560-0,CREF-128543,shipment,sea,fcl,EU Exp,FCA_LW,,,10,2026-03-24,,TRUE,2026-02-16 15:34:31.916000 UTC,2026-05-27 14:13:45.066000 UTC,2026-05-27 16:15:45.066000 UTC
HS-057643,SHP-190729,completed,,,,air,lcl,EU Imp,FOB,296,,,2026-02-13,,TRUE,2026-02-05 09:11:23.335000 UTC,2026-03-03 15:45:25.355000 UTC,2026-03-03 16:19:25.355000 UTC
HS-098989,SHP-174706,completed,,CREF-082076,,sea,lcl,EU Imp,FOB,,0.1125,,2026-02-08,,TRUE,2026-01-28 06:43:19.389000 UTC,2026-04-27 06:04:30.599000 UTC,2026-04-27 06:54:30.599000 UTC
HS-152006,SHP-015932,completed,,,,air,lcl,EU Imp,EXW,3489,,,2026-01-30,,TRUE,2026-01-28 04:16:37.435000 UTC,2026-03-03 09:29:22.805000 UTC,2026-03-03 10:54:22.805000 UTC
HS-077405,SHP-155260,active,,,,air,lcl,EU Imp,EXW,372.6,,,2026-09-21,,TRUE,2026-09-17 10:11:11.062000 UTC,2026-09-18 09:00:15.514000 UTC,2026-09-18 10:44:15.514000 UTC
HS-098199,SHP-066554,active,,,,sea,fcl,EU Exp,EXW,,,1,2026-09-15,,,2026-09-08 11:04:57.543000 UTC,2026-09-17 09:34:25.593000 UTC,2026-09-17 10:17:25.593000 UTC
HS-062763,SHP-213172,active,,,,sea,fcl,EU Imp,FOB,,,2,2026-09-29,,,2026-09-01 09:18:38.568000 UTC,2026-09-17 15:57:01.217000 UTC,2026-09-17 17:47:01.217000 UTC
HS-194801,SHP-038293,active,CBR-015288-0,CREF-098603,carrierConfirmed,sea,fcl,EU Exp,CFR,,,2,2026-09-18,,TRUE,2026-08-27 11:34:28.694000 UTC,2026-09-18 09:26:19.892000 UTC,2026-09-18 11:29:19.892000 UTC
HS-087012,SHP-051788,active,,,,sea,fcl,EU Imp,FOB,,,2,2026-09-18,,,2026-08-20 14:41:29.181000 UTC,2026-09-17 15:38:13.287000 UTC,2026-09-17 17:58:13.287000 UTC
HS-134466,SHP-136220,active,,,,sea,fcl,EU Imp,FOB,,,1,2026-10-05,,,2026-08-19 07:12:16.493000 UTC,2026-09-18 06:38:52.264000 UTC,2026-09-18 07:33:52.264000 UTC
HS-194125,SHP-154330,completed,,,,air,lcl,EU Imp,FOB,4527.96,,,2026-08-16,,TRUE,2026-08-14 14:22:25.095000 UTC,2026-09-03 12:58:46.779000 UTC,2026-09-03 13:27:46.779000 UTC
HS-126638,SHP-188143,canceled,,,,sea,fcl,EU Imp,FOB,,,40,2026-08-26,2026-08-27 08:59:58.142000 UTC,,2026-08-07 07:34:41.031000 UTC,2026-08-27 09:01:00.445000 UTC,2026-08-27 12:58:00.445000 UTC
HS-015111,SHP-176836,active,,,,sea,fcl,EU Imp,FOB,,,1,2026-08-22,,,2026-07-31 05:23:58.233000 UTC,2026-09-14 12:00:06.924000 UTC,2026-09-14 15:49:06.924000 UTC
HS-121438,SHP-031169,active,,CREF-115040,,sea,lcl,EU Imp,FOB,,10.05,,2026-08-30,,TRUE,2026-07-22 17:53:34.284000 UTC,2026-09-10 13:36:12.219000 UTC,2026-09-10 15:11:12.219000 UTC
HS-041618,SHP-036714,completed,,,,sea,fcl,CrossT,CFR,,,4,2026-07-28,,,2026-07-15 10:07:29.530000 UTC,2026-08-31 08:06:07.159000 UTC,2026-08-31 08:37:07.159000 UTC
HS-181086,SHP-102386,active,,CREF-121337,,sea,lcl,EU Imp,FOB,,0.075,,2026-07-27,,TRUE,2026-07-02 12:32:18.556000 UTC,2026-09-17 09:07:13.705000 UTC,2026-09-17 11:23:13.705000 UTC
HS-149391,SHP-197226,completed,,,,rail,fcl,EU Imp,CFR,,,2,2026-06-30,,TRUE,2026-07-01 13:13:54.202000 UTC,2026-08-05 13:39:16.029000 UTC,2026-08-05 17:03:16.029000 UTC
HS-043200,SHP-073152,completed,,,,air,lcl,EU Imp,EXW,993,,,2026-06-27,,TRUE,2026-06-25 15:41:01.682000 UTC,2026-07-30 07:41:09.891000 UTC,2026-07-30 08:04:09.891000 UTC
HS-163688,SHP-206588,canceled,CBR-017611-0,CREF-083076,carrierConfirmed,sea,fcl,EU Exp,EXW,,,1,2026-07-11,2026-07-02 13:10:17.032000 UTC,TRUE,2026-06-16 10:21:16.550000 UTC,2026-07-02 13:10:25.925000 UTC,2026-07-02 17:09:25.925000 UTC
HS-042874,SHP-008197,completed,,,,air,lcl,EU Imp,EXW,1352.8,,,2026-06-16,,TRUE,2026-06-11 07:18:52.621000 UTC,2026-08-19 14:27:56.429000 UTC,2026-08-19 15:01:56.429000 UTC
HS-108425,SHP-133549,completed,,,,air,lcl,EU Imp,FCA_T,637.98,,,2026-06-25,,TRUE,2026-06-11 07:01:23.674000 UTC,2026-07-22 09:01:31.312000 UTC,2026-07-22 12:19:31.312000 UTC
HS-012136,SHP-220411,active,,,,sea,fcl,EU Imp,FOB,,,2,2026-09-21,,,2026-06-10 17:34:26.169000 UTC,2026-09-17 19:55:27.249000 UTC,2026-09-17 21:28:27.249000 UTC
HS-166229,SHP-132512,completed,,CREF-148492,,sea,lcl,EU Imp,FOB,,15.1904,,2026-07-06,,TRUE,2026-06-10 09:29:50.638000 UTC,2026-09-07 08:00:54.851000 UTC,2026-09-07 11:57:54.851000 UTC
HS-099305,SHP-094994,completed,CBR-019198-0,CREF-066128,shipment,sea,fcl,EU Imp,CIF,,,2,2026-07-02,,TRUE,2026-05-29 14:24:16.494000 UTC,2026-07-20 13:11:51.375000 UTC,2026-07-20 14:26:51.375000 UTC
HS-098105,SHP-030521,completed,,,,sea,fcl,EU Exp,EXW,,,1,2026-06-02,,,2026-05-27 14:00:29.845000 UTC,2026-07-08 10:43:49.035000 UTC,2026-07-08 12:30:49.035000 UTC
HS-119883,SHP-049231,completed,,CREF-133302,,rail,lcl,EU Imp,EXW,,5.0676,,2026-06-10,,TRUE,2026-05-27 09:32:36.013000 UTC,2026-08-11 08:44:04.908000 UTC,2026-08-11 09:47:04.908000 UTC
HS-182170,SHP-158380,completed,,,,air,lcl,EU Imp,FCA_T,212.96,,,2026-06-10,,TRUE,2026-05-27 06:58:45.538000 UTC,2026-07-13 07:53:28.376000 UTC,2026-07-13 10:45:28.376000 UTC
HS-040643,SHP-081648,completed,,,,air,lcl,EU Imp,EXW,122.24,,,2026-05-09,,TRUE,2026-05-05 08:22:47.947000 UTC,2026-05-29 09:35:50.687000 UTC,2026-05-29 10:17:50.687000 UTC
HS-166773,SHP-145721,completed,,,,air,lcl,EU Imp,EXW,566,,,2026-05-09,,TRUE,2026-05-04 09:16:32.625000 UTC,2026-06-22 08:57:46.892000 UTC,2026-06-22 09:41:46.892000 UTC
HS-148544,SHP-106149,completed,,,,rail,fcl,EU Imp,FOB,,,4,2026-05-16,,TRUE,2026-04-21 07:33:17.230000 UTC,2026-07-03 12:16:56.231000 UTC,2026-07-03 14:11:56.231000 UTC
HS-141560,SHP-163475,canceled,,CREF-089313,,rail,lcl,EU Imp,EXW,,7.7517,,2026-04-11,2026-04-07 09:36:13.822000 UTC,TRUE,2026-03-26 14:12:14.607000 UTC,2026-04-07 09:36:14.143000 UTC,2026-04-07 10:11:14.143000 UTC
HS-034084,SHP-069162,completed,,,,air,lcl,EU Imp,EXW,1355,,,2026-03-15,,TRUE,2026-03-11 14:40:36.672000 UTC,2026-03-30 13:17:37.363000 UTC,2026-03-30 15:02:37.363000 UTC
HS-068154,SHP-028740,completed,,,,air,lcl,EU Imp,DAP,138,,,2026-03-06,,TRUE,2026-03-06 09:05:23.713000 UTC,2026-04-09 11:46:15.582000 UTC,2026-04-09 13:37:15.582000 UTC
HS-042415,SHP-043538,completed,,CREF-111445,,sea,fcl,EU Exp,FCA_LW,,,8,2026-04-13,,TRUE,2026-02-16 13:00:21.162000 UTC,2026-06-01 23:53:49.557000 UTC,2026-06-02 03:15:49.557000 UTC
HS-041399,SHP-174582,completed,,CREF-135263,,sea,lcl,EU Imp,FOB,,2.984,,2026-03-08,,TRUE,2026-02-13 17:49:18.895000 UTC,2026-05-06 12:46:01.138000 UTC,2026-05-06 13:12:01.138000 UTC
HS-049113,SHP-103293,completed,,CREF-103773,,sea,lcl,EU Imp,FOB,,8.6305,,2026-02-24,,TRUE,2026-02-02 10:47:41.307000 UTC,2026-05-13 10:30:30.491000 UTC,2026-05-13 14:07:30.491000 UTC
HS-007520,SHP-092889,completed,,CREF-003412,,sea,lcl,EU Imp,FOB,,12.9404,,2026-02-09,,TRUE,2026-01-27 09:10:22.777000 UTC,2026-05-06 07:36:31.889000 UTC,2026-05-06 10:25:31.889000 UTC
HS-025459,SHP-183044,completed,,CREF-146981,,rail,fcl,EU Imp,EXW,,,2,2026-02-19,,TRUE,2026-01-23 07:53:06.237000 UTC,2026-03-16 07:12:32.708000 UTC,2026-03-16 08:15:32.708000 UTC
HS-160221,SHP-195129,completed,,CREF-153264,,rail,lcl,EU Imp,EXW,,8.9595,,2026-02-23,,TRUE,2026-01-14 12:42:44.797000 UTC,2026-04-24 13:13:44.903000 UTC,2026-04-24 14:57:44.903000 UTC
HS-000048,SHP-164350,active,,CREF-030709,,rail,lcl,EU Imp,FCA_T,,18.816,,2026-09-30,,TRUE,2026-09-17 06:06:20.420000 UTC,2026-09-17 07:52:48.367000 UTC,2026-09-17 10:37:48.367000 UTC
HS-155163,SHP-131479,active,,,,air,lcl,EU Imp,EXW,380.16,,,2026-09-18,,TRUE,2026-09-16 07:07:04.316000 UTC,2026-09-18 09:40:38.059000 UTC,2026-09-18 12:18:38.059000 UTC
HS-109058,SHP-105439,completed,,,,air,lcl,EU Imp,FOB,3520,,,2026-09-09,,TRUE,2026-09-03 08:03:25.033000 UTC,2026-09-16 06:54:28.376000 UTC,2026-09-16 08:12:28.376000 UTC
HS-007458,SHP-116417,active,,,,sea,fcl,EU Exp,CFR,,,2,2026-09-25,,,2026-08-31 09:00:39.889000 UTC,2026-09-18 11:59:57.254000 UTC,2026-09-18 15:53:57.254000 UTC
HS-162006,SHP-159877,active,,CREF-111731,,rail,lcl,EU Imp,EXW,,1.6704,,2026-09-09,,TRUE,2026-08-24 07:59:42.207000 UTC,2026-09-15 18:32:31.861000 UTC,2026-09-15 21:46:31.861000 UTC
HS-090909,SHP-081674,active,,,,sea,fcl,EU Imp,FOB,,,2,2026-09-29,,,2026-08-18 06:29:19.503000 UTC,2026-09-17 06:48:26.899000 UTC,2026-09-17 08:31:26.899000 UTC
HS-134315,SHP-221514,completed,CBR-001758-0,CREF-063954,shipment,sea,fcl,EU Imp,CIF,,,2,2026-08-08,,TRUE,2026-08-11 11:50:20.649000 UTC,2026-08-20 09:11:56.740000 UTC,2026-08-20 09:23:56.740000 UTC
HS-183242,SHP-163295,active,,,,sea,fcl,EU Exp,CFR,,,2,2026-09-19,,,2026-08-07 14:17:49.025000 UTC,2026-09-15 08:12:22.579000 UTC,2026-09-15 11:45:22.579000 UTC
HS-202227,SHP-029451,completed,,CREF-062677,,rail,lcl,CrossT,EXW,,1.94,,2026-08-15,,TRUE,2026-08-03 15:06:16.758000 UTC,2026-09-08 13:29:19.545000 UTC,2026-09-08 17:06:19.545000 UTC
HS-132795,SHP-083171,active,,,,sea,fcl,EU Imp,FOB,,,1,2026-08-31,,,2026-07-29 07:31:35.261000 UTC,2026-09-13 17:00:16.920000 UTC,2026-09-13 20:26:16.920000 UTC
HS-215906,SHP-177893,completed,,,,air,lcl,EU Imp,FOB,14585.96,,,2026-08-06,,TRUE,2026-07-17 11:39:13.018000 UTC,2026-08-28 08:15:13.099000 UTC,2026-08-28 11:55:13.099000 UTC
HS-152228,SHP-050384,completed,,,,sea,fcl,EU Exp,CFR,,,2,2026-07-28,,,2026-07-15 08:51:39.477000 UTC,2026-08-31 08:04:11.767000 UTC,2026-08-31 09:24:11.767000 UTC
HS-218467,SHP-030664,completed,,,,rail,lcl,EU Imp,EXW,,13.5148,,2026-07-12,,TRUE,2026-07-13 13:58:19.775000 UTC,2026-08-25 13:23:27.298000 UTC,2026-08-25 15:44:27.298000 UTC
HS-153685,SHP-131088,completed,,,,sea,fcl,EU Exp,CIF,,,2,2026-08-04,,,2026-07-09 09:43:55.073000 UTC,2026-08-20 19:08:54.693000 UTC,2026-08-20 22:50:54.693000 UTC
HS-145016,SHP-174584,active,,CREF-144758,,sea,lcl,EU Imp,FOB,,7.2296,,2026-07-20,,TRUE,2026-06-09 06:28:24.101000 UTC,2026-09-18 09:08:52.672000 UTC,2026-09-18 12:52:52.672000 UTC
HS-117841,SHP-021291,completed,,CREF-125626,,rail,lcl,EU Imp,FCA_T,,2.775,,2026-06-20,,TRUE,2026-06-04 11:25:51.185000 UTC,2026-07-31 11:34:03.691000 UTC,2026-07-31 12:20:03.691000 UTC
HS-083271,SHP-223941,completed,,CREF-116204,,rail,lcl,EU Imp,FOB,,13.4417,,2026-07-08,,TRUE,2026-06-03 10:47:54.418000 UTC,2026-08-28 11:54:54.824000 UTC,2026-08-28 12:05:54.824000 UTC
HS-014080,SHP-121376,canceled,BKG-005683,CREF-094466,carrierConfirmed,sea,fcl,EU Imp,FOB,,,2,2026-07-06,2026-06-24 07:43:54.706000 UTC,TRUE,2026-05-22 11:56:22.108000 UTC,2026-06-24 07:43:58.304000 UTC,2026-06-24 09:03:58.304000 UTC
HS-163908,SHP-130840,canceled,,,,rail,lcl,CrossT,EXW,,0.079,,2026-05-22,2026-05-08 08:05:07.659000 UTC,TRUE,2026-05-06 13:58:48.774000 UTC,2026-05-12 08:45:06.028000 UTC,2026-05-12 10:44:06.028000 UTC
HS-219821,SHP-097435,completed,,CREF-129599,,sea,lcl,EU Imp,FOB,,12.2447,,2026-05-18,,TRUE,2026-04-22 13:59:49.314000 UTC,2026-08-06 12:34:07.386000 UTC,2026-08-06 12:53:07.386000 UTC
HS-024915,SHP-080782,completed,,CREF-071651,,rail,lcl,EU Imp,FOB,,2.0069,,2026-04-04,,TRUE,2026-04-07 09:19:39.976000 UTC,2026-06-12 07:01:20.571000 UTC,2026-06-12 10:14:20.571000 UTC
HS-083173,SHP-172541,completed,,,,air,lcl,EU Exp,FOB,665.5,,,2026-03-17,,TRUE,2026-03-16 14:16:54.038000 UTC,2026-04-23 06:47:43.787000 UTC,2026-04-23 09:40:43.787000 UTC
HS-066248,SHP-103336,completed,,CREF-059656,,sea,fcl,EU Exp,CPT,,,2,2026-04-14,,TRUE,2026-03-12 14:39:54.660000 UTC,2026-05-04 06:40:38.534000 UTC,2026-05-04 07:40:38.534000 UTC
HS-124988,SHP-046158,completed,,,,air,lcl,EU Imp,EXW,683,,,2026-03-07,,TRUE,2026-03-02 14:12:05.253000 UTC,2026-04-01 14:22:18.634000 UTC,2026-04-01 17:57:18.634000 UTC
HS-008454,SHP-026193,completed,,,,air,lcl,EU Imp,EXW,745.14,,,2026-02-27,,TRUE,2026-02-25 07:20:03.899000 UTC,2026-04-09 12:50:39.522000 UTC,2026-04-09 15:52:39.522000 UTC
HS-045395,SHP-208106,completed,,CREF-115669,,sea,fcl,EU Imp,CIF,,,2,2026-02-11,,TRUE,2026-02-10 08:02:33.229000 UTC,2026-02-27 06:12:08.049000 UTC,2026-02-27 07:57:08.049000 UTC
HS-128233,SHP-081168,completed,,CREF-138154,,sea,lcl,EU Imp,EXW,,6.8,,2026-02-23,,TRUE,2026-02-02 11:21:24.836000 UTC,2026-04-30 07:33:23.542000 UTC,2026-04-30 10:46:23.542000 UTC
HS-140011,SHP-107813,completed,,CREF-070366,,rail,lcl,EU Imp,EXW,,10.3046,,2026-01-31,,TRUE,2026-01-30 09:50:00.236000 UTC,2026-05-07 15:42:02.309000 UTC,2026-05-07 18:35:02.309000 UTC
HS-048010,SHP-096240,completed,,CREF-074001,,sea,lcl,EU Imp,FOB,,0.92,,2026-02-09,,TRUE,2026-01-19 14:54:25.069000 UTC,2026-04-21 05:25:58.780000 UTC,2026-04-21 08:04:58.780000 UTC
HS-012038,SHP-185493,completed,,CREF-165569,,sea,lcl,EU Imp,FOB,,12.9996,,2026-01-01,,TRUE,2025-12-15 08:26:54.620000 UTC,2026-03-04 16:09:27.786000 UTC,2026-03-04 19:58:27.786000 UTC
HS-081372,SHP-172544,active,BKG-012290,CREF-076050,carrierConfirmed,sea,fcl,EU Imp,FOB,,,2,2026-09-29,,TRUE,2026-09-15 06:49:56.296000 UTC,2026-09-18 05:59:45.631000 UTC,2026-09-18 07:33:45.631000 UTC
HS-208164,SHP-045313,active,CBR-020379-0,CREF-084773,shipment,sea,fcl,EU Imp,CIF,,,8,2026-09-25,,TRUE,2026-09-09 13:04:33.535000 UTC,2026-09-18 12:21:07.773000 UTC,2026-09-18 15:44:07.773000 UTC
HS-072525,SHP-036116,active,,,,sea,fcl,CrossT,CFR,,,8,2026-10-08,,,2026-09-04 12:33:41.633000 UTC,2026-09-09 11:31:42.544000 UTC,2026-09-09 11:49:42.544000 UTC
HS-219951,SHP-153071,active,,CREF-110658,,rail,lcl,EU Imp,FOB,,2.496,,2026-09-18,,TRUE,2026-09-01 07:16:03.468000 UTC,2026-09-09 10:13:06.050000 UTC,2026-09-09 12:27:06.050000 UTC
HS-092236,SHP-001512,active,,,,sea,fcl,EU Imp,FOB,,,2,2026-09-10,,,2026-08-26 12:27:04.424000 UTC,2026-09-18 13:00:29.420000 UTC,2026-09-18 13:07:29.420000 UTC
HS-105717,SHP-208923,canceled,CBR-028461-0,,carrierConfirmed,sea,fcl,EU Exp,CFR,,,2,2026-09-23,2026-09-14 19:06:35.591000 UTC,TRUE,2026-08-21 12:18:24.815000 UTC,2026-09-14 19:06:40.640000 UTC,2026-09-14 21:02:40.640000 UTC
HS-135241,SHP-169934,active,,,,rail,fcl,EU Imp,FCA_T,,,2,2026-08-31,,TRUE,2026-08-20 08:44:49.975000 UTC,2026-09-04 06:41:05.376000 UTC,2026-09-04 10:02:05.376000 UTC
HS-073799,SHP-033156,canceled,,,,sea,fcl,EU Imp,FOB,,,2,2026-09-19,2026-09-03 09:07:28.562000 UTC,,2026-08-17 13:47:18.135000 UTC,2026-09-03 09:07:52.775000 UTC,2026-09-03 10:33:52.775000 UTC
HS-099206,SHP-214169,completed,,,,sea,fcl,EU Exp,CFR,,,2,2026-09-07,,,2026-08-10 13:37:23.219000 UTC,2026-09-18 14:11:56.846000 UTC,2026-09-18 16:33:56.846000 UTC
HS-142026,SHP-071050,active,,,,sea,fcl,EU Exp,CFR,,,14,2026-08-23,,,2026-07-31 10:37:03.753000 UTC,2026-09-18 14:07:06.705000 UTC,2026-09-18 16:31:06.705000 UTC
HS-196927,SHP-055754,canceled,CBR-013976-0,CREF-148039,shipment,sea,fcl,EU Exp,CFR,,,2,2026-08-04,2026-07-31 08:14:33.762000 UTC,TRUE,2026-07-30 07:07:54.518000 UTC,2026-07-31 08:14:37.813000 UTC,2026-07-31 09:05:37.813000 UTC
HS-179076,SHP-119594,active,BKG-029242,CREF-106275,carrierConfirmed,sea,fcl,EU Imp,FOB,,,1,2026-07-29,,TRUE,2026-07-22 12:32:28.646000 UTC,2026-08-25 18:00:28.569000 UTC,2026-08-25 20:00:28.569000 UTC
HS-072197,SHP-220784,completed,CBR-028093-0,CREF-041636,carrierConfirmed,sea,fcl,EU Exp,CFR,,,10,2026-08-02,,TRUE,2026-07-17 07:52:23.034000 UTC,2026-09-18 14:06:47.068000 UTC,2026-09-18 17:56:47.068000 UTC
HS-090825,SHP-048816,canceled,,CREF-003643,,sea,fcl,EU Exp,FCA_LW,,,4,2026-09-07,2026-08-21 08:18:28.555000 UTC,TRUE,2026-07-06 14:57:38.908000 UTC,2026-08-21 08:18:29.632000 UTC,2026-08-21 09:46:29.632000 UTC
HS-087390,SHP-058060,active,,CREF-092831,,sea,lcl,EU Imp,FOB,,3.833,,2026-07-27,,TRUE,2026-07-02 07:52:47.351000 UTC,2026-09-18 13:10:55.065000 UTC,2026-09-18 14:06:55.065000 UTC
HS-095945,SHP-155803,canceled,BKG-006353,,carrierContacted,sea,fcl,EU Imp,FOB,,,2,2026-07-17,2026-07-02 13:16:04.505000 UTC,FALSE,2026-07-01 06:51:00.097000 UTC,2026-07-02 13:16:16.161000 UTC,2026-07-02 16:51:16.161000 UTC
HS-075222,SHP-016934,active,BKG-000025,CREF-082908,carrierConfirmed,sea,fcl,EU Imp,FOB,,,2,2026-08-01,,TRUE,2026-06-28 01:11:12.396000 UTC,2026-09-17 07:16:17.747000 UTC,2026-09-17 10:06:17.747000 UTC
HS-003713,SHP-142352,canceled,BKG-014565,,authorized,sea,fcl,EU Imp,FOB,,,2,2026-07-22,2026-07-21 12:04:50.265000 UTC,FALSE,2026-06-25 13:52:49.421000 UTC,2026-07-21 12:04:54.950000 UTC,2026-07-21 12:55:54.950000 UTC
HS-212315,SHP-078645,completed,,CREF-040473,,sea,lcl,EU Imp,FOB,,11.928,,2026-07-28,,TRUE,2026-06-25 11:06:52.214000 UTC,2026-09-18 08:00:24.375000 UTC,2026-09-18 10:57:24.375000 UTC
HS-146648,SHP-049393,completed,,CREF-131238,,rail,lcl,EU Imp,FOB,,1.62,,2026-06-17,,TRUE,2026-05-29 12:18:20.106000 UTC,2026-08-05 12:06:43.583000 UTC,2026-08-05 13:46:43.583000 UTC
HS-175861,SHP-033042,completed,,,,sea,fcl,EU Exp,EXW,,,2,2026-05-27,,,2026-05-20 13:01:02.674000 UTC,2026-07-02 07:52:36.643000 UTC,2026-07-02 10:05:36.643000 UTC
HS-165844,SHP-040139,completed,,CREF-078651,,sea,lcl,EU Imp,FOB,,14.9997,,2026-06-09,,TRUE,2026-05-12 06:18:09.507000 UTC,2026-08-12 14:28:12.704000 UTC,2026-08-12 17:35:12.704000 UTC
HS-039979,SHP-158655,completed,BKG-008466,CREF-053480,carrierConfirmed,sea,fcl,EU Imp,FOB,,,1,2026-05-31,,TRUE,2026-05-08 05:44:25.250000 UTC,2026-07-24 08:04:23.806000 UTC,2026-07-24 10:08:23.806000 UTC
HS-008028,SHP-075335,completed,,,,air,lcl,EU Imp,EXW,1269.23,,,2026-04-28,,TRUE,2026-04-24 08:18:02.484000 UTC,2026-06-03 10:10:28.089000 UTC,2026-06-03 11:07:28.089000 UTC
HS-138239,SHP-034546,completed,,,,air,lcl,EU Imp,EXW,159.98,,,2026-05-01,,TRUE,2026-04-22 06:40:33.214000 UTC,2026-06-22 08:29:05.556000 UTC,2026-06-22 12:11:05.556000 UTC
HS-174929,SHP-214234,completed,BKG-021854,CREF-102599,shipmentCreated,sea,fcl,EU Imp,CIF,,,2,2026-03-23,,TRUE,2026-03-23 13:37:21.172000 UTC,2026-06-12 14:02:40.464000 UTC,2026-06-12 15:31:40.464000 UTC
HS-223260,SHP-030251,completed,,CREF-113886,,sea,lcl,EU Imp,FOB,,1.1856,,2026-04-03,,TRUE,2026-03-23 12:55:16.391000 UTC,2026-06-10 07:34:44.790000 UTC,2026-06-10 10:26:44.790000 UTC
HS-154087,SHP-002102,completed,BKG-004729,CREF-008827,carrierConfirmed,sea,fcl,EU Imp,FOB,,,4,2026-04-26,,TRUE,2026-03-23 07:22:37.553000 UTC,2026-07-06 08:47:57.211000 UTC,2026-07-06 09:55:57.211000 UTC
HS-197618,SHP-097439,completed,,CREF-088032,,sea,lcl,EU Imp,FOB,,26.0003,,2026-03-21,,TRUE,2026-03-11 07:25:21.870000 UTC,2026-07-13 11:33:09.947000 UTC,2026-07-13 13:04:09.947000 UTC
HS-020634,SHP-139462,completed,,CREF-008191,,rail,lcl,EU Imp,FOB,,8.03,,2026-03-28,,TRUE,2026-03-10 08:58:50.413000 UTC,2026-06-09 09:03:23.902000 UTC,2026-06-09 11:17:23.902000 UTC
HS-057045,SHP-013923,completed,CBR-025862-0,CREF-030741,shipment,sea,fcl,EU Exp,CIF,,,1,2026-04-01,,TRUE,2026-03-06 15:26:57.308000 UTC,2026-04-27 06:08:05.180000 UTC,2026-04-27 09:20:05.180000 UTC
HS-170165,SHP-169292,completed,,,,air,lcl,EU Imp,FOB,2356,,,2026-04-07,,TRUE,2026-02-27 11:12:42.446000 UTC,2026-04-15 07:28:14.703000 UTC,2026-04-15 10:57:14.703000 UTC
HS-123936,SHP-047407,completed,,CREF-028427,,sea,fcl,EU Imp,CFR,,,2,2026-02-03,,TRUE,2026-01-30 13:16:28.275000 UTC,2026-02-27 07:48:46.767000 UTC,2026-02-27 08:22:46.767000 UTC
HS-206489,SHP-089193,completed,BKG-006711,CREF-098561,carrierConfirmed,sea,fcl,EU Imp,FOB,,,2,2026-01-17,,TRUE,2025-12-24 09:57:40.637000 UTC,2026-03-17 15:25:25.470000 UTC,2026-03-17 15:39:25.470000 UTC
HS-057081,SHP-001999,completed,,CREF-065929,,sea,lcl,EU Imp,FOB,,11.2,,2026-01-23,,TRUE,2025-12-23 15:34:41.582000 UTC,2026-04-28 02:45:42.253000 UTC,2026-04-28 05:25:42.253000 UTC
HS-020342,SHP-068719,completed,CBR-009601-0,CREF-153301,shipment,sea,fcl,EU Exp,EXW,,,1,2026-02-09,,TRUE,2025-12-11 15:59:14.942000 UTC,2026-03-12 12:36:40.560000 UTC,2026-03-12 16:03:40.560000 UTC
HS-040867,SHP-187815,active,,,,sea,fcl,EU Imp,FOB,,,4,2026-09-28,,,2026-09-09 08:37:53.478000 UTC,2026-09-16 01:03:35.705000 UTC,2026-09-16 01:58:35.705000 UTC
HS-173826,SHP-062965,active,,,,sea,fcl,EU Exp,CFR,,,10,2026-09-11,,,2026-08-26 11:55:10.359000 UTC,2026-09-16 09:00:34.197000 UTC,2026-09-16 09:44:34.197000 UTC
HS-174903,SHP-167276,active,,CREF-059096,,rail,lcl,EU Imp,EXW,,3.12,,2026-09-05,,TRUE,2026-08-26 04:44:48.866000 UTC,2026-09-15 15:29:03.100000 UTC,2026-09-15 19:06:03.100000 UTC
HS-214234,SHP-074217,active,BKG-008842,CREF-080486,carrierConfirmed,sea,fcl,EU Imp,FOB,,,2,2026-09-08,,TRUE,2026-08-21 15:32:26.615000 UTC,2026-09-10 13:00:11.130000 UTC,2026-09-10 16:26:11.130000 UTC
HS-178836,SHP-156745,active,,CREF-046662,,sea,lcl,EU Imp,FOB,,3.6998,,2026-09-06,,TRUE,2026-08-18 09:07:57.202000 UTC,2026-09-07 12:49:34.526000 UTC,2026-09-07 16:31:34.526000 UTC
HS-109196,SHP-136713,active,,,,sea,fcl,EU Exp,CFR,,,20,2026-09-24,,,2026-08-13 08:01:16.851000 UTC,2026-09-14 09:59:33.233000 UTC,2026-09-14 13:26:33.233000 UTC
HS-085884,SHP-062175,active,CBR-005997-0,CREF-125151,carrierConfirmed,sea,fcl,EU Imp,FOB,,,2,2026-09-07,,TRUE,2026-08-13 07:17:11.273000 UTC,2026-09-18 13:00:15.268000 UTC,2026-09-18 13:51:15.268000 UTC
HS-001893,SHP-191973,active,,,,sea,fcl,EU Exp,CFR,,,4,2026-08-28,,,2026-08-04 08:44:38.616000 UTC,2026-09-04 09:49:26.958000 UTC,2026-09-04 10:08:26.958000 UTC
HS-113999,SHP-014648,active,,,,sea,fcl,EU Imp,FOB,,,2,2026-08-30,,,2026-07-31 10:29:22.350000 UTC,2026-09-12 19:00:47.825000 UTC,2026-09-12 21:27:47.825000 UTC
HS-155610,SHP-177014,active,,,,sea,fcl,EU Imp,FOB,,,6,2026-08-23,,,2026-07-30 06:45:50.799000 UTC,2026-09-14 04:00:21.381000 UTC,2026-09-14 06:23:21.381000 UTC
HS-065990,SHP-099142,completed,,,,air,lcl,EU Imp,EXW,1216.13,,,2026-08-05,,TRUE,2026-07-28 13:45:53.798000 UTC,2026-09-16 10:04:20.973000 UTC,2026-09-16 10:59:20.973000 UTC
HS-055811,SHP-199205,completed,CBR-007911-0,CREF-061201,shipment,sea,fcl,EU Imp,CIF,,,2,2026-07-31,,TRUE,2026-07-07 11:10:55.319000 UTC,2026-08-07 17:36:35.040000 UTC,2026-08-07 21:13:35.040000 UTC
HS-088956,SHP-145448,active,,,,sea,fcl,EU Exp,CIF,,,8,2026-07-30,,,2026-07-07 08:28:46.059000 UTC,2026-09-18 07:00:18.304000 UTC,2026-09-18 07:05:18.304000 UTC
HS-201212,SHP-066050,canceled,BKG-030828,,authorized,sea,fcl,EU Imp,FOB,,,1,2026-07-13,2026-07-06 13:11:21.322000 UTC,FALSE,2026-07-06 13:10:42.180000 UTC,2026-07-14 11:46:25.113000 UTC,2026-07-14 13:31:25.113000 UTC
HS-132958,SHP-057848,canceled,,,,air,lcl,EU Imp,FOB,291.35,,,2026-06-19,2026-06-12 12:05:22.638000 UTC,TRUE,2026-06-11 14:16:00.445000 UTC,2026-06-12 12:05:22.992000 UTC,2026-06-12 14:01:22.992000 UTC
HS-211139,SHP-011723,completed,,,,sea,fcl,EU Exp,FCA_LW,,,1,2026-06-24,,,2026-06-04 08:26:37.126000 UTC,2026-09-02 10:05:37.215000 UTC,2026-09-02 11:32:37.215000 UTC
HS-188535,SHP-116750,completed,BKG-006886,CREF-134801,carrierConfirmed,sea,fcl,EU Imp,FOB,,,4,2026-06-16,,TRUE,2026-06-03 07:28:38.445000 UTC,2026-09-17 13:56:28.371000 UTC,2026-09-17 17:34:28.371000 UTC
HS-136666,SHP-011536,active,,,,sea,fcl,EU Exp,CFR,,,2,2026-06-22,,,2026-05-29 13:03:35.367000 UTC,2026-09-17 21:25:32.466000 UTC,2026-09-17 21:58:32.466000 UTC
HS-059682,SHP-064923,completed,,,,air,lcl,EU Imp,EXW,282.13,,,2026-05-13,,TRUE,2026-05-08 06:57:47.125000 UTC,2026-06-03 11:10:14.994000 UTC,2026-06-03 14:39:14.994000 UTC
HS-042814,SHP-152564,active,BKG-027028,CREF-020403,carrierConfirmed,sea,fcl,EU Imp,FOB,,,1,2026-06-15,,TRUE,2026-05-07 08:30:12.188000 UTC,2026-08-13 18:12:40.652000 UTC,2026-08-13 18:35:40.652000 UTC
HS-120264,SHP-029643,completed,,,,air,lcl,EU Exp,EXW,651,,,2026-05-01,,TRUE,2026-04-27 12:49:39.078000 UTC,2026-05-19 09:22:32.318000 UTC,2026-05-19 11:07:32.318000 UTC
HS-079465,SHP-115418,completed,BKG-024634,CREF-111081,carrierConfirmed,sea,fcl,EU Imp,FOB,,,2,2026-04-30,,TRUE,2026-04-16 09:38:55.643000 UTC,2026-06-18 04:46:01.803000 UTC,2026-06-18 07:42:01.803000 UTC
HS-023950,SHP-042020,completed,,CREF-087204,,sea,lcl,EU Imp,FOB,,17.5202,,2026-05-01,,TRUE,2026-04-14 09:52:23.163000 UTC,2026-07-10 13:37:25.297000 UTC,2026-07-10 16:41:25.297000 UTC
HS-215942,SHP-055934,completed,BKG-013549,CREF-066934,carrierConfirmed,sea,fcl,EU Imp,FOB,,,2,2026-04-03,,TRUE,2026-03-24 13:58:05.977000 UTC,2026-06-08 14:56:09.433000 UTC,2026-06-08 15:42:09.433000 UTC
HS-148422,SHP-218455,completed,,CREF-042058,,sea,lcl,EU Imp,FOB,,4.4698,,2026-04-01,,TRUE,2026-03-17 09:40:01.792000 UTC,2026-06-04 13:38:30.161000 UTC,2026-06-04 15:25:30.161000 UTC
HS-094229,SHP-031159,completed,,,,air,lcl,EU Exp,CPT,1134,,,2026-03-21,,TRUE,2026-03-13 13:36:52.559000 UTC,2026-04-21 10:26:34.199000 UTC,2026-04-21 13:19:34.199000 UTC
HS-164748,SHP-080812,completed,,CREF-091154,,sea,lcl,EU Imp,FOB,,2.3907,,2026-02-27,,TRUE,2026-02-11 08:08:55.598000 UTC,2026-04-28 11:58:25.631000 UTC,2026-04-28 12:49:25.631000 UTC
HS-098101,SHP-060794,completed,,CREF-053049,,sea,lcl,EU Imp,FOB,,8.61,,2026-02-15,,TRUE,2026-02-06 09:56:47.296000 UTC,2026-04-23 09:18:44.822000 UTC,2026-04-23 11:39:44.822000 UTC
HS-063727,SHP-009214,canceled,,CREF-151571,,sea,lcl,EU Imp,EXW,,1.1555,,2026-02-22,2026-02-09 06:53:26.658000 UTC,TRUE,2026-01-21 07:04:39.919000 UTC,2026-02-09 06:53:26.947000 UTC,2026-02-09 09:11:26.947000 UTC
HS-195853,SHP-213097,completed,,CREF-106011,,rail,lcl,EU Imp,FOB,,0.85,,2026-02-11,,TRUE,2026-01-13 06:21:59.400000 UTC,2026-03-18 12:19:58.931000 UTC,2026-03-18 15:51:58.931000 UTC
HS-093470,SHP-056051,completed,,,,air,lcl,EU Imp,EXW,148,,,2026-01-12,,TRUE,2026-01-06 15:51:08.513000 UTC,2026-01-23 11:20:39.678000 UTC,2026-01-23 15:02:39.678000 UTC
HS-087950,SHP-094139,completed,,CREF-125329,,sea,fcl,EU Imp,DAP,,,4,2026-01-17,,TRUE,2025-11-21 08:41:40.634000 UTC,2026-02-13 14:55:22.509000 UTC,2026-02-13 18:10:22.509000 UTC
HS-020115,SHP-128948,active,,,,air,lcl,EU Imp,EXW,1140.48,,,2026-09-18,,TRUE,2026-09-14 03:25:58.818000 UTC,2026-09-18 06:45:54.449000 UTC,2026-09-18 08:40:54.449000 UTC
HS-116501,SHP-076808,active,,,,sea,fcl,EU Exp,CFR,,,2,2026-09-27,,,2026-09-07 18:34:47.827000 UTC,2026-09-18 08:54:33.259000 UTC,2026-09-18 09:10:33.259000 UTC
HS-152686,SHP-027999,active,CBR-023498-0,CREF-048583,shipment,sea,fcl,EU Imp,CFR,,,2,2026-10-13,,TRUE,2026-09-04 14:19:04.190000 UTC,2026-09-06 15:00:25.343000 UTC,2026-09-06 18:45:25.343000 UTC
HS-116410,SHP-146420,active,,,,sea,fcl,EU Imp,FOB,,,1,2026-09-17,,,2026-08-21 06:56:25.399000 UTC,2026-09-17 22:23:41.050000 UTC,2026-09-18 01:28:41.050000 UTC
HS-009558,SHP-220896,completed,,,,air,lcl,EU Imp,CPT,1074.65,,,2026-08-16,,TRUE,2026-08-18 14:02:09.448000 UTC,2026-08-28 09:04:40.011000 UTC,2026-08-28 11:38:40.011000 UTC
HS-070413,SHP-153741,active,,,,sea,fcl,EU Exp,FCA_LW,,,4,2026-08-27,,,2026-08-11 10:08:37.059000 UTC,2026-08-31 08:20:45.598000 UTC,2026-08-31 09:42:45.598000 UTC
HS-077300,SHP-177906,canceled,CBR-008038-0,CREF-070838,shipment,sea,fcl,EU Imp,CIF,,,2,2026-08-26,2026-08-19 08:17:00.676000 UTC,TRUE,2026-08-10 09:47:23.210000 UTC,2026-08-19 08:17:03.109000 UTC,2026-08-19 11:59:03.109000 UTC
HS-029927,SHP-036372,active,,,,sea,fcl,EU Imp,FOB,,,4,2026-08-23,,,2026-08-03 14:00:19.783000 UTC,2026-09-14 03:00:16.878000 UTC,2026-09-14 03:29:16.878000 UTC
HS-166996,SHP-160609,completed,,,,sea,fcl,EU Exp,CFR,,,2,2026-08-12,,,2026-07-24 10:09:49.061000 UTC,2026-09-07 06:15:29.231000 UTC,2026-09-07 09:13:29.231000 UTC
HS-046212,SHP-125120,active,,,,sea,fcl,EU Exp,FCA_T,,,4,2026-08-18,,,2026-07-22 06:29:08.324000 UTC,2026-09-18 14:10:43.647000 UTC,2026-09-18 16:05:43.647000 UTC
HS-054487,SHP-131989,active,,,,sea,fcl,EU Imp,FOB,,,2,2026-08-26,,,2026-07-14 15:37:15.436000 UTC,2026-09-14 14:00:13.360000 UTC,2026-09-14 16:44:13.360000 UTC
HS-206762,SHP-042352,canceled,,,,sea,fcl,EU Imp,FOB,,,2,2026-08-15,2026-08-05 14:27:46.897000 UTC,,2026-07-13 08:02:23.200000 UTC,2026-08-05 14:27:50.911000 UTC,2026-08-05 17:40:50.911000 UTC
HS-120261,SHP-001988,active,BKG-025413,CREF-015150,carrierConfirmed,sea,fcl,EU Imp,FOB,,,2,2026-08-08,,TRUE,2026-07-09 10:00:31.648000 UTC,2026-09-17 10:45:19.711000 UTC,2026-09-17 13:40:19.711000 UTC
HS-212383,SHP-182635,active,BKG-024409,CREF-066510,carrierConfirmed,sea,fcl,EU Imp,FOB,,,2,2026-07-28,,TRUE,2026-07-08 14:01:20.272000 UTC,2026-08-25 17:00:11.474000 UTC,2026-08-25 20:01:11.474000 UTC
HS-109240,SHP-175176,completed,,,,sea,fcl,EU Imp,FOB,,,1,2026-07-20,,,2026-07-07 07:41:07.261000 UTC,2026-09-11 06:43:48.207000 UTC,2026-09-11 10:08:48.207000 UTC
HS-011198,SHP-208621,canceled,,,,sea,fcl,EU Exp,EXW,,,1,2026-06-23,2026-07-02 08:06:15.715000 UTC,,2026-06-16 09:51:17.386000 UTC,2026-07-02 08:06:20.747000 UTC,2026-07-02 11:31:20.747000 UTC
HS-060455,SHP-172581,completed,,CREF-037961,,sea,lcl,EU Imp,FOB,,0.2,,2026-07-06,,TRUE,2026-06-16 06:33:34.714000 UTC,2026-09-03 14:06:28.816000 UTC,2026-09-03 17:56:28.816000 UTC
HS-108814,SHP-058937,completed,,,,air,lcl,EU Exp,EXW,94,,,2026-06-11,,TRUE,2026-06-09 12:32:56.976000 UTC,2026-07-15 06:49:29.470000 UTC,2026-07-15 08:49:29.470000 UTC
HS-080341,SHP-141239,completed,,,,sea,fcl,EU Exp,CFR,,,1,2026-06-28,,,2026-06-05 10:45:15.499000 UTC,2026-08-17 09:05:18.322000 UTC,2026-08-17 11:04:18.322000 UTC
HS-091182,SHP-164761,completed,,CREF-070559,,sea,lcl,EU Imp,FOB,,4.7203,,2026-06-23,,TRUE,2026-06-02 10:43:21.691000 UTC,2026-08-26 11:02:43.220000 UTC,2026-08-26 11:20:43.220000 UTC
HS-190908,SHP-129580,completed,CBR-011047-0,CREF-090395,carrierConfirmed,sea,fcl,EU Exp,CFR,,,1,2026-06-09,,TRUE,2026-05-07 12:49:31.488000 UTC,2026-09-08 06:50:15.705000 UTC,2026-09-08 10:13:15.705000 UTC
HS-077952,SHP-046640,completed,CBR-025913-0,CREF-156503,carrierConfirmed,sea,fcl,EU Imp,FOB,,,2,2026-05-15,,TRUE,2026-04-29 01:48:59.374000 UTC,2026-07-14 11:35:21.907000 UTC,2026-07-14 13:52:21.907000 UTC
HS-079925,SHP-194799,completed,,CREF-129244,,sea,fcl,EU Exp,FCA_LW,,,8,2026-05-31,,TRUE,2026-04-17 07:50:02.469000 UTC,2026-07-01 10:00:55.496000 UTC,2026-07-01 13:03:55.496000 UTC
HS-031458,SHP-179586,completed,,,,air,lcl,EU Imp,EXW,67,,,2026-04-21,,TRUE,2026-04-13 08:54:34.365000 UTC,2026-04-30 10:50:16.914000 UTC,2026-04-30 11:11:16.914000 UTC
HS-026029,SHP-182023,completed,,CREF-076659,,rail,lcl,EU Imp,FOB,,21.0595,,2026-04-05,,TRUE,2026-03-24 11:17:52.978000 UTC,2026-05-28 15:26:57.608000 UTC,2026-05-28 18:46:57.608000 UTC
HS-159639,SHP-200345,completed,,CREF-108331,,rail,lcl,CrossT,EXW,,0.0705,,2026-04-02,,TRUE,2026-03-19 09:20:45.287000 UTC,2026-05-04 16:22:58.246000 UTC,2026-05-04 20:20:58.246000 UTC
HS-148123,SHP-073453,completed,,CREF-029473,,sea,fcl,EU Imp,CFR,,,2,2026-05-03,,TRUE,2026-03-17 08:36:06.942000 UTC,2026-05-06 12:27:20.695000 UTC,2026-05-06 15:34:20.695000 UTC
HS-130357,SHP-212650,completed,,,,rail,fcl,EU Imp,CFR,,,2,2026-03-01,,TRUE,2026-03-09 11:57:19.847000 UTC,2026-04-10 09:04:46.767000 UTC,2026-04-10 12:39:46.767000 UTC
HS-005295,SHP-073650,completed,,CREF-122246,,sea,fcl,EU Imp,FOB,,,1,2026-03-17,,TRUE,2026-02-24 14:37:49.807000 UTC,2026-08-05 07:25:54.218000 UTC,2026-08-05 07:39:54.218000 UTC
HS-009386,SHP-053271,completed,,CREF-112908,,sea,lcl,EU Imp,FOB,,3.4998,,2026-02-22,,TRUE,2026-02-05 13:16:04.916000 UTC,2026-04-23 14:56:10.325000 UTC,2026-04-23 18:02:10.325000 UTC
HS-190241,SHP-159688,completed,,,,air,lcl,EU Imp,EXW,669,,,2026-01-31,,TRUE,2026-01-26 14:15:51.051000 UTC,2026-03-03 14:47:25.989000 UTC,2026-03-03 15:20:25.989000 UTC
HS-024430,SHP-023928,completed,,CREF-119279,,sea,lcl,EU Imp,FOB,,26.1896,,2026-02-14,,TRUE,2026-01-15 12:29:33.704000 UTC,2026-07-16 14:34:54.556000 UTC,2026-07-16 15:44:54.556000 UTC
HS-047554,SHP-123347,completed,,,,air,lcl,EU Imp,FOB,3567.98,,,2026-01-19,,TRUE,2026-01-15 08:54:44.178000 UTC,2026-03-18 11:19:12.580000 UTC,2026-03-18 14:27:12.580000 UTC
HS-055835,SHP-190116,completed,,CREF-019671,,sea,fcl,EU Imp,CFR,,,2,2026-01-14,,TRUE,2026-01-15 07:05:20.121000 UTC,2026-01-30 12:16:32.457000 UTC,2026-01-30 13:50:32.457000 UTC
HS-174255,SHP-131005,completed,,,,air,lcl,EU Imp,FOB,949,,,2026-01-17,,TRUE,2025-12-11 09:08:48.669000 UTC,2026-03-13 11:34:30.801000 UTC,2026-03-13 14:41:30.801000 UTC
HS-152674,SHP-074957,active,,,,air,lcl,EU Imp,EXW,290.3,,,2026-09-22,,TRUE,2026-09-17 02:09:34.287000 UTC,2026-09-18 07:51:19.740000 UTC,2026-09-18 11:21:19.740000 UTC
HS-061618,SHP-020914,active,,,,sea,fcl,EU Imp,FOB,,,4,2026-09-23,,,2026-09-11 09:24:23.367000 UTC,2026-09-14 12:03:15.959000 UTC,2026-09-14 15:56:15.959000 UTC
HS-157933,SHP-117900,active,,,,sea,fcl,EU Imp,FOB,,,1,2026-09-26,,,2026-09-11 07:18:33.661000 UTC,2026-09-14 07:20:47.764000 UTC,2026-09-14 10:38:47.764000 UTC
HS-034825,SHP-178598,active,,,,sea,fcl,EU Exp,CIF,,,2,2026-09-25,,,2026-09-10 11:38:39.639000 UTC,2026-09-11 09:19:49.813000 UTC,2026-09-11 12:27:49.813000 UTC
HS-082088,SHP-188875,active,,,,sea,fcl,EU Exp,CFR,,,4,2026-09-27,,,2026-09-03 08:19:57.057000 UTC,2026-09-18 14:06:33.487000 UTC,2026-09-18 16:32:33.487000 UTC
HS-145642,SHP-211793,active,,CREF-020414,,sea,lcl,EU Imp,EXW,,7.392,,2026-09-17,,TRUE,2026-08-26 08:29:39.686000 UTC,2026-09-16 08:05:25.293000 UTC,2026-09-16 08:16:25.293000 UTC
HS-136512,SHP-114222,active,,,,sea,fcl,EU Imp,FOB,,,1,2026-08-30,,,2026-08-21 09:02:52.842000 UTC,2026-09-17 17:00:34.075000 UTC,2026-09-17 19:07:34.075000 UTC
HS-105927,SHP-008330,active,,CREF-118793,,rail,lcl,EU Imp,DAP,,12.973,,2026-08-26,,TRUE,2026-08-20 11:04:51.442000 UTC,2026-09-18 07:35:11.610000 UTC,2026-09-18 09:35:11.610000 UTC
HS-155625,SHP-177173,active,,,,sea,fcl,EU Imp,FOB,,,4,2026-09-18,,,2026-08-19 07:24:27.168000 UTC,2026-09-17 20:51:54.829000 UTC,2026-09-18 00:39:54.829000 UTC
HS-205965,SHP-110883,active,,,,sea,lcl,EU Imp,EXW,,1.3,,2026-10-04,,TRUE,2026-08-12 16:40:27.422000 UTC,2026-09-18 06:33:53.634000 UTC,2026-09-18 09:09:53.634000 UTC
HS-130491,SHP-162827,active,,,,sea,fcl,EU Imp,FOB,,,1,2026-09-02,,,2026-08-10 11:19:19.640000 UTC,2026-09-10 13:00:12.948000 UTC,2026-09-10 13:45:12.948000 UTC
HS-147132,SHP-007189,completed,CBR-014973-0,CREF-127967,shipment,sea,fcl,EU Imp,CIF,,,8,2026-08-07,,TRUE,2026-08-10 09:56:52.361000 UTC,2026-08-24 13:18:00.462000 UTC,2026-08-24 14:43:00.462000 UTC
HS-077738,SHP-137757,canceled,CBR-029657-0,CREF-017355,carrierConfirmed,sea,fcl,EU Imp,FOB,,,2,2026-09-05,2026-09-01 05:35:31.104000 UTC,TRUE,2026-08-07 07:03:24.690000 UTC,2026-09-01 08:52:54.290000 UTC,2026-09-01 09:42:54.290000 UTC
HS-224180,SHP-032913,active,,,,sea,fcl,EU Imp,FOB,,,2,2026-09-24,,,2026-08-06 08:22:05.665000 UTC,2026-08-29 09:00:09.784000 UTC,2026-08-29 09:06:09.784000 UTC
HS-120310,SHP-034194,active,,,,sea,fcl,EU Imp,FOB,,,1,2026-09-12,,,2026-08-05 05:58:12.506000 UTC,2026-09-18 08:52:44.807000 UTC,2026-09-18 10:28:44.807000 UTC
HS-169974,SHP-129861,active,,CREF-109766,,rail,lcl,EU Imp,FCA_T,,0.76,,2026-08-25,,TRUE,2026-08-03 06:51:43.513000 UTC,2026-09-18 07:59:48.749000 UTC,2026-09-18 09:01:48.749000 UTC
HS-012272,SHP-163928,active,,,,sea,fcl,EU Imp,EXW,,,4,2026-08-12,,,2026-07-30 07:52:05.417000 UTC,2026-09-17 17:00:27.258000 UTC,2026-09-17 19:45:27.258000 UTC
HS-172950,SHP-027807,completed,,,,sea,fcl,EU Exp,EXW,,,2,2026-08-11,,,2026-07-27 09:41:50.533000 UTC,2026-09-18 12:36:17.266000 UTC,2026-09-18 13:02:17.266000 UTC
HS-078865,SHP-187360,active,,,,sea,fcl,EU Imp,FOB,,,2,2026-09-23,,,2026-07-27 07:34:27.024000 UTC,2026-09-11 01:08:41.129000 UTC,2026-09-11 01:41:41.129000 UTC
HS-152826,SHP-097548,active,,CREF-114055,,sea,lcl,EU Imp,FCA_T,,2.5,,2026-08-18,,TRUE,2026-07-24 13:08:29.944000 UTC,2026-08-20 20:54:45.402000 UTC,2026-08-20 23:00:45.402000 UTC
HS-060842,SHP-035801,completed,,,,sea,fcl,EU Exp,CFR,,,2,2026-08-04,,,2026-07-23 13:11:32.682000 UTC,2026-09-07 07:06:48.432000 UTC,2026-09-07 10:09:48.432000 UTC
HS-162176,SHP-086839,active,,,,sea,fcl,EU Imp,FOB,,,2,2026-09-22,,,2026-07-23 08:00:15.219000 UTC,2026-09-17 14:56:53.356000 UTC,2026-09-17 17:46:53.356000 UTC
HS-147509,SHP-042433,completed,,CREF-117012,,rail,lcl,EU Imp,FOB,,5.21,,2026-07-31,,TRUE,2026-07-20 09:57:41.259000 UTC,2026-08-31 12:21:12.842000 UTC,2026-08-31 13:49:12.842000 UTC
HS-087914,SHP-049222,completed,,,,air,lcl,EU Exp,EXW,1137,,,2026-07-03,,TRUE,2026-06-29 12:49:25.881000 UTC,2026-08-17 06:31:08.090000 UTC,2026-08-17 08:58:08.090000 UTC
HS-110268,SHP-020505,completed,CBR-026610-0,CREF-104849,shipment,sea,fcl,EU Imp,CIF,,,2,2026-06-27,,TRUE,2026-06-29 09:37:47.381000 UTC,2026-07-31 13:58:12.767000 UTC,2026-07-31 16:55:12.767000 UTC
HS-019838,SHP-015140,completed,,,,air,lcl,EU Imp,EXW,290,,,2026-06-30,,TRUE,2026-06-25 05:43:40.474000 UTC,2026-08-04 07:30:46.227000 UTC,2026-08-04 09:24:46.227000 UTC
HS-147599,SHP-054956,completed,,,,sea,fcl,EU Exp,CIF,,,1,2026-07-19,,,2026-06-23 07:29:08.772000 UTC,2026-08-17 09:18:58.466000 UTC,2026-08-17 11:57:58.466000 UTC
HS-109596,SHP-000916,completed,,,,air,lcl,EU Exp,DAP,468.8,,,2026-06-19,,TRUE,2026-06-16 06:32:27.105000 UTC,2026-06-30 14:16:04.777000 UTC,2026-06-30 14:32:04.777000 UTC
HS-201580,SHP-106028,active,BKG-024743,CREF-157229,carrierConfirmed,sea,fcl,EU Imp,FOB,,,5,2026-07-24,,TRUE,2026-06-12 06:02:34.498000 UTC,2026-09-15 10:40:40.802000 UTC,2026-09-15 13:04:40.802000 UTC
HS-193389,SHP-055405,completed,,,,sea,fcl,EU Exp,CFR,,,1,2026-07-03,,,2026-06-11 06:55:04.553000 UTC,2026-08-03 15:33:58.141000 UTC,2026-08-03 16:33:58.141000 UTC
HS-037971,SHP-200268,completed,,CREF-146520,,rail,lcl,EU Imp,FOB,,1.5936,,2026-06-24,,TRUE,2026-06-08 08:34:29.958000 UTC,2026-08-05 12:04:58.467000 UTC,2026-08-05 12:54:58.467000 UTC
HS-019792,SHP-111628,completed,,CREF-115570,,sea,lcl,EU Imp,FOB,,40.0001,,2026-06-26,,TRUE,2026-06-05 11:19:33.204000 UTC,2026-09-16 13:55:09.384000 UTC,2026-09-16 15:07:09.384000 UTC
HS-217798,SHP-124676,completed,,CREF-048849,,sea,lcl,EU Imp,EXW,,4.2931,,2026-06-23,,TRUE,2026-05-29 10:18:52.644000 UTC,2026-09-01 08:44:25.190000 UTC,2026-09-01 09:30:25.190000 UTC
HS-065924,SHP-038987,completed,,,,sea,fcl,EU Exp,DAP,,,2,2026-05-31,,,2026-05-27 14:34:58.115000 UTC,2026-07-08 12:06:12.950000 UTC,2026-07-08 13:03:12.950000 UTC
HS-166693,SHP-187800,completed,,,,air,lcl,EU Imp,EXW,225,,,2026-06-07,,TRUE,2026-05-27 11:24:39.099000 UTC,2026-07-30 07:37:02.072000 UTC,2026-07-30 08:11:02.072000 UTC
HS-125251,SHP-000495,canceled,BKG-029739,,authorized,sea,fcl,EU Imp,FOB,,,8,2026-06-10,2026-06-03 12:24:32.518000 UTC,FALSE,2026-05-26 08:48:33.199000 UTC,2026-06-03 12:24:46.296000 UTC,2026-06-03 12:38:46.296000 UTC
HS-218234,SHP-110487,completed,BKG-013307,CREF-121097,carrierConfirmed,sea,fcl,EU Exp,EXW,,,1,2026-05-18,,TRUE,2026-05-11 10:50:36.496000 UTC,2026-07-20 09:38:47.692000 UTC,2026-07-20 13:15:47.692000 UTC
HS-118427,SHP-184920,completed,,,,air,lcl,EU Imp,EXW,121.05,,,2026-05-19,,TRUE,2026-05-08 06:45:27.024000 UTC,2026-05-29 11:29:07.002000 UTC,2026-05-29 13:50:07.002000 UTC
HS-013806,SHP-001834,completed,,CREF-048899,,sea,fcl,EU Imp,FOB,,,5,2026-03-22,,TRUE,2026-03-12 08:33:19.758000 UTC,2026-05-15 12:05:32.707000 UTC,2026-05-15 14:52:32.707000 UTC
HS-084301,SHP-030707,completed,,CREF-123762,,sea,fcl,EU Imp,FOB,,,2,2026-03-05,,TRUE,2026-02-24 15:10:26.682000 UTC,2026-06-01 09:23:58.417000 UTC,2026-06-01 11:43:58.417000 UTC
HS-114965,SHP-143821,completed,CBR-009819-0,CREF-143655,shipment,sea,fcl,EU Exp,DAP,,,2,2026-03-08,,TRUE,2026-02-06 14:41:08.393000 UTC,2026-04-08 10:37:19.538000 UTC,2026-04-08 11:20:19.538000 UTC
HS-049050,SHP-160836,completed,,,,air,lcl,EU Imp,EXW,518,,,2026-02-24,,TRUE,2026-02-06 12:42:42.008000 UTC,2026-03-03 09:34:02.598000 UTC,2026-03-03 12:47:02.598000 UTC
HS-043840,SHP-025979,completed,,,,air,lcl,EU Imp,FOB,2723,,,2026-02-11,,TRUE,2026-02-03 10:07:21.186000 UTC,2026-04-28 14:11:37.488000 UTC,2026-04-28 14:32:37.488000 UTC
HS-187139,SHP-021447,completed,,CREF-165113,,sea,lcl,EU Imp,EXW,,14.7899,,2026-02-15,,TRUE,2026-01-29 08:08:05.800000 UTC,2026-04-13 12:33:53.128000 UTC,2026-04-13 15:27:53.128000 UTC
HS-199612,SHP-177332,completed,BKG-027343,CREF-003101,carrierConfirmed,sea,fcl,EU Imp,FOB,,,2,2026-01-27,,TRUE,2026-01-13 10:29:43.360000 UTC,2026-04-15 08:39:00.773000 UTC,2026-04-15 09:38:00.773000 UTC
HS-187786,SHP-210853,completed,,,,air,lcl,EU Imp,DAP,680,,,2026-01-13,,TRUE,2026-01-13 10:21:50.186000 UTC,2026-03-04 13:05:35.390000 UTC,2026-03-04 16:49:35.390000 UTC
HS-197831,SHP-170791,completed,,CREF-098792,,sea,lcl,EU Imp,FOB,,8.606,,2026-01-18,,TRUE,2025-12-30 13:43:47.806000 UTC,2026-03-20 08:54:17.317000 UTC,2026-03-20 09:18:17.317000 UTC
HS-088330,SHP-061835,active,CBR-006281-0,,,sea,fcl,EU Exp,EXW,,,6,2026-10-01,,TRUE,2026-09-18 08:23:29.413000 UTC,2026-09-18 08:30:57.641000 UTC,2026-09-18 11:50:57.641000 UTC
HS-028751,SHP-220021,active,,CREF-059742,,rail,lcl,EU Imp,EXW,,10.272,,2026-09-26,,TRUE,2026-09-17 07:11:08.331000 UTC,2026-09-18 06:54:29.918000 UTC,2026-09-18 10:23:29.918000 UTC
HS-108762,SHP-044248,active,BKG-001241,CREF-128101,carrierConfirmed,sea,fcl,EU Imp,FOB,,,10,2026-10-02,,TRUE,2026-09-15 09:59:50.226000 UTC,2026-09-18 09:38:35.198000 UTC,2026-09-18 10:10:35.198000 UTC
HS-031625,SHP-209160,active,,CREF-115040,,sea,lcl,EU Imp,FOB,,3.9744,,2026-09-29,,TRUE,2026-09-10 11:11:21.788000 UTC,2026-09-17 07:02:12.982000 UTC,2026-09-17 10:20:12.982000 UTC
HS-156172,SHP-128928,active,,,,sea,fcl,EU Imp,FOB,,,2,2026-09-27,,,2026-09-08 10:41:24.787000 UTC,2026-09-18 08:59:19.106000 UTC,2026-09-18 11:41:19.106000 UTC
HS-217975,SHP-110684,active,,,,sea,fcl,EU Imp,FOB,,,1,2026-10-01,,,2026-09-07 08:08:17.077000 UTC,2026-09-14 07:33:25.222000 UTC,2026-09-14 09:48:25.222000 UTC
HS-193841,SHP-016839,active,,CREF-053517,,rail,lcl,EU Imp,FOB,,5.18,,2026-08-25,,TRUE,2026-08-20 11:40:37.877000 UTC,2026-09-16 09:43:04.404000 UTC,2026-09-16 11:43:04.404000 UTC
HS-174314,SHP-224425,active,CBR-020110-0,CREF-064728,carrierConfirmed,sea,fcl,EU Imp,FOB,,,2,2026-09-01,,TRUE,2026-08-20 07:10:30.642000 UTC,2026-09-17 03:29:30.950000 UTC,2026-09-17 06:45:30.950000 UTC
HS-115625,SHP-106963,active,CBR-018998-0,CREF-003421,shipment,sea,fcl,EU Imp,CIF,,,2,2026-09-19,,TRUE,2026-08-13 04:24:10.997000 UTC,2026-09-15 09:57:21.781000 UTC,2026-09-15 10:44:21.781000 UTC
HS-070608,SHP-006182,active,,,,sea,fcl,EU Imp,FOB,,,2,2026-08-27,,,2026-08-12 09:39:18.863000 UTC,2026-09-01 21:47:49.891000 UTC,2026-09-01 22:00:49.891000 UTC
HS-220575,SHP-003103,completed,CBR-018877-0,CREF-024732,shipment,sea,fcl,EU Imp,CIF,,,2,2026-08-08,,TRUE,2026-08-11 08:01:08.078000 UTC,2026-08-20 11:12:00.491000 UTC,2026-08-20 14:39:00.491000 UTC
HS-102687,SHP-178386,active,,,,sea,fcl,EU Imp,FOB,,,1,2026-08-18,,,2026-07-23 07:46:41.151000 UTC,2026-09-13 01:00:05.808000 UTC,2026-09-13 03:58:05.808000 UTC
HS-050679,SHP-175161,active,,CREF-003288,,sea,lcl,EU Imp,FOB,,1.488,,2026-08-03,,TRUE,2026-07-15 08:12:17.917000 UTC,2026-09-18 11:46:22.712000 UTC,2026-09-18 13:42:22.712000 UTC
HS-155991,SHP-006595,active,,CREF-043636,,sea,lcl,EU Imp,FOB,,10.1103,,2026-08-19,,TRUE,2026-07-15 08:02:36.353000 UTC,2026-08-25 13:03:50.260000 UTC,2026-08-25 16:08:50.260000 UTC
HS-071617,SHP-221806,active,,,,sea,fcl,EU Imp,FOB,,,3,2026-08-23,,,2026-07-14 15:35:25.391000 UTC,2026-09-07 04:58:17.325000 UTC,2026-09-07 07:48:17.325000 UTC
HS-001784,SHP-207069,completed,,CREF-124364,,rail,lcl,EU Imp,EXW,,6.8099,,2026-07-24,,TRUE,2026-07-08 08:18:43.537000 UTC,2026-09-16 11:33:37.893000 UTC,2026-09-16 15:08:37.893000 UTC
HS-180866,SHP-109578,completed,BKG-024266,CREF-116769,carrierConfirmed,sea,fcl,EU Imp,FOB,,,2,2026-07-16,,TRUE,2026-06-18 10:33:50.941000 UTC,2026-09-11 01:05:11.202000 UTC,2026-09-11 04:00:11.202000 UTC
HS-117074,SHP-027276,completed,CBR-003108-0,CREF-133042,shipment,sea,fcl,EU Imp,CIF,,,2,2026-06-15,,TRUE,2026-06-17 08:43:05.752000 UTC,2026-06-26 19:18:36.203000 UTC,2026-06-26 19:27:36.203000 UTC
HS-127352,SHP-065316,completed,,CREF-023330,,sea,lcl,EU Imp,FOB,,4.5,,2026-07-03,,TRUE,2026-06-11 18:34:13.304000 UTC,2026-09-02 15:36:45.221000 UTC,2026-09-02 16:09:45.221000 UTC
HS-200017,SHP-218970,canceled,,CREF-058073,,sea,lcl,EU Imp,FOB,,3.841,,2026-06-13,2026-06-02 07:11:24.230000 UTC,TRUE,2026-06-02 06:42:59.000000 UTC,2026-06-02 07:11:24.569000 UTC,2026-06-02 08:02:24.569000 UTC
HS-061847,SHP-061273,completed,,CREF-078665,,sea,lcl,EU Imp,FOB,,7.6402,,2026-06-21,,TRUE,2026-05-21 00:11:52.903000 UTC,2026-08-20 16:33:44.553000 UTC,2026-08-20 19:02:44.553000 UTC
HS-143535,SHP-125718,completed,,,,rail,fcl,EU Imp,CFR,,,2,2026-05-05,,TRUE,2026-05-20 15:08:31.699000 UTC,2026-06-15 07:50:49.078000 UTC,2026-06-15 10:38:49.078000 UTC
HS-167466,SHP-165893,completed,,CREF-068460,,sea,lcl,EU Imp,FOB,,8.5597,,2026-06-07,,TRUE,2026-05-19 11:30:18.916000 UTC,2026-08-18 06:57:56.073000 UTC,2026-08-18 10:52:56.073000 UTC
HS-099980,SHP-098771,completed,,,,sea,fcl,EU Exp,FCA_LW,,,2,2026-07-06,,,2026-05-15 10:44:59.766000 UTC,2026-08-31 09:17:36.843000 UTC,2026-08-31 09:52:36.843000 UTC
HS-048224,SHP-161250,completed,,CREF-093736,,sea,lcl,EU Imp,FOB,,7.9003,,2026-06-13,,TRUE,2026-05-12 07:01:05.210000 UTC,2026-08-05 15:17:11.479000 UTC,2026-08-05 18:31:11.479000 UTC
HS-162130,SHP-049098,canceled,,,,sea,fcl,EU Exp,CIF,,,1,2026-06-08,2026-05-05 15:39:01.662000 UTC,,2026-04-30 13:02:08.095000 UTC,2026-05-05 15:39:06.157000 UTC,2026-05-05 18:44:06.157000 UTC
HS-008905,SHP-083710,completed,BKG-032157,CREF-030052,carrierConfirmed,sea,fcl,EU Imp,FOB,,,2,2026-05-20,,TRUE,2026-04-27 10:05:20.715000 UTC,2026-07-09 12:57:18.577000 UTC,2026-07-09 15:50:18.577000 UTC
HS-153736,SHP-019666,completed,,,,air,lcl,EU Imp,FOB,175.04,,,2026-05-07,,TRUE,2026-04-27 08:02:46.820000 UTC,2026-06-22 08:49:51.466000 UTC,2026-06-22 09:07:51.466000 UTC
HS-219881,SHP-145122,completed,BKG-010131,CREF-103423,carrierConfirmed,sea,fcl,EU Imp,FOB,,,2,2026-04-15,,TRUE,2026-03-30 09:36:28.256000 UTC,2026-07-23 14:08:48.858000 UTC,2026-07-23 15:57:48.858000 UTC
HS-190761,SHP-056541,completed,BKG-030155,CREF-005200,carrierConfirmed,sea,fcl,EU Imp,FOB,,,4,2026-05-31,,TRUE,2026-03-30 06:59:12.921000 UTC,2026-09-11 01:10:49.913000 UTC,2026-09-11 02:47:49.913000 UTC
HS-022487,SHP-081779,completed,,,,air,lcl,EU Imp,EXW,428.2,,,2026-03-31,,TRUE,2026-03-19 16:32:04.813000 UTC,2026-05-21 10:57:31.766000 UTC,2026-05-21 13:42:31.766000 UTC
HS-061219,SHP-037089,completed,BKG-022860,CREF-024861,carrierConfirmed,sea,fcl,EU Imp,FOB,,,2,2026-03-29,,TRUE,2026-03-18 11:20:11.099000 UTC,2026-07-21 12:59:54.863000 UTC,2026-07-21 14:02:54.863000 UTC
HS-017025,SHP-110558,completed,,CREF-090517,,sea,lcl,EU Imp,FOB,,14.784,,2026-04-13,,TRUE,2026-03-17 16:00:22.327000 UTC,2026-07-28 19:09:00.927000 UTC,2026-07-28 20:48:00.927000 UTC
HS-000144,SHP-015642,completed,,,,rail,fcl,EU Imp,FOB,,,2,2026-04-02,,TRUE,2026-03-16 08:13:46.361000 UTC,2026-04-29 14:09:55.003000 UTC,2026-04-29 18:05:55.003000 UTC
HS-008087,SHP-062891,completed,,CREF-100841,,rail,fcl,EU Imp,DDP,,,2,2026-03-10,,TRUE,2026-03-02 08:29:35.612000 UTC,2026-04-17 10:47:08.297000 UTC,2026-04-17 14:44:08.297000 UTC
HS-093823,SHP-211962,completed,,,,air,lcl,EU Imp,CIP,5250,,,2026-02-08,,TRUE,2026-02-09 12:16:33.604000 UTC,2026-06-03 12:46:07.925000 UTC,2026-06-03 14:34:07.925000 UTC
HS-195431,SHP-000112,completed,,,,air,lcl,EU Imp,FOB,526,,,2026-02-16,,TRUE,2026-02-05 14:43:41.358000 UTC,2026-03-03 09:33:32.901000 UTC,2026-03-03 13:03:32.901000 UTC
HS-143404,SHP-030239,completed,,CREF-056971,,sea,lcl,EU Imp,FOB,,5.2104,,2026-02-08,,TRUE,2026-01-16 09:45:16.027000 UTC,2026-05-05 14:30:23.638000 UTC,2026-05-05 15:50:23.638000 UTC
HS-074620,SHP-123876,completed,,CREF-014718,,sea,lcl,EU Imp,EXW,,7.7636,,2026-01-18,,TRUE,2026-01-08 15:53:16.480000 UTC,2026-03-27 13:56:16.339000 UTC,2026-03-27 16:45:16.339000 UTC
HS-116832,SHP-060795,completed,,CREF-160972,,sea,lcl,EU Imp,FOB,,20.4,,2026-01-20,,TRUE,2025-12-30 08:23:39.428000 UTC,2026-03-20 09:38:30.545000 UTC,2026-03-20 13:05:30.545000 UTC
HS-007562,SHP-205569,completed,,CREF-153603,,sea,lcl,EU Imp,FOB,,17.4699,,2026-01-01,,TRUE,2025-12-15 15:38:10.206000 UTC,2026-03-24 18:18:19.604000 UTC,2026-03-24 20:43:19.604000 UTC
HS-190036,SHP-199613,active,,,,rail,lcl,EU Imp,EXW,,6.624,,2026-09-30,,TRUE,2026-09-17 14:35:49.894000 UTC,2026-09-18 05:14:42.423000 UTC,2026-09-18 07:56:42.423000 UTC
HS-153312,SHP-014950,active,,CREF-087738,,rail,lcl,EU Imp,FOB,,5.76,,2026-09-26,,TRUE,2026-09-17 06:34:45.407000 UTC,2026-09-17 07:49:44.780000 UTC,2026-09-17 09:16:44.780000 UTC
HS-206603,SHP-139833,active,CBR-026180-0,CREF-123873,carrierConfirmed,sea,fcl,EU Exp,CFR,,,1,2026-09-29,,TRUE,2026-09-11 11:30:35.455000 UTC,2026-09-18 09:07:24.528000 UTC,2026-09-18 10:43:24.528000 UTC
HS-178878,SHP-088276,active,,,,sea,fcl,EU Imp,FOB,,,2,2026-09-28,,,2026-09-10 12:26:57.717000 UTC,2026-09-11 08:47:14.587000 UTC,2026-09-11 09:14:14.587000 UTC
HS-028306,SHP-068261,active,,,,sea,fcl,EU Imp,FOB,,,1,2026-09-21,,,2026-09-04 07:15:03.477000 UTC,2026-09-18 08:53:52.893000 UTC,2026-09-18 12:51:52.893000 UTC
HS-095886,SHP-084634,active,CBR-011137-0,CREF-025299,shipment,sea,fcl,EU Imp,CFR,,,2,2026-09-30,,TRUE,2026-09-02 14:53:54.031000 UTC,2026-09-11 01:12:07.408000 UTC,2026-09-11 01:58:07.408000 UTC
HS-053448,SHP-124053,active,,,,sea,fcl,EU Exp,CFR,,,40,2026-09-14,,,2026-08-31 12:19:00.255000 UTC,2026-09-18 14:08:27.629000 UTC,2026-09-18 17:39:27.629000 UTC
HS-181084,SHP-130488,active,,,,sea,fcl,EU Imp,FOB,,,1,2026-09-24,,,2026-08-31 08:07:23.829000 UTC,2026-09-18 08:57:14.963000 UTC,2026-09-18 11:02:14.963000 UTC
HS-073197,SHP-163914,active,,,,sea,fcl,EU Imp,FOB,,,2,2026-09-27,,,2026-08-26 07:36:23.350000 UTC,2026-09-11 01:08:53.212000 UTC,2026-09-11 02:42:53.212000 UTC
HS-190731,SHP-132540,canceled,,CREF-117404,,sea,lcl,EU Imp,FOB,,9,,2026-08-25,2026-08-24 11:03:11.436000 UTC,TRUE,2026-08-14 07:56:43.705000 UTC,2026-08-24 11:03:12.667000 UTC,2026-08-24 14:05:12.667000 UTC
HS-061667,SHP-151930,completed,,,,air,lcl,EU Imp,FOB,2545.08,,,2026-09-10,,TRUE,2026-08-12 07:26:23.449000 UTC,2026-09-16 07:39:33.442000 UTC,2026-09-16 09:31:33.442000 UTC
HS-217897,SHP-056115,active,,,,sea,fcl,EU Imp,FOB,,,2,2026-09-06,,,2026-08-11 12:08:41.359000 UTC,2026-09-12 13:00:09.883000 UTC,2026-09-12 14:21:09.883000 UTC
HS-034907,SHP-014972,completed,,,,sea,fcl,EU Exp,CFR,,,8,2026-08-16,,,2026-07-31 06:46:47.699000 UTC,2026-09-07 06:44:37.276000 UTC,2026-09-07 10:34:37.276000 UTC
HS-136761,SHP-179463,completed,CBR-024506-0,CREF-012491,shipment,sea,fcl,EU Imp,CIF,,,2,2026-08-01,,TRUE,2026-07-30 10:00:52.967000 UTC,2026-08-11 05:12:20.118000 UTC,2026-08-11 07:07:20.118000 UTC
HS-081638,SHP-222963,completed,,,,air,lcl,EU Imp,EXW,1350,,,2026-08-07,,TRUE,2026-07-29 13:29:15.266000 UTC,2026-08-28 08:46:14.410000 UTC,2026-08-28 09:48:14.410000 UTC
HS-120849,SHP-101031,completed,,,,air,lcl,EU Exp,CPT,21.1,,,2026-07-25,,TRUE,2026-07-20 12:12:30.398000 UTC,2026-08-14 11:51:14.165000 UTC,2026-08-14 12:15:14.165000 UTC
HS-165064,SHP-022743,canceled,,,,air,lcl,EU Imp,FOB,820,,,2026-07-25,2026-07-21 07:02:38.635000 UTC,TRUE,2026-07-20 08:16:31.985000 UTC,2026-07-21 07:02:39.022000 UTC,2026-07-21 10:36:39.022000 UTC
HS-176638,SHP-107197,canceled,,CREF-132532,,sea,fcl,EU Imp,FOB,,,2,2026-08-02,2026-07-21 10:32:07.157000 UTC,TRUE,2026-06-30 07:57:30.006000 UTC,2026-07-21 10:32:08.259000 UTC,2026-07-21 13:07:08.259000 UTC
HS-021401,SHP-015413,active,,CREF-106566,,sea,lcl,EU Imp,FOB,,2.3102,,2026-08-03,,TRUE,2026-06-16 13:53:11.557000 UTC,2026-09-12 21:31:05.230000 UTC,2026-09-13 00:56:05.230000 UTC
HS-121272,SHP-068858,active,CBR-001021-0,CREF-017758,carrierConfirmed,sea,fcl,EU Imp,FOB,,,2,2026-07-13,,TRUE,2026-06-11 11:56:35.880000 UTC,2026-09-18 07:27:53.819000 UTC,2026-09-18 10:23:53.819000 UTC
HS-189391,SHP-004825,completed,,CREF-047617,,rail,lcl,EU Imp,FOB,,19.14,,2026-06-18,,TRUE,2026-05-29 08:23:02.590000 UTC,2026-07-30 08:15:53.831000 UTC,2026-07-30 11:43:53.831000 UTC
HS-095346,SHP-121682,active,BKG-003150,CREF-081885,authorized,sea,fcl,EU Exp,DAP,,,2,2026-06-01,,FALSE,2026-05-25 14:09:38.989000 UTC,2026-05-25 14:13:30.950000 UTC,2026-05-25 15:51:30.950000 UTC
HS-077307,SHP-097136,completed,,,,air,lcl,EU Imp,EXW,815.35,,,2026-05-19,,TRUE,2026-05-14 03:58:22.755000 UTC,2026-06-11 10:05:33.075000 UTC,2026-06-11 11:27:33.075000 UTC
HS-179267,SHP-104946,completed,,CREF-070635,,rail,lcl,EU Imp,FOB,,18.7604,,2026-05-16,,TRUE,2026-05-13 12:19:19.831000 UTC,2026-07-03 12:24:25.213000 UTC,2026-07-03 15:42:25.213000 UTC
HS-075430,SHP-055219,completed,,,,air,lcl,EU Imp,EXW,515.19,,,2026-05-15,,TRUE,2026-05-04 12:03:35.155000 UTC,2026-05-29 09:40:10.121000 UTC,2026-05-29 11:59:10.121000 UTC
HS-216512,SHP-028480,completed,CBR-004284-0,CREF-032453,carrierConfirmed,sea,fcl,EU Exp,CFR,,,4,2026-06-09,,TRUE,2026-04-30 13:53:45.567000 UTC,2026-07-16 10:28:29.612000 UTC,2026-07-16 14:12:29.612000 UTC
HS-134190,SHP-124810,canceled,,CREF-154541,,sea,lcl,EU Imp,FOB,,17.8281,,2026-06-11,2026-06-03 09:48:17.197000 UTC,TRUE,2026-04-10 10:18:38.412000 UTC,2026-06-03 09:48:18.538000 UTC,2026-06-03 11:18:18.538000 UTC
HS-097790,SHP-084935,completed,BKG-031917,CREF-040113,carrierConfirmed,sea,fcl,EU Imp,FOB,,,1,2026-04-24,,TRUE,2026-03-31 07:23:05.409000 UTC,2026-07-20 07:25:34.785000 UTC,2026-07-20 07:46:34.785000 UTC
HS-183455,SHP-137649,completed,,CREF-147532,,rail,fcl,EU Imp,EXW,,,2,2026-04-19,,TRUE,2026-03-24 11:52:30.601000 UTC,2026-06-19 09:48:01.292000 UTC,2026-06-19 12:12:01.292000 UTC
HS-061024,SHP-045552,completed,,CREF-086840,,sea,lcl,EU Imp,FOB,,1.776,,2026-03-29,,TRUE,2026-03-16 15:06:14.482000 UTC,2026-05-28 10:36:46.878000 UTC,2026-05-28 14:05:46.878000 UTC
HS-057007,SHP-118269,completed,,CREF-038120,,sea,lcl,EU Imp,FOB,,2.88,,2026-03-23,,TRUE,2026-03-11 07:44:32.355000 UTC,2026-05-19 08:15:08.218000 UTC,2026-05-19 10:53:08.218000 UTC
HS-119768,SHP-204951,completed,,CREF-163496,,rail,lcl,EU Imp,FCA_T,,2.93,,2026-03-07,,TRUE,2026-01-28 10:19:45.654000 UTC,2026-04-13 08:35:58.223000 UTC,2026-04-13 09:17:58.223000 UTC
HS-062922,SHP-192402,completed,BKG-029949,CREF-119764,carrierConfirmed,sea,fcl,EU Imp,FOB,,,1,2026-01-16,,TRUE,2026-01-09 09:12:49.484000 UTC,2026-07-10 08:39:58.723000 UTC,2026-07-10 12:23:58.723000 UTC
HS-086297,SHP-128715,completed,,CREF-066252,,sea,lcl,EU Imp,FOB,,0.2545,,2026-01-19,,TRUE,2025-12-18 14:40:49.004000 UTC,2026-04-17 10:18:35.616000 UTC,2026-04-17 14:02:35.616000 UTC
HS-058956,SHP-170452,active,,CREF-008423,,sea,lcl,EU Imp,FOB,,2.4004,,2026-01-05,,TRUE,2025-12-17 11:33:41.740000 UTC,2026-03-12 08:15:09.574000 UTC,2026-03-12 09:32:09.574000 UTC
HS-160348,SHP-161512,completed,,CREF-039481,,sea,lcl,EU Imp,EXW,,2.925,,2026-01-08,,TRUE,2025-12-04 11:23:59.287000 UTC,2026-03-31 07:43:29.772000 UTC,2026-03-31 11:18:29.772000 UTC
HS-009534,SHP-116323,active,CBR-031114-0,CREF-024110,,sea,fcl,EU Exp,CFR,,,2,2026-09-25,,TRUE,2026-09-18 11:21:49.584000 UTC,2026-09-18 11:25:41.235000 UTC,2026-09-18 11:51:41.235000 UTC
HS-109753,SHP-040049,active,,,,sea,fcl,EU Exp,CFR,,,1,2026-09-29,,,2026-09-10 10:05:40.480000 UTC,2026-09-14 06:09:01.210000 UTC,2026-09-14 07:52:01.210000 UTC
HS-013336,SHP-165334,active,,,,sea,lcl,EU Imp,FOB,,15.03,,2026-09-27,,TRUE,2026-09-08 14:03:51.874000 UTC,2026-09-11 07:33:57.053000 UTC,2026-09-11 11:23:57.053000 UTC
HS-180137,SHP-187159,active,,,,sea,fcl,EU Exp,CFR,,,4,2026-09-24,,,2026-09-08 06:04:10.020000 UTC,2026-09-18 12:54:12.340000 UTC,2026-09-18 14:16:12.340000 UTC
HS-068614,SHP-072376,active,,,,rail,fcl,EU Imp,CFR,,,2,2026-09-01,,TRUE,2026-09-07 14:07:18.315000 UTC,2026-09-17 10:23:21.748000 UTC,2026-09-17 11:23:21.748000 UTC
HS-098929,SHP-057742,active,,,,sea,fcl,EU Imp,FOB,,,2,2026-09-18,,,2026-08-31 07:18:18.055000 UTC,2026-09-18 01:33:48.311000 UTC,2026-09-18 03:26:48.311000 UTC
HS-156403,SHP-117393,active,,,,sea,fcl,EU Exp,CFR,,,14,2026-09-14,,,2026-08-26 14:25:59.482000 UTC,2026-09-18 14:08:14.379000 UTC,2026-09-18 17:20:14.379000 UTC
HS-223581,SHP-128370,active,,,,sea,fcl,EU Imp,FOB,,,2,2026-09-27,,,2026-08-26 07:37:25.159000 UTC,2026-09-18 11:53:11.660000 UTC,2026-09-18 12:56:11.660000 UTC
HS-093537,SHP-114589,active,,,,sea,fcl,EU Exp,CFR,,,24,2026-09-21,,,2026-08-21 14:31:59.180000 UTC,2026-09-18 14:07:55.268000 UTC,2026-09-18 17:41:55.268000 UTC
HS-209011,SHP-075106,active,,,,sea,fcl,EU Imp,FOB,,,3,2026-08-22,,,2026-08-03 12:52:12.895000 UTC,2026-09-18 00:00:09.774000 UTC,2026-09-18 02:07:09.774000 UTC
HS-149954,SHP-190594,completed,,CREF-008836,,rail,lcl,EU Imp,EXW,,1.152,,2026-07-24,,TRUE,2026-07-15 07:08:29.923000 UTC,2026-09-01 15:40:00.266000 UTC,2026-09-01 16:40:00.266000 UTC
HS-039531,SHP-057392,active,,,,sea,fcl,EU Exp,CIF,,,1,2026-08-06,,,2026-07-07 08:06:43.607000 UTC,2026-09-17 20:00:30.425000 UTC,2026-09-17 23:53:30.425000 UTC
HS-010752,SHP-064550,completed,,,,air,lcl,EU Imp,EXW,50,,,2026-07-10,,TRUE,2026-07-07 06:40:52.325000 UTC,2026-08-18 10:56:07.070000 UTC,2026-08-18 12:55:07.070000 UTC
HS-056663,SHP-028261,active,,,,sea,fcl,EU Imp,FOB,,,4,2026-08-26,,,2026-07-06 10:35:26.210000 UTC,2026-09-07 00:00:33.722000 UTC,2026-09-07 01:25:33.722000 UTC
HS-102066,SHP-011028,completed,,CREF-045092,,sea,lcl,EU Imp,FOB,,11.8096,,2026-07-24,,TRUE,2026-07-03 06:09:43.776000 UTC,2026-09-07 11:59:31.547000 UTC,2026-09-07 14:26:31.547000 UTC
HS-111275,SHP-169437,completed,,,,sea,fcl,EU Exp,FCA_LW,,,1,2026-07-12,,,2026-06-19 12:58:43.831000 UTC,2026-08-10 11:00:54.321000 UTC,2026-08-10 13:54:54.321000 UTC
HS-145954,SHP-031877,completed,,CREF-081141,,sea,lcl,EU Imp,EXW,,3.7706,,2026-06-29,,TRUE,2026-06-09 06:01:11.344000 UTC,2026-09-01 12:49:18.043000 UTC,2026-09-01 15:28:18.043000 UTC
HS-092779,SHP-015613,completed,CBR-001632-0,CREF-159615,carrierConfirmed,sea,fcl,EU Imp,CFR,,,4,2026-07-17,,TRUE,2026-05-19 09:39:58.975000 UTC,2026-08-12 04:14:30.797000 UTC,2026-08-12 05:15:30.797000 UTC
HS-097472,SHP-057605,completed,,,,sea,fcl,EU Imp,FOB,,,16,2026-06-26,,,2026-05-18 06:23:34.787000 UTC,2026-08-17 07:55:19.006000 UTC,2026-08-17 09:37:19.006000 UTC
HS-104956,SHP-147258,completed,,,,air,lcl,EU Exp,EXW,780,,,2026-05-02,,TRUE,2026-04-28 13:50:18.744000 UTC,2026-06-18 14:58:42.513000 UTC,2026-06-18 18:48:42.513000 UTC
HS-066054,SHP-003740,completed,BKG-027692,CREF-091902,,sea,fcl,EU Imp,FOB,,,1,2026-05-06,,TRUE,2026-04-22 09:04:30.764000 UTC,2026-08-03 09:25:15.703000 UTC,2026-08-03 09:42:15.703000 UTC
HS-039166,SHP-019472,completed,,,,sea,fcl,EU Exp,CFR,,,6,2026-04-26,,,2026-04-10 08:31:56.880000 UTC,2026-07-14 14:39:28.801000 UTC,2026-07-14 18:32:28.801000 UTC
HS-036108,SHP-030352,completed,BKG-016951,CREF-067971,carrierConfirmed,sea,fcl,EU Imp,FOB,,,10,2026-06-02,,TRUE,2026-04-02 06:57:09.336000 UTC,2026-08-31 11:21:40.453000 UTC,2026-08-31 12:32:40.453000 UTC
HS-043808,SHP-079446,completed,,CREF-093403,,sea,lcl,EU Imp,FOB,,0.9802,,2026-04-24,,TRUE,2026-03-23 11:59:38.695000 UTC,2026-08-17 08:26:52.842000 UTC,2026-08-17 08:59:52.842000 UTC
HS-214889,SHP-143153,completed,BKG-025519,CREF-091842,carrierConfirmed,sea,fcl,EU Imp,FOB,,,4,2026-03-20,,TRUE,2026-03-03 08:45:05.005000 UTC,2026-05-28 12:53:24.055000 UTC,2026-05-28 14:37:24.055000 UTC
HS-144907,SHP-213037,completed,BKG-017359,CREF-095062,carrierConfirmed,sea,fcl,EU Imp,FOB,,,2,2026-03-09,,TRUE,2026-02-12 07:48:13.095000 UTC,2026-05-21 14:21:19.402000 UTC,2026-05-21 16:53:19.402000 UTC
HS-195105,SHP-158725,completed,,CREF-090513,,sea,fcl,EU Exp,CIF,,,4,2026-02-28,,TRUE,2026-02-11 09:57:08.068000 UTC,2026-06-24 09:11:17.579000 UTC,2026-06-24 10:09:17.579000 UTC
HS-186432,SHP-045549,completed,,CREF-087735,,sea,fcl,EU Exp,CIF,,,2,2026-02-18,,TRUE,2026-01-21 15:06:29.070000 UTC,2026-08-31 11:27:26.544000 UTC,2026-08-31 12:59:26.544000 UTC
HS-074804,SHP-011490,completed,,CREF-076613,,rail,lcl,EU Imp,FOB,,14.74,,2026-02-04,,TRUE,2026-01-15 13:03:15.864000 UTC,2026-05-07 15:28:06.256000 UTC,2026-05-07 16:28:06.256000 UTC
HS-205169,SHP-093635,completed,,CREF-001321,,rail,lcl,EU Imp,EXW,,24.4875,,2026-01-10,,TRUE,2026-01-09 15:14:02.433000 UTC,2026-03-03 08:34:33.654000 UTC,2026-03-03 12:09:33.654000 UTC
HS-163782,SHP-031793,completed,BKG-008963,CREF-022782,carrierConfirmed,sea,fcl,EU Imp,FOB,,,6,2026-01-20,,TRUE,2025-12-30 09:00:22.098000 UTC,2026-03-27 09:48:50.557000 UTC,2026-03-27 12:36:50.557000 UTC
HS-093529,SHP-012986,completed,,CREF-142825,,rail,lcl,EU Imp,FOB,,10.7298,,2026-01-17,,TRUE,2025-12-25 11:11:48.303000 UTC,2026-02-25 08:45:42.952000 UTC,2026-02-25 11:29:42.952000 UTC
HS-194342,SHP-005123,completed,,CREF-120286,,sea,lcl,EU Imp,FOB,,1.8343,,2026-01-07,,TRUE,2025-12-17 17:51:19.179000 UTC,2026-04-16 11:26:32.997000 UTC,2026-04-16 15:06:32.997000 UTC
HS-087732,SHP-044364,completed,,CREF-004064,,sea,lcl,EU Imp,FOB,,7,,2026-02-09,,TRUE,2025-12-11 10:42:53.175000 UTC,2026-04-29 16:28:52.209000 UTC,2026-04-29 19:56:52.209000 UTC
HS-198722,SHP-072702,completed,,CREF-111637,,sea,fcl,EU Exp,CFR,,,8,2026-01-09,,TRUE,2025-12-04 16:07:24.821000 UTC,2026-03-02 13:49:32.223000 UTC,2026-03-02 15:34:32.223000 UTC
HS-013108,SHP-073419,canceled,,,,sea,lcl,EU Exp,EXW,,5.5092,,2026-01-31,2026-01-02 10:05:27.812000 UTC,TRUE,2025-02-26 14:42:35.110000 UTC,2026-01-02 10:05:28.860000 UTC,2026-01-02 13:36:28.860000 UTC
HS-049691,SHP-155177,completed,CBR-012617-0,CREF-140946,shipment,sea,fcl,EU Imp,CIF,,,2,2026-09-06,,TRUE,2026-08-19 10:28:00.151000 UTC,2026-09-16 14:33:35.268000 UTC,2026-09-16 17:51:35.268000 UTC
HS-006311,SHP-108395,completed,,,,air,lcl,EU Imp,FCA_T,56,,,2026-08-23,,TRUE,2026-08-18 08:54:46.331000 UTC,2026-08-28 09:37:03.211000 UTC,2026-08-28 10:18:03.211000 UTC
HS-112785,SHP-144983,active,,,,sea,fcl,EU Imp,FOB,,,2,2026-09-05,,,2026-08-13 07:24:21.868000 UTC,2026-09-18 04:00:04.497000 UTC,2026-09-18 06:52:04.497000 UTC
HS-008289,SHP-055804,canceled,,,,sea,fcl,EU Imp,FOB,,,1,2026-09-06,2026-09-07 11:58:40.841000 UTC,,2026-08-12 06:22:46.617000 UTC,2026-09-07 11:58:44.399000 UTC,2026-09-07 13:20:44.399000 UTC
HS-116102,SHP-194229,active,,,,sea,fcl,EU Imp,FOB,,,1,2026-09-12,,,2026-07-27 07:40:37.287000 UTC,2026-09-17 02:04:41.871000 UTC,2026-09-17 02:14:41.871000 UTC
HS-200175,SHP-007069,active,,,,sea,fcl,EU Imp,FOB,,,2,2026-09-12,,,2026-07-21 07:25:33.146000 UTC,2026-09-17 03:06:54.639000 UTC,2026-09-17 06:26:54.639000 UTC
HS-121122,SHP-217319,active,,CREF-108402,,rail,lcl,EU Imp,FCA_T,,34.0006,,2026-07-29,,TRUE,2026-07-10 10:52:18.708000 UTC,2026-08-24 08:47:21.927000 UTC,2026-08-24 09:49:21.927000 UTC
HS-211964,SHP-210985,canceled,CBR-017342-0,,renomination,sea,fcl,EU Imp,FOB,,,1,2026-07-22,2026-07-09 06:50:05.205000 UTC,FALSE,2026-07-08 10:42:13.800000 UTC,2026-07-09 06:50:09.978000 UTC,2026-07-09 10:22:09.978000 UTC
HS-198510,SHP-127490,completed,,,,sea,fcl,EU Exp,EXW,,,1,2026-07-18,,,2026-07-03 11:50:44.041000 UTC,2026-08-10 08:58:39.879000 UTC,2026-08-10 09:56:39.879000 UTC
HS-052192,SHP-171314,canceled,,CREF-008324,,rail,lcl,EU Imp,FCA_T,,2.0314,,2026-07-18,2026-07-20 07:40:30.451000 UTC,TRUE,2026-07-03 08:34:55.005000 UTC,2026-07-20 07:40:30.719000 UTC,2026-07-20 09:57:30.719000 UTC
HS-131174,SHP-163572,canceled,,CREF-091820,,rail,lcl,EU Imp,EXW,,12.3599,,2026-07-12,2026-07-13 14:02:45.394000 UTC,TRUE,2026-06-30 08:25:59.595000 UTC,2026-07-13 14:02:45.747000 UTC,2026-07-13 16:54:45.747000 UTC
HS-202730,SHP-015439,completed,BKG-030187,CREF-085173,carrierConfirmed,sea,fcl,EU Imp,FOB,,,1,2026-07-07,,TRUE,2026-06-19 11:57:24.021000 UTC,2026-09-15 11:50:51.529000 UTC,2026-09-15 14:31:51.529000 UTC
HS-211292,SHP-204550,completed,,CREF-157356,,sea,lcl,EU Imp,FOB,,3.0897,,2026-06-26,,TRUE,2026-06-08 07:44:57.205000 UTC,2026-08-31 14:31:19.751000 UTC,2026-08-31 15:16:19.751000 UTC
HS-219677,SHP-166868,completed,,,,sea,fcl,EU Exp,CFR,,,1,2026-06-10,,,2026-05-28 12:10:19.843000 UTC,2026-06-29 06:55:04.161000 UTC,2026-06-29 07:17:04.161000 UTC
HS-043003,SHP-056934,active,BKG-024272,CREF-111063,carrierConfirmed,sea,fcl,EU Imp,FOB,,,2,2026-06-14,,TRUE,2026-05-21 10:06:52.182000 UTC,2026-08-13 10:51:54.754000 UTC,2026-08-13 11:03:54.754000 UTC
HS-051088,SHP-221374,completed,,,,air,lcl,EU Imp,EXW,171.15,,,2026-06-07,,TRUE,2026-05-08 14:23:12.912000 UTC,2026-08-04 12:39:34.349000 UTC,2026-08-04 12:48:34.349000 UTC
HS-037002,SHP-191961,completed,CBR-031965-0,CREF-020861,carrierConfirmed,sea,fcl,EU Imp,FOB,,,2,2026-06-07,,TRUE,2026-05-08 07:27:58.930000 UTC,2026-09-03 07:51:21.995000 UTC,2026-09-03 08:38:21.995000 UTC
HS-180445,SHP-212018,canceled,,,,rail,lcl,EU Imp,DAP,,26.3241,,2026-05-29,2026-04-30 06:28:13.030000 UTC,TRUE,2026-04-28 10:25:29.610000 UTC,2026-04-30 06:28:13.485000 UTC,2026-04-30 09:19:13.485000 UTC
HS-179793,SHP-179580,completed,BKG-020740,CREF-097062,carrierConfirmed,sea,fcl,EU Imp,FOB,,,1,2026-05-01,,TRUE,2026-04-20 07:55:00.337000 UTC,2026-09-01 08:17:27.053000 UTC,2026-09-01 10:27:27.053000 UTC
HS-193385,SHP-041176,completed,,,,air,lcl,EU Imp,CPT,3060,,,2026-04-25,,TRUE,2026-04-17 09:57:43.844000 UTC,2026-05-05 07:59:10.241000 UTC,2026-05-05 09:51:10.241000 UTC
HS-136569,SHP-213703,completed,,CREF-121694,,rail,lcl,EU Imp,EXW,,3.5785,,2026-05-02,,TRUE,2026-04-13 12:23:22.922000 UTC,2026-06-08 17:12:02.243000 UTC,2026-06-08 19:39:02.243000 UTC
HS-072298,SHP-141510,completed,,,,air,lcl,EU Exp,DAP,80,,,2026-04-12,,TRUE,2026-04-08 07:24:15.571000 UTC,2026-05-15 09:53:37.248000 UTC,2026-05-15 13:37:37.248000 UTC
HS-045137,SHP-089698,canceled,,,,sea,fcl,EU Exp,CFR,,,6,2026-03-13,2026-03-09 14:55:45.054000 UTC,TRUE,2026-03-09 14:54:10.337000 UTC,2026-03-09 14:55:46.504000 UTC,2026-03-09 16:49:46.504000 UTC
HS-095452,SHP-137313,completed,,CREF-163704,,sea,lcl,EU Imp,FOB,,4.1499,,2026-03-11,,TRUE,2026-03-03 07:11:43.532000 UTC,2026-05-05 09:02:07.154000 UTC,2026-05-05 12:14:07.154000 UTC
HS-127899,SHP-090832,completed,BKG-024442,CREF-069413,carrierConfirmed,sea,fcl,EU Imp,FOB,,,8,2026-03-19,,TRUE,2026-02-24 10:32:53.343000 UTC,2026-08-26 09:41:22.179000 UTC,2026-08-26 10:07:22.179000 UTC
HS-086857,SHP-091358,completed,,CREF-108072,,sea,fcl,EU Exp,FCA_LW,,,4,2026-04-06,,TRUE,2026-02-12 15:57:46.229000 UTC,2026-05-27 20:31:33.531000 UTC,2026-05-27 23:49:33.531000 UTC
HS-204056,SHP-093930,canceled,,CREF-152463,,sea,fcl,EU Exp,CFR,,,28,2026-03-10,2026-02-26 19:09:36.615000 UTC,TRUE,2026-01-29 14:49:43.919000 UTC,2026-02-26 19:09:41.613000 UTC,2026-02-26 22:03:41.613000 UTC
HS-222667,SHP-038279,completed,BKG-010128,CREF-064518,carrierConfirmed,sea,fcl,EU Imp,EXW,,,6,2026-02-19,,TRUE,2026-01-27 07:56:35.769000 UTC,2026-05-06 15:01:08.545000 UTC,2026-05-06 17:48:08.545000 UTC
HS-080811,SHP-057641,completed,,CREF-119411,,sea,lcl,EU Imp,FOB,,10.7203,,2026-01-26,,TRUE,2026-01-07 10:08:05.546000 UTC,2026-05-05 15:36:17.436000 UTC,2026-05-05 17:45:17.436000 UTC
HS-221221,SHP-081377,completed,,,,air,lcl,EU Imp,FCA_T,53.85,,,2026-01-05,,TRUE,2025-12-23 09:01:06.931000 UTC,2026-02-04 09:59:36.857000 UTC,2026-02-04 13:52:36.857000 UTC
HS-142144,SHP-217515,completed,,CREF-092980,,sea,lcl,EU Imp,FOB,,1.31,,2026-01-15,,TRUE,2025-12-12 13:15:02.629000 UTC,2026-03-16 12:05:05.077000 UTC,2026-03-16 13:30:05.077000 UTC
HS-106172,SHP-059340,canceled,CBR-013419-0,,renomination,sea,fcl,EU Imp,FOB,,,4,2026-09-25,2026-09-15 00:29:06.770000 UTC,FALSE,2026-09-14 07:17:56.381000 UTC,2026-09-15 00:29:18.140000 UTC,2026-09-15 02:06:18.140000 UTC
HS-025660,SHP-191982,active,,CREF-019677,,sea,lcl,EU Imp,FOB,,11.6998,,2026-09-30,,TRUE,2026-09-09 14:20:59.383000 UTC,2026-09-17 11:48:25.687000 UTC,2026-09-17 13:47:25.687000 UTC
HS-205787,SHP-180327,active,,CREF-026722,,sea,lcl,EU Imp,FOB,,8.2997,,2026-09-10,,TRUE,2026-08-19 12:16:11.626000 UTC,2026-09-14 06:00:21.538000 UTC,2026-09-14 09:51:21.538000 UTC
HS-009876,SHP-091310,completed,,,,air,lcl,EU Exp,DAP,230,,,2026-08-04,,TRUE,2026-07-29 07:16:16.384000 UTC,2026-09-10 11:53:19.089000 UTC,2026-09-10 13:47:19.089000 UTC
HS-108766,SHP-196414,active,,,,sea,fcl,EU Imp,FOB,,,10,2026-09-18,,,2026-07-27 11:15:00.198000 UTC,2026-09-14 17:51:51.102000 UTC,2026-09-14 18:19:51.102000 UTC
HS-029376,SHP-123202,active,,,,sea,fcl,EU Exp,CFR,,,16,2026-08-09,,,2026-07-27 08:04:04.781000 UTC,2026-09-18 14:06:46.085000 UTC,2026-09-18 14:14:46.085000 UTC
HS-047137,SHP-106086,canceled,,CREF-154541,,sea,lcl,EU Imp,FOB,,57.9999,,2026-08-15,2026-08-03 09:44:15.800000 UTC,TRUE,2026-07-23 06:14:21.735000 UTC,2026-08-03 09:44:17.189000 UTC,2026-08-03 12:03:17.189000 UTC
HS-123842,SHP-134996,active,,CREF-112728,,sea,lcl,EU Imp,FOB,,12.6,,2026-08-12,,TRUE,2026-07-22 10:39:38.488000 UTC,2026-09-14 12:19:44.652000 UTC,2026-09-14 12:48:44.652000 UTC
HS-143948,SHP-217987,completed,,,,air,lcl,EU Imp,EXW,68,,,2026-07-23,,TRUE,2026-07-16 13:23:41.509000 UTC,2026-08-04 08:33:05.763000 UTC,2026-08-04 11:19:05.763000 UTC
HS-202255,SHP-005366,completed,,,,air,lcl,EU Imp,FCA_T,6045.01,,,2026-07-10,,TRUE,2026-07-07 08:34:15.949000 UTC,2026-09-01 07:52:00.656000 UTC,2026-09-01 10:06:00.656000 UTC
HS-007283,SHP-167059,completed,,,,rail,fcl,EU Imp,CFR,,,2,2026-06-30,,TRUE,2026-07-01 13:09:36.366000 UTC,2026-08-05 12:23:30.807000 UTC,2026-08-05 14:56:30.807000 UTC
HS-075111,SHP-064576,closed,BKG-005812,,renomination,sea,fcl,EU Imp,FOB,,,1,2026-07-21,,TRUE,2026-06-30 06:47:01.608000 UTC,2026-09-02 09:04:30.977000 UTC,2026-09-02 11:43:30.977000 UTC
HS-072881,SHP-125344,completed,,,,air,lcl,EU Imp,FOB,116,,,2026-06-11,,TRUE,2026-06-03 09:55:22.732000 UTC,2026-06-30 09:36:03.271000 UTC,2026-06-30 10:27:03.271000 UTC
HS-116528,SHP-206994,completed,,CREF-003124,,sea,lcl,EU Imp,FOB,,13.0498,,2026-06-15,,TRUE,2026-06-02 06:39:38.599000 UTC,2026-09-03 18:43:22.567000 UTC,2026-09-03 21:38:22.567000 UTC
HS-199630,SHP-035248,completed,BKG-022895,CREF-134319,carrierConfirmed,sea,fcl,EU Imp,FOB,,,2,2026-06-06,,TRUE,2026-05-21 08:07:32.598000 UTC,2026-08-31 17:33:19.087000 UTC,2026-08-31 18:41:19.087000 UTC
HS-105867,SHP-224390,completed,,CREF-004624,,rail,fcl,EU Imp,FOB,,,2,2026-05-30,,TRUE,2026-05-18 13:12:00.618000 UTC,2026-07-29 15:23:59.634000 UTC,2026-07-29 18:35:59.634000 UTC
HS-218813,SHP-117785,completed,CBR-005056-0,CREF-045057,carrierConfirmed,sea,fcl,EU Imp,FOB,,,1,2026-06-07,,TRUE,2026-05-14 05:07:45.210000 UTC,2026-08-20 12:09:18.452000 UTC,2026-08-20 13:32:18.452000 UTC
HS-004238,SHP-155051,completed,,,,air,lcl,EU Imp,EXW,100,,,2026-05-10,,TRUE,2026-04-29 13:55:38.039000 UTC,2026-06-22 09:49:55.512000 UTC,2026-06-22 10:46:55.512000 UTC
HS-045110,SHP-050245,completed,,CREF-117629,,sea,lcl,EU Imp,FOB,,5.69,,2026-05-01,,TRUE,2026-04-13 09:22:13.000000 UTC,2026-07-10 07:01:25.548000 UTC,2026-07-10 08:45:25.548000 UTC
HS-101762,SHP-014813,completed,,CREF-093820,,sea,lcl,EU Imp,FOB,,1.4112,,2026-04-25,,TRUE,2026-04-09 13:44:09.641000 UTC,2026-06-19 14:06:00.643000 UTC,2026-06-19 15:45:00.643000 UTC
HS-176386,SHP-048117,completed,,,,sea,fcl,EU Exp,CIF,,,2,2026-03-28,,,2026-03-19 07:26:46.082000 UTC,2026-05-26 05:13:27.590000 UTC,2026-05-26 05:46:27.590000 UTC
HS-089862,SHP-073142,completed,,,,air,lcl,EU Imp,FOB,1628,,,2026-03-15,,TRUE,2026-03-11 10:01:58.868000 UTC,2026-04-10 09:05:55.893000 UTC,2026-04-10 11:23:55.893000 UTC
HS-090997,SHP-131648,completed,,CREF-073708,,rail,lcl,EU Imp,FOB,,3.4499,,2026-03-28,,TRUE,2026-03-09 08:11:05.278000 UTC,2026-06-15 11:16:57.871000 UTC,2026-06-15 14:38:57.871000 UTC
HS-170504,SHP-021472,completed,CBR-013478-0,CREF-085048,shipment,sea,fcl,EU Exp,CFR,,,4,2026-04-01,,TRUE,2026-02-27 14:40:03.747000 UTC,2026-07-15 14:57:47.994000 UTC,2026-07-15 17:01:47.994000 UTC
HS-037175,SHP-010438,completed,,,,air,lcl,EU Imp,FOB,3348.9,,,2026-04-27,,TRUE,2026-02-02 10:57:22.529000 UTC,2026-07-01 09:15:25.432000 UTC,2026-07-01 11:40:25.432000 UTC
HS-020083,SHP-177853,completed,,CREF-126403,,rail,lcl,EU Imp,EXW,,1.68,,2026-02-11,,TRUE,2026-01-26 10:01:37.525000 UTC,2026-03-26 08:14:21.230000 UTC,2026-03-26 10:14:21.230000 UTC
HS-133316,SHP-132072,completed,,,,air,lcl,EU Imp,EXW,357,,,2026-01-25,,TRUE,2026-01-19 10:18:26.725000 UTC,2026-03-05 12:40:36.482000 UTC,2026-03-05 14:18:36.482000 UTC
HS-017840,SHP-048137,completed,,CREF-039261,,sea,lcl,EU Imp,EXW,,5.4234,,2026-01-22,,TRUE,2026-01-08 06:28:29.017000 UTC,2026-03-17 13:47:42.955000 UTC,2026-03-17 17:40:42.955000 UTC
HS-207772,SHP-122870,canceled,CBR-012013-0,,shipment,sea,fcl,EU Exp,EXW,,,2,2026-01-15,2026-01-05 07:18:42.828000 UTC,FALSE,2025-12-16 09:32:16.350000 UTC,2026-01-05 07:18:43.624000 UTC,2026-01-05 08:39:43.624000 UTC
HS-090117,SHP-177128,active,,,,air,lcl,EU Imp,EXW,124.66,,,2026-09-21,,TRUE,2026-09-17 10:03:52.123000 UTC,2026-09-18 09:04:00.524000 UTC,2026-09-18 12:04:00.524000 UTC
HS-172233,SHP-020527,active,,,,air,lcl,EU Imp,CIF,1100,,,2026-09-15,,TRUE,2026-09-14 14:04:40.518000 UTC,2026-09-16 16:55:39.174000 UTC,2026-09-16 17:07:39.174000 UTC
HS-033034,SHP-221442,active,,CREF-115040,,sea,lcl,EU Imp,FOB,,6.5424,,2026-09-29,,TRUE,2026-08-28 09:09:04.237000 UTC,2026-09-14 06:59:10.822000 UTC,2026-09-14 08:46:10.822000 UTC
HS-122918,SHP-098461,completed,,,,air,lcl,EU Exp,EXW,448,,,2026-08-13,,TRUE,2026-08-04 14:42:10.318000 UTC,2026-08-20 09:48:58.770000 UTC,2026-08-20 11:54:58.770000 UTC
HS-065534,SHP-028819,active,,CREF-046712,,sea,lcl,EU Imp,EXW,,0.8448,,2026-09-05,,TRUE,2026-08-04 11:07:13.691000 UTC,2026-09-07 12:36:33.405000 UTC,2026-09-07 14:12:33.405000 UTC
HS-140572,SHP-173871,active,,CREF-049799,,rail,lcl,EU Imp,FOB,,1.152,,2026-08-12,,TRUE,2026-07-30 08:59:02.270000 UTC,2026-09-18 08:41:55.154000 UTC,2026-09-18 11:03:55.154000 UTC
HS-067032,SHP-161916,completed,,CREF-046842,,rail,fcl,EU Imp,FOB,,,2,2026-08-04,,TRUE,2026-07-23 08:56:15.774000 UTC,2026-08-27 06:27:38.285000 UTC,2026-08-27 07:24:38.285000 UTC
HS-106358,SHP-029675,completed,,CREF-153019,,rail,lcl,EU Imp,FOB,,2.75,,2026-07-29,,TRUE,2026-07-14 09:48:12.701000 UTC,2026-08-31 12:47:44.652000 UTC,2026-08-31 14:37:44.652000 UTC
HS-223900,SHP-170921,active,,,,sea,fcl,EU Imp,FOB,,,2,2026-09-01,,,2026-07-13 15:59:37.223000 UTC,2026-09-18 05:06:44.136000 UTC,2026-09-18 07:42:44.136000 UTC
HS-184521,SHP-170722,completed,,,,air,lcl,EU Imp,FCA_T,9,,,2026-07-10,,TRUE,2026-07-03 09:15:19.909000 UTC,2026-08-04 07:39:23.531000 UTC,2026-08-04 08:04:23.531000 UTC
HS-064259,SHP-017967,completed,,CREF-158042,,sea,lcl,EU Imp,FOB,,2.4955,,2026-07-21,,TRUE,2026-06-25 07:03:12.822000 UTC,2026-09-17 10:29:15.268000 UTC,2026-09-17 11:03:15.268000 UTC
HS-177802,SHP-096968,completed,,CREF-164887,,sea,lcl,EU Imp,FOB,,3.2396,,2026-07-09,,TRUE,2026-06-24 18:26:06.780000 UTC,2026-09-15 08:11:47.302000 UTC,2026-09-15 11:20:47.302000 UTC
HS-090000,SHP-116944,completed,BKG-024380,CREF-159888,carrierConfirmed,sea,fcl,EU Imp,FOB,,,1,2026-07-03,,TRUE,2026-06-24 08:08:39.747000 UTC,2026-09-17 08:25:49.419000 UTC,2026-09-17 11:29:49.419000 UTC
HS-217002,SHP-220565,active,BKG-011582,CREF-098541,carrierConfirmed,sea,fcl,EU Imp,FOB,,,2,2026-07-20,,TRUE,2026-06-24 07:28:09.169000 UTC,2026-09-17 14:42:05.772000 UTC,2026-09-17 16:06:05.772000 UTC
HS-193099,SHP-000349,completed,,CREF-107214,,sea,lcl,EU Imp,FOB,,9.2107,,2026-07-08,,TRUE,2026-06-15 06:40:34.975000 UTC,2026-09-02 08:03:13.088000 UTC,2026-09-02 09:15:13.088000 UTC
HS-154032,SHP-100457,completed,,,,air,lcl,CrossT,CPT,350,,,2026-06-10,,TRUE,2026-06-08 09:50:59.540000 UTC,2026-06-19 10:12:06.372000 UTC,2026-06-19 14:07:06.372000 UTC
HS-161747,SHP-055695,completed,,,,sea,fcl,EU Exp,CIF,,,6,2026-06-16,,,2026-05-28 09:04:45.430000 UTC,2026-08-24 06:09:23.709000 UTC,2026-08-24 08:53:23.709000 UTC
HS-217163,SHP-190710,completed,,,,air,lcl,EU Imp,FOB,199.36,,,2026-05-30,,TRUE,2026-05-27 13:23:19.697000 UTC,2026-06-08 08:52:08.877000 UTC,2026-06-08 09:22:08.877000 UTC
HS-151990,SHP-177862,completed,BKG-000390,CREF-058406,carrierConfirmed,sea,fcl,EU Imp,FOB,,,6,2026-06-26,,TRUE,2026-05-26 09:12:01.080000 UTC,2026-08-25 06:37:00.042000 UTC,2026-08-25 10:28:00.042000 UTC
HS-002195,SHP-052904,completed,,,,air,lcl,EU Imp,FOB,1618,,,2026-05-23,,TRUE,2026-05-13 07:46:00.485000 UTC,2026-06-29 09:11:09.376000 UTC,2026-06-29 12:14:09.376000 UTC
HS-062906,SHP-216744,completed,,CREF-027613,,sea,lcl,EU Imp,FOB,,11.0035,,2026-05-09,,TRUE,2026-04-28 12:33:45.065000 UTC,2026-08-27 15:45:00.960000 UTC,2026-08-27 17:59:00.960000 UTC
HS-047449,SHP-180203,canceled,,CREF-070635,,rail,lcl,EU Imp,FOB,,7.97,,2026-05-22,2026-05-08 08:21:32.074000 UTC,TRUE,2026-04-27 07:46:50.847000 UTC,2026-05-08 08:21:32.464000 UTC,2026-05-08 10:24:32.464000 UTC
HS-220313,SHP-002342,completed,BKG-017196,CREF-093266,carrierConfirmed,sea,fcl,EU Exp,EXW,,,1,2026-05-01,,TRUE,2026-04-21 12:02:23.676000 UTC,2026-07-02 07:57:53.187000 UTC,2026-07-02 11:12:53.187000 UTC
HS-177321,SHP-060434,completed,CBR-004614-0,CREF-018144,nominated,sea,fcl,EU Exp,CFR,,,2,2026-05-08,,TRUE,2026-04-20 12:58:56.323000 UTC,2026-06-09 09:12:38.156000 UTC,2026-06-09 10:50:38.156000 UTC
HS-095323,SHP-196343,canceled,,CREF-163324,,sea,fcl,EU Exp,CIF,,,1,2026-04-26,2026-04-15 08:34:08.299000 UTC,TRUE,2026-04-08 11:07:18.955000 UTC,2026-04-15 08:34:08.979000 UTC,2026-04-15 09:41:08.979000 UTC
HS-016358,SHP-191761,completed,,,,air,lcl,EU Exp,CPT,500,,,2026-03-28,,TRUE,2026-03-24 23:10:44.316000 UTC,2026-04-14 12:48:40.179000 UTC,2026-04-14 16:17:40.179000 UTC
HS-053337,SHP-077980,completed,,CREF-126293,,rail,fcl,EU Imp,FOB,,,2,2026-03-21,,TRUE,2026-03-11 11:24:26.510000 UTC,2026-04-28 06:40:57.859000 UTC,2026-04-28 09:07:57.859000 UTC
HS-052182,SHP-026032,completed,BKG-024434,CREF-084881,carrierConfirmed,sea,fcl,EU Imp,FOB,,,1,2026-02-07,,TRUE,2026-01-30 07:23:07.621000 UTC,2026-04-09 10:06:53.953000 UTC,2026-04-09 13:25:53.953000 UTC
HS-142384,SHP-065071,active,,CREF-016529,,sea,fcl,EU Imp,FOB,,,2,2026-09-18,,TRUE,2026-09-11 14:55:36.320000 UTC,2026-09-18 00:13:57.920000 UTC,2026-09-18 02:19:57.920000 UTC
HS-191196,SHP-098627,active,,CREF-115040,,sea,lcl,EU Imp,FOB,,2.9232,,2026-10-04,,TRUE,2026-09-11 09:51:30.351000 UTC,2026-09-18 06:04:01.526000 UTC,2026-09-18 07:23:01.526000 UTC
HS-200137,SHP-157773,active,,,,sea,fcl,EU Imp,FOB,,,1,2026-09-27,,,2026-09-11 06:09:18.073000 UTC,2026-09-14 10:28:32.940000 UTC,2026-09-14 10:40:32.940000 UTC
HS-037104,SHP-102565,active,,,,rail,fcl,EU Imp,CFR,,,2,2026-08-13,,TRUE,2026-09-02 12:45:10.021000 UTC,2026-09-16 13:29:15.765000 UTC,2026-09-16 15:23:15.765000 UTC
HS-216734,SHP-113461,active,,,,sea,fcl,EU Imp,FOB,,,2,2026-09-02,,,2026-08-06 08:21:06.916000 UTC,2026-09-15 12:54:06.142000 UTC,2026-09-15 13:59:06.142000 UTC
HS-211547,SHP-171690,active,,CREF-014281,,rail,lcl,EU Imp,FOB,,4.992,,2026-09-04,,TRUE,2026-08-03 12:42:15.858000 UTC,2026-09-15 12:31:44.189000 UTC,2026-09-15 12:42:44.189000 UTC
HS-130756,SHP-191236,completed,,CREF-097282,,rail,lcl,EU Imp,EXW,,1.9097,,2026-08-05,,TRUE,2026-07-23 11:34:33.515000 UTC,2026-09-02 09:45:55.417000 UTC,2026-09-02 10:01:55.417000 UTC
HS-011275,SHP-085560,completed,,,,rail,fcl,EU Imp,CFR,,,2,2026-07-16,,TRUE,2026-07-16 05:45:30.798000 UTC,2026-08-28 05:34:11.680000 UTC,2026-08-28 08:00:11.680000 UTC
HS-159534,SHP-062298,active,,,,sea,fcl,EU Imp,FOB,,,2,2026-08-16,,,2026-07-14 15:37:27.201000 UTC,2026-09-17 20:41:24.630000 UTC,2026-09-17 22:43:24.630000 UTC
HS-163412,SHP-070038,completed,,,,sea,fcl,EU Exp,CFR,,,1,2026-08-04,,,2026-07-01 11:32:31.450000 UTC,2026-09-06 11:46:00.192000 UTC,2026-09-06 12:23:00.192000 UTC
HS-109248,SHP-052537,completed,,CREF-019282,,rail,lcl,EU Imp,FOB,,2.832,,2026-07-15,,TRUE,2026-06-22 12:37:25.436000 UTC,2026-08-19 13:03:21.752000 UTC,2026-08-19 13:35:21.752000 UTC
HS-021076,SHP-196262,completed,,,,air,lcl,EU Imp,EXW,26,,,2026-06-29,,TRUE,2026-06-17 10:57:51.356000 UTC,2026-08-28 09:02:50.583000 UTC,2026-08-28 11:00:50.583000 UTC
HS-087777,SHP-071511,active,,CREF-164837,,sea,lcl,EU Imp,FOB,,13.5005,,2026-07-28,,TRUE,2026-06-11 13:33:22.207000 UTC,2026-09-18 08:27:16.250000 UTC,2026-09-18 10:45:16.250000 UTC
HS-213086,SHP-193039,completed,,,,air,lcl,EU Imp,EXW,1016.6,,,2026-06-16,,TRUE,2026-06-11 01:45:24.676000 UTC,2026-08-19 12:46:57.393000 UTC,2026-08-19 12:52:57.393000 UTC
HS-122662,SHP-146948,completed,CBR-021113-0,CREF-149975,shipment,sea,fcl,EU Imp,CIF,,,2,2026-06-08,,TRUE,2026-06-10 12:27:12.716000 UTC,2026-06-15 11:19:15.983000 UTC,2026-06-15 14:33:15.983000 UTC
HS-093028,SHP-133950,completed,,,,air,lcl,EU Imp,EXW,450,,,2026-06-08,,TRUE,2026-06-05 10:02:30.159000 UTC,2026-06-30 09:41:16.687000 UTC,2026-06-30 12:39:16.687000 UTC
HS-055431,SHP-200055,completed,BKG-020669,CREF-001999,carrierConfirmed,sea,fcl,EU Imp,FOB,,,2,2026-07-02,,TRUE,2026-05-29 12:33:24.207000 UTC,2026-09-07 08:30:37.153000 UTC,2026-09-07 08:51:37.153000 UTC
HS-181601,SHP-159616,active,,,,sea,fcl,EU Imp,FOB,,,2,2026-06-30,,,2026-05-26 09:21:31.161000 UTC,2026-09-18 08:55:55.304000 UTC,2026-09-18 09:41:55.304000 UTC
HS-127373,SHP-123910,canceled,BKG-030448,,renomination,sea,fcl,EU Imp,FOB,,,2,2026-06-13,2026-05-21 07:23:22.718000 UTC,FALSE,2026-05-15 11:13:54.284000 UTC,2026-05-21 07:23:24.923000 UTC,2026-05-21 11:10:24.923000 UTC
HS-079577,SHP-066251,completed,,CREF-140061,,sea,lcl,EU Imp,FOB,,3.393,,2026-06-04,,TRUE,2026-05-13 12:43:43.894000 UTC,2026-08-31 12:28:36.682000 UTC,2026-08-31 12:58:36.682000 UTC
HS-166512,SHP-138081,completed,,,,air,lcl,EU Imp,EXW,284.01,,,2026-05-17,,TRUE,2026-05-12 11:30:40.126000 UTC,2026-06-10 11:54:44.522000 UTC,2026-06-10 12:25:44.522000 UTC
HS-082992,SHP-160414,completed,BKG-022690,CREF-042527,carrierConfirmed,sea,fcl,EU Imp,FOB,,,6,2026-06-25,,TRUE,2026-05-11 10:02:31.232000 UTC,2026-09-02 10:19:50.467000 UTC,2026-09-02 13:34:50.467000 UTC
HS-078134,SHP-031669,completed,,CREF-094276,,rail,fcl,EU Imp,FCA_LW,,,2,2026-06-09,,TRUE,2026-05-11 07:07:04.964000 UTC,2026-07-07 07:06:52.944000 UTC,2026-07-07 08:22:52.944000 UTC
HS-142399,SHP-098544,completed,,CREF-033526,,sea,lcl,EU Imp,FOB,,5.472,,2026-05-11,,TRUE,2026-04-21 14:27:15.491000 UTC,2026-07-16 06:17:57.617000 UTC,2026-07-16 08:42:57.617000 UTC
HS-084344,SHP-193104,completed,,CREF-055423,,rail,lcl,EU Imp,EXW,,3.6086,,2026-04-29,,TRUE,2026-04-20 07:17:30.644000 UTC,2026-06-29 06:10:31.716000 UTC,2026-06-29 07:06:31.716000 UTC
HS-028315,SHP-031126,completed,,,,air,lcl,EU Imp,FOB,336.12,,,2026-06-06,,TRUE,2026-04-17 08:15:47.975000 UTC,2026-06-30 09:25:25.795000 UTC,2026-06-30 13:12:25.795000 UTC
HS-092780,SHP-193248,completed,,,,air,lcl,EU Imp,EXW,1429.55,,,2026-04-24,,TRUE,2026-04-14 16:01:08.266000 UTC,2026-04-30 10:47:40.548000 UTC,2026-04-30 13:57:40.548000 UTC
HS-027827,SHP-173986,completed,BKG-007176,CREF-091229,carrierConfirmed,sea,fcl,CrossT,CFR,,,2,2026-05-04,,TRUE,2026-04-09 12:39:33.212000 UTC,2026-07-08 07:36:00.188000 UTC,2026-07-08 08:16:00.188000 UTC
HS-153944,SHP-015428,completed,BKG-008031,CREF-036802,carrierConfirmed,sea,fcl,EU Imp,FOB,,,2,2026-05-02,,TRUE,2026-04-09 07:21:38.096000 UTC,2026-09-11 01:10:09.724000 UTC,2026-09-11 04:27:09.724000 UTC
HS-093617,SHP-011227,completed,BKG-000666,CREF-100912,carrierConfirmed,sea,fcl,EU Imp,FOB,,,2,2026-03-15,,TRUE,2026-02-24 08:53:51.288000 UTC,2026-05-26 15:45:36.816000 UTC,2026-05-26 19:30:36.816000 UTC
HS-219354,SHP-144222,completed,CBR-017408-0,CREF-062161,shipment,sea,fcl,EU Exp,CFR,,,4,2026-04-07,,TRUE,2026-02-20 13:41:35.406000 UTC,2026-05-05 06:42:14.219000 UTC,2026-05-05 09:11:14.219000 UTC
HS-035490,SHP-178157,canceled,,CREF-036556,,sea,fcl,EU Exp,DAP,,,20,2026-03-16,2026-02-12 14:05:21.120000 UTC,TRUE,2026-02-10 16:42:12.039000 UTC,2026-02-12 14:05:24.521000 UTC,2026-02-12 14:26:24.521000 UTC
HS-041087,SHP-106602,completed,,CREF-079132,,rail,fcl,EU Imp,FOB,,,2,2026-03-17,,TRUE,2026-02-06 10:53:41.571000 UTC,2026-04-09 07:48:18.033000 UTC,2026-04-09 11:14:18.033000 UTC
HS-018902,SHP-126792,completed,,,,air,lcl,EU Exp,CPT,214,,,2026-02-07,,TRUE,2026-02-04 14:02:01.443000 UTC,2026-03-16 09:12:48.551000 UTC,2026-03-16 12:11:48.551000 UTC
HS-163294,SHP-024800,completed,,CREF-135349,,sea,lcl,EU Imp,FOB,,14.017,,2026-02-21,,TRUE,2026-02-01 17:04:05.818000 UTC,2026-06-02 10:02:51.462000 UTC,2026-06-02 10:10:51.462000 UTC
HS-177054,SHP-090556,completed,,CREF-093168,,sea,lcl,EU Imp,FOB,,9.19,,2026-02-17,,TRUE,2026-01-28 10:02:57.069000 UTC,2026-05-06 07:26:50.303000 UTC,2026-05-06 08:53:50.303000 UTC
HS-043600,SHP-191596,completed,,CREF-001706,,sea,lcl,EU Imp,FOB,,0.4076,,2026-01-24,,TRUE,2026-01-08 10:57:08.062000 UTC,2026-03-18 07:52:43.664000 UTC,2026-03-18 08:58:43.664000 UTC
HS-213719,SHP-078183,completed,,,,air,lcl,EU Imp,EXW,831.69,,,2026-01-02,,TRUE,2025-12-25 04:12:06.960000 UTC,2026-01-27 14:48:33.459000 UTC,2026-01-27 16:10:33.459000 UTC
HS-065506,SHP-128686,canceled,,,,sea,fcl,EU Imp,FOB,,,6,2026-01-01,2025-12-09 10:11:20.041000 UTC,TRUE,2025-12-09 10:06:19.547000 UTC,2025-12-09 10:11:21.180000 UTC,2025-12-09 10:26:21.180000 UTC
HS-168652,SHP-046835,active,,,,air,lcl,EU Imp,EXW,1797.09,,,2026-09-21,,TRUE,2026-09-17 11:48:38.357000 UTC,2026-09-18 02:12:08.444000 UTC,2026-09-18 03:00:08.444000 UTC
HS-181475,SHP-214514,active,,,,air,lcl,EU Imp,FOB,398,,,2026-09-21,,TRUE,2026-09-16 08:59:11.181000 UTC,2026-09-18 09:44:12.514000 UTC,2026-09-18 09:51:12.514000 UTC
HS-010416,SHP-112952,active,,,,sea,fcl,EU Exp,CFR,,,2,2026-09-29,,,2026-09-09 11:03:33.112000 UTC,2026-09-17 16:41:32.085000 UTC,2026-09-17 17:37:32.085000 UTC
HS-086632,SHP-143753,active,,,,sea,fcl,EU Imp,FOB,,,2,2026-10-06,,,2026-09-07 05:49:21.425000 UTC,2026-09-15 03:51:09.862000 UTC,2026-09-15 04:10:09.862000 UTC
HS-119170,SHP-094430,active,CBR-002767-0,CREF-075008,carrierConfirmed,sea,fcl,EU Imp,CIF,,,2,2026-10-09,,TRUE,2026-08-26 09:51:43.526000 UTC,2026-09-15 14:20:18.232000 UTC,2026-09-15 17:37:18.232000 UTC
HS-002079,SHP-020362,active,,,,sea,fcl,EU Imp,FOB,,,2,2026-09-16,,,2026-08-26 08:33:05.372000 UTC,2026-09-18 13:00:25.523000 UTC,2026-09-18 15:05:25.523000 UTC
HS-087767,SHP-105201,completed,,,,air,lcl,EU Imp,EXW,756,,,2026-09-03,,TRUE,2026-08-26 06:25:20.452000 UTC,2026-09-15 13:50:16.590000 UTC,2026-09-15 16:35:16.590000 UTC
HS-064920,SHP-024817,active,,CREF-036681,,rail,lcl,CrossT,EXW,,1.23,,2026-09-02,,TRUE,2026-08-24 06:46:25.680000 UTC,2026-09-18 08:32:20.862000 UTC,2026-09-18 12:08:20.862000 UTC
HS-095101,SHP-150586,active,,,,sea,fcl,EU Imp,FOB,,,2,2026-09-19,,,2026-08-20 12:23:34.052000 UTC,2026-09-14 14:29:33.039000 UTC,2026-09-14 17:03:33.039000 UTC
HS-124136,SHP-053005,active,,,,sea,fcl,EU Imp,FOB,,,1,2026-09-21,,,2026-08-18 07:00:49.631000 UTC,2026-09-17 18:37:53.464000 UTC,2026-09-17 19:35:53.464000 UTC
HS-202736,SHP-162542,completed,,,,sea,fcl,EU Exp,CFR,,,3,2026-08-30,,,2026-08-12 13:46:18.952000 UTC,2026-09-15 06:39:56.495000 UTC,2026-09-15 08:31:56.495000 UTC
HS-194104,SHP-201294,completed,,,,air,lcl,EU Exp,CPT,369.96,,,2026-07-31,,TRUE,2026-07-29 08:47:49.150000 UTC,2026-08-04 13:31:31.296000 UTC,2026-08-04 15:19:31.296000 UTC
HS-142527,SHP-079545,completed,,,,air,lcl,EU Imp,FOB,8765.41,,,2026-07-24,,TRUE,2026-07-23 12:35:43.984000 UTC,2026-08-26 11:59:21.015000 UTC,2026-08-26 14:32:21.015000 UTC
HS-001909,SHP-146212,completed,,,,air,lcl,EU Exp,DAP,1100,,,2026-08-07,,TRUE,2026-07-22 14:36:58.481000 UTC,2026-08-25 06:25:48.178000 UTC,2026-08-25 09:37:48.178000 UTC
HS-075928,SHP-199308,completed,,,,sea,fcl,EU Exp,CFR,,,1,2026-08-05,,,2026-07-17 15:01:03.560000 UTC,2026-08-31 11:40:34.426000 UTC,2026-08-31 11:55:34.426000 UTC
HS-075946,SHP-040637,active,BKG-014258,CREF-087037,carrierConfirmed,sea,fcl,EU Imp,FOB,,,1,2026-08-24,,TRUE,2026-07-14 14:07:46.738000 UTC,2026-09-02 12:00:34.324000 UTC,2026-09-02 13:26:34.324000 UTC
HS-044246,SHP-030252,active,,CREF-115160,,sea,lcl,EU Imp,FOB,,8.0445,,2026-07-28,,TRUE,2026-07-14 08:41:41.836000 UTC,2026-09-12 21:31:21.567000 UTC,2026-09-12 22:09:21.567000 UTC
HS-039945,SHP-011797,completed,,CREF-103021,,rail,lcl,EU Imp,FOB,,17.455,,2026-08-05,,TRUE,2026-07-07 06:53:12.682000 UTC,2026-09-08 14:04:52.948000 UTC,2026-09-08 17:32:52.948000 UTC
HS-152162,SHP-011126,completed,CBR-024055-0,CREF-076626,shipment,sea,fcl,EU Imp,CFR,,,2,2026-07-20,,TRUE,2026-06-15 17:22:23.860000 UTC,2026-07-25 10:43:09.875000 UTC,2026-07-25 12:36:09.875000 UTC
HS-181179,SHP-034021,completed,,CREF-008871,,sea,lcl,EU Imp,FOB,,1.7982,,2026-07-15,,TRUE,2026-06-10 08:18:25.201000 UTC,2026-09-01 13:06:08.845000 UTC,2026-09-01 13:14:08.845000 UTC
HS-174510,SHP-063330,completed,CBR-027243-0,CREF-151828,carrierConfirmed,sea,fcl,EU Imp,FOB,,,2,2026-06-11,,TRUE,2026-06-02 12:38:31.028000 UTC,2026-09-07 11:06:56.834000 UTC,2026-09-07 12:10:56.834000 UTC
HS-135494,SHP-000542,completed,,CREF-030095,,sea,lcl,EU Imp,FOB,,2.7763,,2026-06-17,,TRUE,2026-06-01 12:08:29.826000 UTC,2026-09-01 06:54:38.181000 UTC,2026-09-01 07:24:38.181000 UTC
HS-121433,SHP-087428,completed,,,,air,lcl,EU Imp,FOB,1524,,,2026-04-22,,TRUE,2026-04-14 11:26:07.383000 UTC,2026-08-04 08:23:16.321000 UTC,2026-08-04 09:17:16.321000 UTC
HS-061673,SHP-191149,completed,,CREF-139644,,rail,lcl,EU Imp,FOB,,5.87,,2026-04-29,,TRUE,2026-04-13 09:31:26.206000 UTC,2026-06-10 10:26:40.673000 UTC,2026-06-10 12:59:40.673000 UTC
HS-117075,SHP-221244,completed,CBR-003450-0,CREF-155874,carrierConfirmed,sea,fcl,EU Exp,CFR,,,2,2026-04-28,,TRUE,2026-04-10 11:37:46.806000 UTC,2026-06-24 09:27:53.699000 UTC,2026-06-24 12:57:53.699000 UTC
HS-078907,SHP-051343,completed,,CREF-083580,,sea,lcl,EU Imp,FOB,,0.4204,,2026-04-25,,TRUE,2026-04-07 14:43:46.574000 UTC,2026-06-23 09:06:22.530000 UTC,2026-06-23 11:25:22.530000 UTC
HS-145581,SHP-109742,completed,,CREF-031512,,sea,lcl,EU Imp,FOB,,8.9077,,2026-04-09,,TRUE,2026-03-23 10:58:17.349000 UTC,2026-07-14 06:41:11.712000 UTC,2026-07-14 06:57:11.712000 UTC
HS-038639,SHP-216263,canceled,,CREF-072171,,rail,fcl,EU Imp,FOB,,,2,2026-03-22,2026-03-05 10:36:34.089000 UTC,TRUE,2026-03-02 11:58:11.398000 UTC,2026-03-05 10:36:34.677000 UTC,2026-03-05 11:36:34.677000 UTC
HS-097667,SHP-018754,completed,,,,air,lcl,EU Imp,EXW,264,,,2026-01-26,,TRUE,2026-01-19 13:17:24.581000 UTC,2026-02-10 11:00:36.741000 UTC,2026-02-10 14:36:36.741000 UTC
HS-173741,SHP-043781,completed,,CREF-019369,,sea,fcl,EU Imp,CIF,,,2,2026-03-26,,TRUE,2026-01-16 11:36:33.257000 UTC,2026-05-06 08:53:09.543000 UTC,2026-05-06 12:03:09.543000 UTC
HS-189417,SHP-180278,completed,,CREF-043155,,sea,fcl,EU Exp,CFR,,,20,2026-02-19,,TRUE,2026-01-14 09:02:48.924000 UTC,2026-04-07 14:17:23.110000 UTC,2026-04-07 15:13:23.110000 UTC
HS-019455,SHP-213588,completed,,CREF-064453,,sea,fcl,EU Imp,CFR,,,4,2026-01-29,,TRUE,2025-12-22 12:28:51.380000 UTC,2026-03-03 10:11:58.450000 UTC,2026-03-03 13:54:58.450000 UTC
HS-167899,SHP-213354,completed,BKG-013309,CREF-119664,carrierConfirmed,sea,fcl,EU Imp,FOB,,,2,2026-01-03,,TRUE,2025-12-18 06:56:38.585000 UTC,2026-03-24 09:03:45.941000 UTC,2026-03-24 12:52:45.941000 UTC
HS-175389,SHP-053458,active,,,,sea,fcl,EU Imp,FOB,,,2,2026-10-04,,,2026-09-09 09:48:12.716000 UTC,2026-09-10 05:08:18.901000 UTC,2026-09-10 05:14:18.901000 UTC
HS-078658,SHP-213953,active,,,,sea,fcl,EU Imp,FOB,,,1,2026-09-28,,,2026-09-09 08:04:57.402000 UTC,2026-09-15 14:21:14.787000 UTC,2026-09-15 14:57:14.787000 UTC
HS-018411,SHP-014328,active,,CREF-051165,,sea,lcl,EU Imp,FOB,,0.86,,2026-09-20,,TRUE,2026-09-09 07:56:03.020000 UTC,2026-09-11 08:35:58.660000 UTC,2026-09-11 12:13:58.660000 UTC
HS-075808,SHP-148652,active,,,,sea,fcl,EU Exp,CFR,,,10,2026-09-04,,,2026-08-24 08:22:26.180000 UTC,2026-09-06 17:00:26.487000 UTC,2026-09-06 20:21:26.487000 UTC
HS-005381,SHP-138708,active,,,,sea,fcl,EU Imp,FOB,,,2,2026-09-26,,,2026-08-21 12:57:13.635000 UTC,2026-09-16 08:10:42.454000 UTC,2026-09-16 12:02:42.454000 UTC
HS-071619,SHP-146689,active,,,,sea,fcl,EU Imp,FOB,,,1,2026-09-27,,,2026-08-17 08:31:14.693000 UTC,2026-09-18 11:52:11.297000 UTC,2026-09-18 15:05:11.297000 UTC
HS-045470,SHP-007946,active,,,,sea,fcl,EU Imp,FOB,,,2,2026-08-06,,,2026-08-03 09:43:08.435000 UTC,2026-09-11 01:05:09.800000 UTC,2026-09-11 03:27:09.800000 UTC
HS-213121,SHP-021521,active,,,,sea,fcl,EU Imp,FOB,,,1,2026-08-31,,,2026-08-03 09:08:46.378000 UTC,2026-09-16 06:36:57.836000 UTC,2026-09-16 06:52:57.836000 UTC
HS-157321,SHP-120684,active,,,,sea,fcl,EU Imp,FOB,,,1,2026-08-16,,,2026-07-29 08:01:07.058000 UTC,2026-09-11 11:48:56.132000 UTC,2026-09-11 14:20:56.132000 UTC
HS-170722,SHP-198477,completed,,CREF-146310,,rail,lcl,EU Imp,FCA_T,,1.8048,,2026-07-29,,TRUE,2026-07-17 09:29:16.177000 UTC,2026-08-28 08:06:00.302000 UTC,2026-08-28 09:07:00.302000 UTC
HS-074250,SHP-185675,active,,CREF-131498,,sea,lcl,EU Imp,FOB,,3.9997,,2026-08-02,,TRUE,2026-07-13 08:48:41.481000 UTC,2026-09-15 09:31:38.146000 UTC,2026-09-15 11:04:38.146000 UTC
HS-161107,SHP-034774,active,BKG-001649,CREF-109441,carrierConfirmed,sea,fcl,EU Imp,FOB,,,1,2026-07-23,,TRUE,2026-07-09 06:50:47.449000 UTC,2026-09-18 00:32:27.628000 UTC,2026-09-18 01:40:27.628000 UTC
HS-033988,SHP-197260,active,,,,sea,fcl,EU Imp,FOB,,,1,2026-09-10,,,2026-07-07 13:15:05.512000 UTC,2026-09-17 01:07:56.576000 UTC,2026-09-17 01:19:56.576000 UTC
HS-104279,SHP-080695,canceled,,,,sea,fcl,EU Exp,FCA_LW,,,8,2026-07-07,2026-07-03 12:04:04.545000 UTC,TRUE,2026-06-29 08:08:08.088000 UTC,2026-07-03 12:04:06.283000 UTC,2026-07-03 14:23:06.283000 UTC
HS-154637,SHP-099833,completed,,,,sea,fcl,EU Exp,CFR,,,2,2026-06-30,,,2026-06-17 11:23:41.927000 UTC,2026-08-24 05:45:46.925000 UTC,2026-08-24 08:49:46.925000 UTC
HS-093181,SHP-134256,completed,,,,rail,fcl,EU Imp,CFR,,,2,2026-06-26,,TRUE,2026-06-16 13:09:58.985000 UTC,2026-08-24 14:01:10.004000 UTC,2026-08-24 14:47:10.004000 UTC
HS-069489,SHP-217436,completed,,,,sea,fcl,EU Imp,FOB,,,2,2026-06-22,,,2026-05-21 13:57:10.342000 UTC,2026-08-12 08:44:06.695000 UTC,2026-08-12 10:44:06.695000 UTC
HS-080192,SHP-078366,canceled,CBR-014336-0,CREF-087547,shipment,sea,fcl,EU Imp,CIF,,,2,2026-06-28,2026-05-20 11:33:03.002000 UTC,TRUE,2026-05-20 11:29:37.853000 UTC,2026-05-20 11:33:07.531000 UTC,2026-05-20 14:50:07.531000 UTC
HS-103283,SHP-137736,completed,,,,air,lcl,EU Exp,CPT,1000,,,2026-05-09,,TRUE,2026-05-06 10:32:03.267000 UTC,2026-06-18 14:59:42.211000 UTC,2026-06-18 17:16:42.211000 UTC
HS-171941,SHP-064230,completed,,CREF-138252,,rail,lcl,EU Imp,EXW,,21.9299,,2026-05-13,,TRUE,2026-04-22 12:40:48.171000 UTC,2026-06-18 07:35:38.484000 UTC,2026-06-18 08:19:38.484000 UTC
HS-144987,SHP-137511,canceled,,,,air,lcl,EU Imp,EXW,1120.4,,,2026-04-25,2026-04-22 10:57:02.363000 UTC,TRUE,2026-04-21 13:27:34.194000 UTC,2026-04-22 10:57:02.920000 UTC,2026-04-22 12:28:02.920000 UTC
HS-000120,SHP-071548,completed,,CREF-031511,,sea,lcl,EU Imp,FOB,,10.9961,,2026-04-24,,TRUE,2026-04-10 07:04:57.275000 UTC,2026-08-27 15:45:02.565000 UTC,2026-08-27 19:34:02.565000 UTC
HS-067460,SHP-091512,completed,,CREF-110049,,sea,lcl,EU Imp,FOB,,6.688,,2026-04-06,,TRUE,2026-03-17 10:21:03.616000 UTC,2026-07-23 13:26:10.965000 UTC,2026-07-23 15:38:10.965000 UTC
HS-175560,SHP-118365,canceled,,CREF-038676,,rail,lcl,EU Imp,FOB,,2.7976,,2026-03-21,2026-03-11 10:48:16.241000 UTC,TRUE,2026-03-09 12:50:20.605000 UTC,2026-03-11 10:48:16.688000 UTC,2026-03-11 13:21:16.688000 UTC
HS-189536,SHP-102951,completed,,CREF-132742,,sea,fcl,EU Exp,FCA_T,,,2,2026-03-09,,TRUE,2026-02-03 10:09:24.216000 UTC,2026-03-30 10:55:32.030000 UTC,2026-03-30 14:43:32.030000 UTC
HS-182624,SHP-026184,completed,CBR-026550-0,CREF-054739,carrierConfirmed,sea,fcl,EU Exp,CIF,,,2,2026-02-22,,TRUE,2026-01-28 13:59:34.215000 UTC,2026-04-24 13:59:18.068000 UTC,2026-04-24 15:27:18.068000 UTC
HS-154556,SHP-050240,completed,,,,air,lcl,EU Imp,FOB,962.99,,,2026-01-23,,TRUE,2026-01-15 12:22:45.669000 UTC,2026-03-06 14:00:26.863000 UTC,2026-03-06 16:08:26.863000 UTC
HS-172766,SHP-066486,completed,,CREF-004072,,sea,lcl,EU Imp,EXW,,7.9699,,2026-02-03,,TRUE,2026-01-12 11:47:45.722000 UTC,2026-04-20 07:24:44.367000 UTC,2026-04-20 09:42:44.367000 UTC
HS-031430,SHP-081019,completed,BKG-022863,CREF-008804,carrierConfirmed,sea,fcl,EU Imp,FOB,,,2,2026-01-11,,TRUE,2025-12-29 07:29:47.152000 UTC,2026-04-07 13:21:51.457000 UTC,2026-04-07 16:27:51.457000 UTC
HS-088661,SHP-158702,active,,,,air,lcl,EU Imp,EXW,84,,,2026-09-18,,TRUE,2026-09-14 12:24:42.543000 UTC,2026-09-18 12:32:49.398000 UTC,2026-09-18 16:27:49.398000 UTC
HS-129099,SHP-028437,active,CBR-003542-0,CREF-010444,carrierConfirmed,sea,fcl,EU Exp,CFR,,,2,2026-10-03,,TRUE,2026-09-14 10:53:40.324000 UTC,2026-09-18 13:24:13.994000 UTC,2026-09-18 13:29:13.994000 UTC
HS-021413,SHP-126230,completed,,,,air,lcl,EU Imp,FOB,573,,,2026-09-07,,TRUE,2026-09-03 15:12:40.703000 UTC,2026-09-14 06:40:34.117000 UTC,2026-09-14 09:16:34.117000 UTC
HS-145426,SHP-174068,active,,,,sea,lcl,EU Imp,FOB,,3.297,,2026-10-02,,TRUE,2026-09-03 12:31:07.858000 UTC,2026-09-16 07:15:42.568000 UTC,2026-09-16 08:03:42.568000 UTC
HS-106330,SHP-067664,active,,,,air,lcl,EU Imp,FCA_T,240,,,2026-09-05,,TRUE,2026-09-03 08:50:01.268000 UTC,2026-09-08 12:23:28.408000 UTC,2026-09-08 16:03:28.408000 UTC
HS-008358,SHP-110064,active,CBR-030897-0,CREF-135983,carrierConfirmed,sea,fcl,EU Imp,FOB,,,1,2026-09-23,,TRUE,2026-09-01 07:40:00.085000 UTC,2026-09-18 05:56:27.429000 UTC,2026-09-18 08:39:27.429000 UTC
HS-080951,SHP-201025,active,,,,rail,lcl,CrossT,FOB,,18.648,,2026-09-11,,TRUE,2026-08-31 11:42:38.482000 UTC,2026-09-11 09:13:08.905000 UTC,2026-09-11 12:00:08.905000 UTC
HS-067967,SHP-166293,completed,,,,air,lcl,EU Imp,FOB,1223,,,2026-08-25,,TRUE,2026-08-24 15:03:43.562000 UTC,2026-09-03 12:59:20.837000 UTC,2026-09-03 15:41:20.837000 UTC
HS-188358,SHP-170775,active,CBR-008802-0,CREF-076110,carrierConfirmed,sea,fcl,EU Imp,FOB,,,2,2026-08-16,,TRUE,2026-08-03 10:57:01.425000 UTC,2026-09-18 01:00:10.005000 UTC,2026-09-18 03:07:10.005000 UTC
HS-076235,SHP-042796,completed,,,,air,lcl,EU Imp,CPT,1859.5,,,2026-08-03,,TRUE,2026-07-31 08:29:48.125000 UTC,2026-09-15 09:49:39.919000 UTC,2026-09-15 11:53:39.919000 UTC
HS-014350,SHP-074800,canceled,CBR-001389-0,CREF-067083,shipment,sea,fcl,EU Imp,CIF,,,2,2026-07-10,2026-07-27 13:48:53.324000 UTC,TRUE,2026-07-27 13:19:06.476000 UTC,2026-07-27 13:48:56.190000 UTC,2026-07-27 15:50:56.190000 UTC
HS-016140,SHP-219236,active,,,,sea,fcl,EU Imp,FOB,,,2,2026-08-04,,,2026-07-24 09:24:32.626000 UTC,2026-09-18 07:00:03.477000 UTC,2026-09-18 07:54:03.477000 UTC
HS-211074,SHP-034945,active,,CREF-119229,,sea,lcl,EU Imp,FOB,,9.53,,2026-07-29,,TRUE,2026-07-16 13:09:17.246000 UTC,2026-09-18 13:42:50.728000 UTC,2026-09-18 16:46:50.728000 UTC
HS-061514,SHP-116873,canceled,,,,sea,fcl,EU Imp,FOB,,,4,2026-08-15,2026-08-12 06:08:09.989000 UTC,,2026-07-16 08:41:23.205000 UTC,2026-08-12 06:08:20.370000 UTC,2026-08-12 06:27:20.370000 UTC
HS-126267,SHP-200475,active,,CREF-058684,,sea,lcl,EU Imp,FOB,,3.3997,,2026-07-20,,TRUE,2026-07-06 18:15:59.774000 UTC,2026-09-17 06:37:16.073000 UTC,2026-09-17 09:34:16.073000 UTC
HS-122549,SHP-145556,canceled,,,,sea,lcl,EU Imp,FOB,,5.376,,2026-07-11,2026-07-20 04:52:53.425000 UTC,TRUE,2026-07-01 13:31:04.657000 UTC,2026-07-20 04:52:53.840000 UTC,2026-07-20 07:52:53.840000 UTC
HS-154996,SHP-099804,active,,,,sea,fcl,EU Imp,FOB,,,1,2026-09-24,,,2026-07-01 09:24:29.282000 UTC,2026-09-17 17:19:27.252000 UTC,2026-09-17 18:26:27.252000 UTC
HS-171511,SHP-036220,completed,,,,sea,lcl,CrossT,FOB,,4.994,,2026-06-26,,TRUE,2026-06-25 07:19:02.799000 UTC,2026-07-26 09:00:19.233000 UTC,2026-07-26 12:51:19.233000 UTC
HS-053778,SHP-043250,canceled,BKG-021308,,authorized,sea,fcl,EU Imp,FCA_T,,,3,2026-07-02,2026-06-27 16:18:31.421000 UTC,FALSE,2026-06-17 11:30:32.325000 UTC,2026-06-27 16:18:36.193000 UTC,2026-06-27 17:17:36.193000 UTC
HS-071904,SHP-111519,completed,BKG-026264,CREF-124411,carrierConfirmed,sea,fcl,EU Imp,FOB,,,2,2026-07-03,,TRUE,2026-06-17 09:24:43.779000 UTC,2026-09-04 13:45:02.644000 UTC,2026-09-04 17:27:02.644000 UTC
HS-176482,SHP-104053,completed,CBR-010522-0,CREF-047981,carrierConfirmed,sea,fcl,EU Exp,CFR,,,2,2026-07-07,,TRUE,2026-06-09 13:36:59.935000 UTC,2026-08-18 12:41:45.240000 UTC,2026-08-18 14:26:45.240000 UTC
HS-151925,SHP-090546,completed,,,,sea,fcl,EU Exp,EXW,,,2,2026-06-23,,,2026-05-21 10:09:55.246000 UTC,2026-08-31 09:18:45.502000 UTC,2026-08-31 12:46:45.502000 UTC
HS-182527,SHP-159908,canceled,BKG-010959,CREF-064673,carrierConfirmed,sea,fcl,EU Imp,FOB,,,2,2026-06-08,2026-05-21 09:43:51.175000 UTC,TRUE,2026-05-12 07:57:13.799000 UTC,2026-07-14 11:45:58.555000 UTC,2026-07-14 15:03:58.555000 UTC
HS-169074,SHP-015856,active,,CREF-057508,,rail,lcl,EU Exp,EXW,,6.2168,,2026-05-14,,TRUE,2026-04-30 09:20:30.970000 UTC,2026-06-08 19:15:15.993000 UTC,2026-06-08 22:02:15.993000 UTC
HS-027706,SHP-182637,completed,,,,air,lcl,EU Exp,CPT,1888.76,,,2026-04-25,,TRUE,2026-04-23 07:56:57.073000 UTC,2026-05-19 09:17:32.305000 UTC,2026-05-19 12:46:32.305000 UTC
HS-004364,SHP-205938,canceled,,CREF-157631,,rail,fcl,EU Imp,FOB,,,2,2026-05-14,2026-05-25 05:58:55.347000 UTC,TRUE,2026-04-22 14:05:11.592000 UTC,2026-05-25 05:58:56.763000 UTC,2026-05-25 07:20:56.763000 UTC
HS-027000,SHP-026502,completed,,,,air,lcl,EU Imp,EXW,1328.61,,,2026-04-21,,TRUE,2026-04-17 07:34:18.995000 UTC,2026-06-03 07:17:14.523000 UTC,2026-06-03 11:04:14.523000 UTC
HS-168130,SHP-120734,completed,,CREF-050745,,sea,fcl,EU Exp,FCA_LW,,,8,2026-08-12,,TRUE,2026-04-15 15:54:05.805000 UTC,2026-09-15 08:29:11.366000 UTC,2026-09-15 11:07:11.366000 UTC
HS-180570,SHP-041666,completed,CBR-005768-0,CREF-115447,carrierConfirmed,sea,fcl,EU Exp,CFR,,,2,2026-04-22,,TRUE,2026-03-26 14:45:03.616000 UTC,2026-06-19 11:31:08.666000 UTC,2026-06-19 14:38:08.666000 UTC
HS-121883,SHP-224284,canceled,,,,sea,fcl,EU Exp,CFR,,,2,2026-02-24,2026-02-10 10:35:32.452000 UTC,TRUE,2026-02-03 07:51:07.477000 UTC,2026-02-10 10:35:33.069000 UTC,2026-02-10 14:00:33.069000 UTC
HS-004360,SHP-086188,completed,,CREF-058459,,sea,fcl,EU Exp,CFR,,,2,2026-03-11,,TRUE,2026-01-29 10:05:28.751000 UTC,2026-03-30 13:26:29.430000 UTC,2026-03-30 17:25:29.430000 UTC
HS-046671,SHP-189401,completed,,CREF-017703,,sea,lcl,EU Imp,FOB,,14.0602,,2026-02-16,,TRUE,2026-01-29 08:20:11.858000 UTC,2026-05-13 08:44:57.446000 UTC,2026-05-13 10:14:57.446000 UTC
HS-024970,SHP-203937,canceled,,,,sea,lcl,EU Imp,FOB,,2.394,,2026-02-25,2026-02-26 07:53:08.145000 UTC,TRUE,2026-01-20 14:12:59.607000 UTC,2026-02-26 07:53:08.655000 UTC,2026-02-26 11:16:08.655000 UTC
HS-206225,SHP-058889,completed,,,,air,lcl,EU Imp,EXW,91,,,2026-01-27,,TRUE,2026-01-19 11:39:48.526000 UTC,2026-03-03 09:01:58.823000 UTC,2026-03-03 12:44:58.823000 UTC
HS-117529,SHP-016211,completed,,CREF-027613,,sea,lcl,EU Imp,FOB,,12.4798,,2026-01-23,,TRUE,2026-01-01 10:24:50.338000 UTC,2026-04-02 07:59:58.066000 UTC,2026-04-02 11:00:58.066000 UTC
HS-043292,SHP-100971,completed,,CREF-149853,,sea,lcl,EU Imp,FOB,,18.6,,2026-01-05,,TRUE,2025-12-05 12:38:51.111000 UTC,2026-03-09 08:35:23.946000 UTC,2026-03-09 10:41:23.946000 UTC
HS-199566,SHP-165194,active,,,,sea,fcl,EU Imp,FOB,,,2,2026-09-21,,,2026-09-10 19:37:52.047000 UTC,2026-09-17 19:06:20.715000 UTC,2026-09-17 20:30:20.715000 UTC
HS-103538,SHP-017814,active,,,,sea,fcl,EU Imp,FOB,,,6,2026-10-15,,,2026-09-03 07:18:47.490000 UTC,2026-09-15 08:28:08.315000 UTC,2026-09-15 09:55:08.315000 UTC
HS-102764,SHP-029995,active,,CREF-131899,,sea,lcl,EU Imp,FOB,,1.152,,2026-09-06,,TRUE,2026-08-18 07:03:04.730000 UTC,2026-09-14 08:22:09.183000 UTC,2026-09-14 09:09:09.183000 UTC
HS-109987,SHP-132535,active,,CREF-051289,,sea,lcl,EU Imp,FOB,,25.15,,2026-09-15,,TRUE,2026-08-13 12:29:06.655000 UTC,2026-09-17 07:59:17.050000 UTC,2026-09-17 09:24:17.050000 UTC
HS-166277,SHP-071124,active,,,,sea,fcl,EU Imp,FOB,,,2,2026-08-30,,,2026-07-29 12:30:31.538000 UTC,2026-09-18 05:04:08.693000 UTC,2026-09-18 06:09:08.693000 UTC
HS-114342,SHP-099511,completed,,,,sea,fcl,EU Exp,CFR,,,4,2026-08-11,,,2026-07-27 06:48:38.499000 UTC,2026-08-31 07:48:43.064000 UTC,2026-08-31 10:04:43.064000 UTC
HS-033884,SHP-127262,active,,,,sea,fcl,EU Imp,FOB,,,2,2026-08-31,,,2026-07-17 08:18:14.089000 UTC,2026-09-04 17:00:13.366000 UTC,2026-09-04 19:33:13.366000 UTC
HS-050148,SHP-093850,completed,,,,rail,fcl,EU Imp,CFR,,,2,2026-07-16,,TRUE,2026-07-16 05:46:09.704000 UTC,2026-08-28 05:33:16.536000 UTC,2026-08-28 07:40:16.536000 UTC
HS-129048,SHP-045929,active,,CREF-051628,,sea,lcl,EU Imp,EXW,,5.45,,2026-07-12,,TRUE,2026-07-03 07:51:55.030000 UTC,2026-09-07 08:00:00.679000 UTC,2026-09-07 10:43:00.679000 UTC
HS-038354,SHP-098139,active,,CREF-053222,,sea,lcl,EU Imp,EXW,,1.6992,,2026-07-29,,TRUE,2026-07-02 12:38:49.162000 UTC,2026-09-12 21:31:08.763000 UTC,2026-09-12 23:14:08.763000 UTC
HS-174641,SHP-202012,completed,,CREF-033552,,rail,lcl,EU Imp,FOB,,1.6002,,2026-07-08,,TRUE,2026-06-23 23:23:44.469000 UTC,2026-08-17 13:42:02.941000 UTC,2026-08-17 14:48:02.941000 UTC
HS-013921,SHP-002966,completed,,,,air,lcl,EU Exp,DAP,3425,,,2026-07-03,,TRUE,2026-06-22 08:46:29.107000 UTC,2026-08-17 06:50:50.207000 UTC,2026-08-17 08:00:50.207000 UTC
HS-224205,SHP-192362,completed,,,,sea,fcl,EU Exp,CFR,,,12,2026-06-14,,,2026-06-05 13:45:36.916000 UTC,2026-08-24 09:13:52.643000 UTC,2026-08-24 10:24:52.643000 UTC
HS-158713,SHP-104459,completed,,CREF-046518,,sea,lcl,EU Imp,FOB,,3.5523,,2026-06-15,,TRUE,2026-06-01 13:50:10.213000 UTC,2026-09-02 10:11:11.850000 UTC,2026-09-02 10:23:11.850000 UTC
HS-155035,SHP-102685,canceled,,,,sea,lcl,EU Imp,FOB,,18.816,,2026-06-15,2026-06-01 09:03:52.847000 UTC,TRUE,2026-05-22 08:49:40.151000 UTC,2026-06-01 09:03:53.363000 UTC,2026-06-01 10:48:53.363000 UTC
HS-167101,SHP-095764,completed,,CREF-064019,,sea,lcl,EU Imp,FOB,,11.1936,,2026-05-23,,TRUE,2026-05-05 09:49:05.711000 UTC,2026-08-05 05:32:10.029000 UTC,2026-08-05 06:54:10.029000 UTC
HS-028110,SHP-098454,completed,,,,rail,fcl,EU Imp,CFR,,,2,2026-02-23,,TRUE,2026-03-24 12:20:18.699000 UTC,2026-04-07 06:36:05.870000 UTC,2026-04-07 08:18:05.870000 UTC
HS-203419,SHP-022357,completed,,CREF-147099,,sea,fcl,EU Exp,CPT,,,1,2026-03-31,,TRUE,2026-03-06 07:52:58.426000 UTC,2026-05-26 13:16:26.362000 UTC,2026-05-26 16:41:26.362000 UTC
HS-129091,SHP-198303,completed,,,,air,lcl,EU Exp,CPT,55,,,2026-03-06,,TRUE,2026-02-25 07:34:15.572000 UTC,2026-03-30 13:07:10.479000 UTC,2026-03-30 15:40:10.479000 UTC
HS-195027,SHP-219672,canceled,,CREF-150353,,sea,fcl,EU Imp,CFR,,,2,2026-03-12,2026-02-12 09:04:22.856000 UTC,TRUE,2026-02-09 13:54:56.289000 UTC,2026-02-12 09:04:23.513000 UTC,2026-02-12 10:44:23.513000 UTC
HS-064852,SHP-203743,completed,,CREF-106238,,sea,lcl,EU Imp,FOB,,0.3504,,2026-03-02,,TRUE,2026-02-03 08:21:33.722000 UTC,2026-05-08 11:57:14.709000 UTC,2026-05-08 14:10:14.709000 UTC
HS-170527,SHP-096105,completed,,CREF-027613,,sea,lcl,EU Imp,FOB,,18.6745,,2026-02-27,,TRUE,2026-01-23 15:34:59.037000 UTC,2026-06-02 16:33:26.602000 UTC,2026-06-02 19:01:26.602000 UTC
HS-208890,SHP-036924,completed,,CREF-035451,,sea,fcl,EU Imp,CFR,,,1,2026-01-13,,TRUE,2026-01-12 11:21:32.809000 UTC,2026-01-22 15:07:17.979000 UTC,2026-01-22 15:21:17.979000 UTC
HS-066283,SHP-215736,completed,,CREF-074383,,sea,lcl,EU Imp,FOB,,5.0001,,2026-02-14,,TRUE,2026-01-12 11:18:56.740000 UTC,2026-04-21 11:58:42.099000 UTC,2026-04-21 13:24:42.099000 UTC
HS-109239,SHP-050423,completed,,,,air,lcl,EU Imp,FOB,20,,,2026-01-11,,TRUE,2026-01-08 09:21:32.289000 UTC,2026-06-17 12:40:16.076000 UTC,2026-06-17 14:33:16.076000 UTC
HS-034808,SHP-142692,completed,,CREF-013420,,sea,fcl,EU Exp,FCA_T,,,20,2026-02-18,,TRUE,2025-12-18 13:36:51.340000 UTC,2026-04-07 14:17:08.699000 UTC,2026-04-07 17:28:08.699000 UTC
HS-147034,SHP-208802,completed,,CREF-144237,,sea,lcl,EU Imp,FOB,,1.1004,,2026-01-07,,TRUE,2025-12-11 10:05:06.909000 UTC,2026-03-04 11:14:57.623000 UTC,2026-03-04 13:34:57.623000 UTC
HS-128174,SHP-013939,active,,CREF-048423,,sea,lcl,EU Imp,FOB,,0.7656,,2026-10-04,,TRUE,2026-09-15 13:22:42.059000 UTC,2026-09-17 11:48:39.588000 UTC,2026-09-17 13:27:39.588000 UTC
HS-051605,SHP-097322,active,,,,air,lcl,EU Exp,CPT,2913.95,,,2026-09-18,,TRUE,2026-09-14 09:51:03.162000 UTC,2026-09-16 06:43:57.299000 UTC,2026-09-16 10:28:57.299000 UTC
HS-196427,SHP-054965,active,CBR-022113-0,,shipment,sea,fcl,EU Exp,EXW,,,4,2026-10-19,,FALSE,2026-09-11 13:02:29.968000 UTC,2026-09-18 12:16:33.577000 UTC,2026-09-18 13:28:33.577000 UTC
HS-091685,SHP-047490,active,BKG-003282,CREF-067550,carrierConfirmed,sea,fcl,EU Imp,EXW,,,2,2026-09-18,,TRUE,2026-08-31 07:42:11.658000 UTC,2026-09-17 18:46:08.579000 UTC,2026-09-17 20:22:08.579000 UTC
HS-108096,SHP-134175,active,,,,rail,fcl,EU Imp,CFR,,,2,2026-09-04,,TRUE,2026-08-27 07:44:57.075000 UTC,2026-09-18 09:21:27.650000 UTC,2026-09-18 11:29:27.650000 UTC
HS-086341,SHP-135507,active,,,,sea,fcl,EU Imp,FOB,,,2,2026-09-20,,,2026-08-25 08:03:13.350000 UTC,2026-09-18 11:54:26.263000 UTC,2026-09-18 13:59:26.263000 UTC
HS-002012,SHP-054891,active,,,,sea,fcl,EU Imp,FOB,,,2,2026-09-22,,,2026-08-25 07:07:27.255000 UTC,2026-09-10 05:12:46.587000 UTC,2026-09-10 07:10:46.587000 UTC
HS-198379,SHP-157401,active,,,,sea,fcl,EU Imp,FOB,,,2,2026-09-09,,,2026-08-21 09:15:22.619000 UTC,2026-09-11 07:31:42.435000 UTC,2026-09-11 08:50:42.435000 UTC
HS-095876,SHP-093808,active,,,,sea,fcl,EU Imp,FOB,,,3,2026-09-07,,,2026-08-14 07:33:30.654000 UTC,2026-09-18 11:00:16.674000 UTC,2026-09-18 12:59:16.674000 UTC
HS-083077,SHP-065663,completed,,,,air,lcl,EU Imp,EXW,71,,,2026-08-16,,TRUE,2026-08-11 13:47:04.587000 UTC,2026-08-28 08:49:03.623000 UTC,2026-08-28 11:05:03.623000 UTC
HS-159357,SHP-051307,completed,,,,air,lcl,EU Imp,CPT,1428,,,2026-08-12,,TRUE,2026-08-10 16:07:18.250000 UTC,2026-08-28 08:58:08.671000 UTC,2026-08-28 12:42:08.671000 UTC
HS-097251,SHP-188571,active,,,,sea,fcl,EU Imp,FOB,,,4,2026-08-31,,,2026-07-22 10:06:40.160000 UTC,2026-09-12 15:00:28.061000 UTC,2026-09-12 16:38:28.061000 UTC
HS-054938,SHP-056465,active,,,,sea,fcl,EU Imp,FOB,,,4,2026-08-20,,,2026-07-21 08:47:10.233000 UTC,2026-09-18 12:26:07.926000 UTC,2026-09-18 15:01:07.926000 UTC
HS-176981,SHP-041887,active,,CREF-055570,,sea,lcl,EU Imp,FOB,,2.3805,,2026-08-14,,TRUE,2026-07-17 10:15:49.616000 UTC,2026-09-15 09:55:35.344000 UTC,2026-09-15 12:30:35.344000 UTC
HS-116445,SHP-105768,active,BKG-006242,CREF-107479,carrierConfirmed,sea,fcl,EU Imp,FOB,,,2,2026-08-03,,TRUE,2026-07-08 11:14:52.134000 UTC,2026-09-18 12:16:48.128000 UTC,2026-09-18 13:29:48.128000 UTC
HS-106057,SHP-199425,completed,,,,rail,fcl,EU Imp,EXW,,,2,2026-07-02,,TRUE,2026-06-16 08:31:17.003000 UTC,2026-09-10 14:29:07.895000 UTC,2026-09-10 16:58:07.895000 UTC
HS-153302,SHP-197257,completed,,,,air,lcl,EU Imp,EXW,860,,,2026-06-18,,TRUE,2026-06-11 07:16:04.691000 UTC,2026-07-08 12:08:20.616000 UTC,2026-07-08 13:56:20.616000 UTC
HS-104238,SHP-056219,completed,,,,air,lcl,EU Imp,EXW,2071,,,2026-05-29,,TRUE,2026-05-22 07:21:03.358000 UTC,2026-06-02 12:30:09.872000 UTC,2026-06-02 14:17:09.872000 UTC
HS-133112,SHP-060662,completed,,,,air,lcl,EU Imp,FOB,278,,,2026-03-22,,TRUE,2026-03-13 12:09:08.654000 UTC,2026-05-21 10:39:54.103000 UTC,2026-05-21 14:31:54.103000 UTC
HS-033736,SHP-148282,completed,,,,air,lcl,EU Imp,EXW,28,,,2026-03-17,,TRUE,2026-03-12 08:22:35.648000 UTC,2026-03-30 13:15:31.325000 UTC,2026-03-30 16:15:31.325000 UTC
HS-022868,SHP-013304,completed,,CREF-069167,,sea,lcl,EU Imp,FOB,,11.2411,,2026-03-06,,TRUE,2026-02-16 09:01:42.984000 UTC,2026-06-02 16:47:43.130000 UTC,2026-06-02 17:29:43.130000 UTC
HS-208248,SHP-042234,completed,,,,air,lcl,EU Imp,EXW,1266.47,,,2026-02-13,,TRUE,2026-02-09 11:06:23.603000 UTC,2026-03-03 09:32:30.951000 UTC,2026-03-03 09:50:30.951000 UTC
HS-020983,SHP-124292,completed,,CREF-019779,,rail,lcl,EU Imp,FOB,,4.5716,,2026-02-11,,TRUE,2026-01-27 12:47:23.767000 UTC,2026-04-24 13:13:52.246000 UTC,2026-04-24 15:16:52.246000 UTC
HS-214943,SHP-034167,completed,,,,air,lcl,EU Imp,EXW,70,,,2026-01-27,,TRUE,2026-01-14 10:57:26.433000 UTC,2026-02-26 09:04:14.828000 UTC,2026-02-26 09:16:14.828000 UTC
HS-085922,SHP-163824,completed,,CREF-105985,,sea,lcl,EU Imp,FOB,,2.8598,,2026-01-24,,TRUE,2026-01-05 16:00:37.207000 UTC,2026-04-02 13:59:55.334000 UTC,2026-04-02 17:20:55.334000 UTC
HS-169120,SHP-186165,completed,,CREF-110837,,sea,fcl,EU Exp,CPT,,,2,2026-01-24,,TRUE,2025-12-23 14:28:35.930000 UTC,2026-03-16 17:04:22.227000 UTC,2026-03-16 20:09:22.227000 UTC
HS-023902,SHP-015345,completed,,,,rail,fcl,EU Imp,EXW,,,2,2026-01-11,,TRUE,2025-12-01 16:37:15.141000 UTC,2026-02-12 08:18:34.165000 UTC,2026-02-12 11:54:34.165000 UTC
HS-036423,SHP-176209,active,,,,sea,fcl,EU Exp,CPT,,,1,2026-09-29,,,2026-09-04 10:20:00.573000 UTC,2026-09-14 14:41:29.786000 UTC,2026-09-14 17:50:29.786000 UTC
HS-131057,SHP-220230,active,,,,sea,fcl,EU Exp,CPT,,,2,2026-10-08,,,2026-09-02 10:09:02.068000 UTC,2026-09-16 06:29:14.548000 UTC,2026-09-16 09:26:14.548000 UTC
HS-016341,SHP-025609,active,,,,rail,fcl,EU Imp,CFR,,,2,2026-08-08,,TRUE,2026-08-25 06:55:06.221000 UTC,2026-09-08 11:25:42.072000 UTC,2026-09-08 13:10:42.072000 UTC
HS-002898,SHP-150152,active,,,,sea,fcl,EU Exp,CFR,,,6,2026-09-12,,,2026-08-20 06:51:23.748000 UTC,2026-09-14 18:44:41.649000 UTC,2026-09-14 19:29:41.649000 UTC
HS-173247,SHP-045264,canceled,,CREF-026882,,rail,lcl,EU Imp,EXW,,3.1185,,2026-09-03,2026-08-26 11:45:42.353000 UTC,TRUE,2026-08-18 14:05:32.702000 UTC,2026-08-26 11:45:42.806000 UTC,2026-08-26 14:41:42.806000 UTC
HS-143161,SHP-040046,active,,,,sea,fcl,EU Imp,FOB,,,2,2026-08-28,,,2026-08-18 06:59:29.726000 UTC,2026-09-17 20:00:32.784000 UTC,2026-09-17 21:58:32.784000 UTC
HS-141550,SHP-016989,active,BKG-012852,CREF-074059,carrierConfirmed,sea,fcl,EU Imp,FOB,,,2,2026-08-27,,TRUE,2026-08-10 11:45:53.436000 UTC,2026-09-18 06:00:07.843000 UTC,2026-09-18 09:50:07.843000 UTC
HS-157539,SHP-004277,active,,,,sea,fcl,EU Imp,FOB,,,2,2026-09-21,,,2026-08-07 05:28:31.280000 UTC,2026-09-17 20:08:32.236000 UTC,2026-09-17 23:24:32.236000 UTC
HS-027365,SHP-038012,active,,,,sea,fcl,EU Exp,EXW,,,2,2026-09-01,,,2026-08-05 08:26:13.017000 UTC,2026-09-15 08:10:45.026000 UTC,2026-09-15 11:39:45.026000 UTC
HS-134187,SHP-069166,active,,,,sea,fcl,EU Imp,FOB,,,2,2026-09-03,,,2026-07-23 10:02:32.134000 UTC,2026-09-17 19:00:37.702000 UTC,2026-09-17 21:19:37.702000 UTC
HS-087367,SHP-091981,canceled,BKG-030214,CREF-024573,carrierConfirmed,sea,fcl,EU Imp,FOB,,,2,2026-08-04,2026-07-21 07:22:51.825000 UTC,TRUE,2026-07-15 09:48:32.734000 UTC,2026-07-21 07:22:56.597000 UTC,2026-07-21 10:47:56.597000 UTC
HS-178626,SHP-129829,active,BKG-025971,CREF-075548,carrierConfirmed,sea,fcl,EU Imp,FOB,,,2,2026-07-30,,TRUE,2026-06-23 23:59:48.797000 UTC,2026-09-18 08:04:16.395000 UTC,2026-09-18 10:23:16.395000 UTC
HS-010489,SHP-166670,completed,BKG-016090,CREF-141063,carrierConfirmed,sea,fcl,EU Imp,FOB,,,2,2026-07-24,,TRUE,2026-06-23 07:34:08.526000 UTC,2026-09-16 11:55:39.950000 UTC,2026-09-16 13:58:39.950000 UTC
HS-124294,SHP-134998,completed,,,,sea,fcl,EU Exp,CFR,,,4,2026-06-23,,,2026-06-05 10:06:39.102000 UTC,2026-08-10 08:37:07.762000 UTC,2026-08-10 08:59:07.762000 UTC
HS-070415,SHP-137464,completed,,CREF-062099,,rail,lcl,EU Imp,FCA_T,,1.0003,,2026-06-10,,TRUE,2026-05-27 14:47:56.335000 UTC,2026-07-24 10:14:18.143000 UTC,2026-07-24 13:19:18.143000 UTC
HS-025416,SHP-184362,completed,,CREF-148809,,sea,lcl,EU Imp,FOB,,1.9705,,2026-05-30,,TRUE,2026-05-12 11:55:20.029000 UTC,2026-07-22 13:00:51.486000 UTC,2026-07-22 15:44:51.486000 UTC
HS-079996,SHP-218227,completed,,CREF-087867,,sea,lcl,EU Imp,FOB,,10.488,,2026-04-24,,TRUE,2026-04-15 10:13:20.312000 UTC,2026-07-22 16:33:08.780000 UTC,2026-07-22 17:30:08.780000 UTC
HS-151973,SHP-173269,completed,BKG-001243,CREF-084325,carrierConfirmed,sea,fcl,EU Imp,EXW,,,2,2026-04-20,,TRUE,2026-03-31 08:55:06.316000 UTC,2026-06-29 18:12:37.208000 UTC,2026-06-29 21:25:37.208000 UTC
HS-170389,SHP-053654,completed,,CREF-103317,,rail,lcl,EU Imp,FOB,,7.35,,2026-04-04,,TRUE,2026-03-27 12:42:52.750000 UTC,2026-05-20 10:35:18.754000 UTC,2026-05-20 11:54:18.754000 UTC
HS-011819,SHP-041357,completed,BKG-010038,CREF-061870,carrierConfirmed,sea,fcl,EU Imp,FOB,,,2,2026-04-11,,TRUE,2026-03-19 15:25:09.948000 UTC,2026-05-29 09:01:43.218000 UTC,2026-05-29 11:24:43.218000 UTC
HS-130504,SHP-038490,completed,,CREF-006673,,rail,lcl,CrossT,EXW,,2.164,,2026-03-18,,TRUE,2026-03-03 09:45:28.085000 UTC,2026-04-28 11:07:58.575000 UTC,2026-04-28 13:39:58.575000 UTC
HS-153334,SHP-145853,completed,,CREF-102095,,rail,fcl,EU Imp,FOB,,,2,2026-03-10,,TRUE,2026-02-27 09:34:31.975000 UTC,2026-05-05 20:28:54.202000 UTC,2026-05-05 21:02:54.202000 UTC
HS-111240,SHP-046127,completed,,CREF-053876,,sea,lcl,EU Imp,EXW,,1.5676,,2026-02-23,,TRUE,2026-01-26 10:36:52.452000 UTC,2026-05-17 10:45:39.205000 UTC,2026-05-17 12:42:39.205000 UTC
HS-080296,SHP-033838,completed,,CREF-076769,,sea,lcl,EU Imp,FOB,,4.8532,,2026-02-10,,TRUE,2026-01-20 14:11:34.152000 UTC,2026-04-08 07:16:15.448000 UTC,2026-04-08 10:15:15.448000 UTC
HS-177941,SHP-045717,completed,CBR-031312-0,CREF-014540,shipment,sea,fcl,EU Exp,CFR,,,8,2026-02-21,,TRUE,2026-01-15 07:37:59.796000 UTC,2026-03-18 07:02:59.522000 UTC,2026-03-18 08:29:59.522000 UTC
HS-039627,SHP-140358,completed,,CREF-020287,,rail,lcl,EU Imp,FOB,,8.07,,2026-03-07,,TRUE,2026-01-13 06:19:02.804000 UTC,2026-06-09 08:20:39.947000 UTC,2026-06-09 11:36:39.947000 UTC
HS-199267,SHP-025478,active,,,,sea,fcl,EU Imp,FOB,,,6,2026-09-27,,,2026-09-09 09:57:57.962000 UTC,2026-09-11 03:23:39.660000 UTC,2026-09-11 05:52:39.660000 UTC
HS-035817,SHP-149643,active,,,,sea,lcl,EU Imp,FOB,,17.8068,,2026-09-22,,TRUE,2026-09-03 08:05:18.162000 UTC,2026-09-17 07:41:57.526000 UTC,2026-09-17 10:35:57.526000 UTC
HS-103290,SHP-090831,active,,CREF-068694,,rail,lcl,EU Imp,FOB,,9.9624,,2026-09-07,,TRUE,2026-08-27 06:58:20.631000 UTC,2026-09-14 08:23:35.419000 UTC,2026-09-14 11:57:35.419000 UTC
HS-058801,SHP-073573,active,,,,sea,fcl,EU Exp,DDP,,,2,2026-09-06,,,2026-08-12 10:27:21.493000 UTC,2026-09-17 22:00:14.007000 UTC,2026-09-17 22:14:14.007000 UTC
HS-018128,SHP-098574,canceled,CBR-004246-0,,shipment,sea,fcl,EU Exp,CFR,,,6,2026-08-31,2026-08-14 13:20:13.102000 UTC,TRUE,2026-08-10 14:18:44.157000 UTC,2026-08-14 13:20:28.384000 UTC,2026-08-14 16:23:28.384000 UTC
HS-040198,SHP-203635,active,,,,sea,fcl,EU Imp,FOB,,,6,2026-09-26,,,2026-08-10 06:56:20.777000 UTC,2026-09-17 21:07:55.393000 UTC,2026-09-17 22:29:55.393000 UTC
HS-122690,SHP-185787,active,,,,sea,fcl,EU Imp,FOB,,,4,2026-09-06,,,2026-07-30 07:26:30.116000 UTC,2026-09-14 11:39:09.908000 UTC,2026-09-14 12:47:09.908000 UTC
HS-173109,SHP-002908,active,BKG-024738,CREF-146069,carrierConfirmed,sea,fcl,EU Exp,CFR,,,1,2026-07-31,,TRUE,2026-07-23 10:16:35.238000 UTC,2026-08-24 12:59:05.588000 UTC,2026-08-24 16:17:05.588000 UTC
HS-013301,SHP-060392,active,CBR-020771-0,CREF-085018,shipment,sea,fcl,EU Imp,CIF,,,2,2026-09-12,,TRUE,2026-07-13 15:52:13.375000 UTC,2026-09-17 15:53:06.173000 UTC,2026-09-17 17:15:06.173000 UTC
HS-086735,SHP-213965,completed,,,,sea,fcl,EU Exp,CFR,,,2,2026-07-19,,,2026-07-08 11:30:31.672000 UTC,2026-08-19 07:09:56.828000 UTC,2026-08-19 08:14:56.828000 UTC
HS-114349,SHP-048336,completed,,CREF-114930,,rail,lcl,EU Imp,EXW,,2.7104,,2026-07-24,,TRUE,2026-07-01 19:12:05.801000 UTC,2026-08-20 09:40:48.558000 UTC,2026-08-20 12:02:48.558000 UTC
HS-079128,SHP-177234,completed,,,,sea,fcl,EU Exp,CPT,,,2,2026-07-18,,,2026-06-29 08:52:45.577000 UTC,2026-08-05 18:18:21.733000 UTC,2026-08-05 18:36:21.733000 UTC
HS-223744,SHP-066138,completed,,CREF-108132,,sea,fcl,EU Exp,CFR,,,2,2026-07-21,,TRUE,2026-06-11 07:38:10.352000 UTC,2026-08-06 21:32:27.865000 UTC,2026-08-07 00:01:27.865000 UTC
HS-061534,SHP-211361,canceled,CBR-024736-0,,shipment,sea,fcl,EU Imp,FOB,,,6,2026-07-17,2026-06-22 08:44:36.276000 UTC,FALSE,2026-06-10 03:44:20.137000 UTC,2026-06-22 08:44:47.165000 UTC,2026-06-22 09:36:47.165000 UTC
HS-167224,SHP-032325,completed,CBR-008488-0,CREF-018556,carrierConfirmed,sea,fcl,EU Imp,FCA_T,,,1,2026-06-12,,TRUE,2026-06-09 09:40:16.126000 UTC,2026-08-09 09:30:51.368000 UTC,2026-08-09 10:33:51.368000 UTC
HS-054648,SHP-075302,completed,,,,sea,fcl,EU Exp,CFR,,,2,2026-06-28,,,2026-05-29 11:08:45.100000 UTC,2026-08-10 12:14:18.697000 UTC,2026-08-10 15:58:18.697000 UTC
HS-161705,SHP-150473,completed,,,,rail,fcl,EU Imp,CFR,,,2,2026-05-15,,TRUE,2026-05-28 08:25:19.894000 UTC,2026-07-02 07:26:03.918000 UTC,2026-07-02 08:51:03.918000 UTC
HS-180337,SHP-024948,completed,,,,sea,fcl,EU Exp,CFR,,,4,2026-06-14,,,2026-05-27 08:56:36.501000 UTC,2026-08-10 11:41:19.614000 UTC,2026-08-10 15:10:19.614000 UTC
HS-220378,SHP-156622,active,,,,sea,fcl,EU Exp,CFR,,,1,2026-06-18,,,2026-05-25 08:10:41.347000 UTC,2026-09-12 05:00:09.988000 UTC,2026-09-12 08:03:09.988000 UTC
HS-078671,SHP-011238,completed,,,,air,lcl,EU Imp,FOB,1825,,,2026-06-02,,TRUE,2026-05-21 09:13:26.478000 UTC,2026-08-31 08:25:55.467000 UTC,2026-08-31 10:25:55.467000 UTC
HS-155341,SHP-193280,completed,,CREF-122961,,sea,lcl,EU Imp,FOB,,8.0409,,2026-06-08,,TRUE,2026-05-19 11:09:44.754000 UTC,2026-09-17 14:41:13.640000 UTC,2026-09-17 15:15:13.640000 UTC
HS-027398,SHP-048325,completed,,CREF-147355,,rail,lcl,EU Imp,DDP,,4.04,,2026-05-29,,TRUE,2026-05-18 10:01:10.624000 UTC,2026-06-23 08:39:20.637000 UTC,2026-06-23 09:23:20.637000 UTC
HS-160995,SHP-122429,completed,,,,air,lcl,EU Imp,EXW,1883,,,2026-05-12,,TRUE,2026-05-04 06:30:28.161000 UTC,2026-06-22 09:53:03.715000 UTC,2026-06-22 11:46:03.715000 UTC
HS-095197,SHP-101542,completed,,CREF-027613,,sea,lcl,EU Imp,FOB,,15.3841,,2026-05-15,,TRUE,2026-04-27 10:40:26.345000 UTC,2026-08-04 18:49:10.665000 UTC,2026-08-04 18:58:10.665000 UTC
HS-171350,SHP-096731,completed,,CREF-158586,,rail,lcl,EU Imp,FOB,,2.85,,2026-05-02,,TRUE,2026-04-22 08:40:44.331000 UTC,2026-06-10 10:44:46.565000 UTC,2026-06-10 14:42:46.565000 UTC
HS-202818,SHP-176543,completed,BKG-026091,CREF-119449,carrierContacted,sea,fcl,EU Imp,CFR,,,1,2026-05-02,,TRUE,2026-04-15 07:50:24.740000 UTC,2026-06-12 10:23:17.328000 UTC,2026-06-12 12:40:17.328000 UTC
HS-017496,SHP-169241,completed,,,,rail,fcl,EU Imp,FOB,,,2,2026-03-10,,TRUE,2026-03-27 11:14:23.848000 UTC,2026-05-08 10:02:48.570000 UTC,2026-05-08 12:03:48.570000 UTC
HS-125750,SHP-038151,completed,,CREF-074046,,rail,lcl,EU Imp,EXW,,20.68,,2026-04-05,,TRUE,2026-03-13 10:08:12.085000 UTC,2026-07-07 14:06:27.143000 UTC,2026-07-07 15:01:27.143000 UTC
HS-114112,SHP-074005,canceled,,,,rail,fcl,EU Imp,FOB,,,2,2026-03-10,2026-03-27 11:49:43.011000 UTC,TRUE,2026-03-03 11:55:13.511000 UTC,2026-03-27 11:49:43.691000 UTC,2026-03-27 14:44:43.691000 UTC
HS-151479,SHP-028795,completed,,CREF-123630,,sea,lcl,EU Imp,FOB,,12.9,,2026-02-11,,TRUE,2026-01-23 16:44:31.226000 UTC,2026-04-17 15:42:55.920000 UTC,2026-04-17 17:58:55.920000 UTC
HS-146732,SHP-193692,completed,,CREF-133116,,sea,lcl,EU Imp,EXW,,2.19,,2026-02-16,,TRUE,2026-01-21 16:01:05.860000 UTC,2026-04-21 08:29:47.332000 UTC,2026-04-21 10:05:47.332000 UTC